squareMeters,numberOfRooms,hasYard,hasPool,floors,numPrevOwners,made,isNewBuilt,hasStormProtector,basement,garage,hasStorageRoom,price
75523,,0,1,63,8,2005,0,1,4313,956,0,"$7,559,081.50"
80771,8,1,1,98,6,2015,1,0,3653,128,1,"$8,085,989.50"
55712,10,0,1,19,8,2021,0,0,2937,135,1,"$5,574,642.10"
32316,2,0,0,6,4,2012,0,1,659,359,0,"$3,232,561.20"
70429,2,1,1,90,7,1990,1,0,8435,292,1,"$7,055,052.00"
39223,3,0,1,17,6,2012,0,1,2009,757,0,"$3,926,647.20"
58682,2,1,1,99,9,1995,1,1,5930,848,0,"$5,876,376.50"
86929,3,1,0,11,4,2003,1,0,6326,654,0,"$8,696,869.30"
51522,8,0,0,61,3,2012,1,1,632,807,1,"$5,154,055.20"
39686,2,0,0,15,8,2021,1,1,5198,591,1,"$3,970,892.10"
23563,3,0,1,90,8,1993,1,0,703,684,1,"$2,366,397.30"
96470,1,1,0,21,2,2011,1,1,5414,716,1,"$9,652,258.10"
19127,4,1,0,5,9,2008,0,0,5387,374,0,"$1,914,688.80"
13087,4,1,0,77,4,2004,1,0,1745,582,0,"$1,320,803.40"
79770,1,0,1,69,5,2018,0,1,8871,240,0,"$7,986,665.80"
75985,3,1,0,67,9,2009,1,1,4878,384,1,"$7,607,322.90"
64169,3,0,1,6,9,2011,1,1,3054,726,0,"$6,420,823.10"
39223,3,0,1,17,6,2012,0,1,2009,757,0,"$3,926,647.20"
99371,6,1,1,16,8,2013,1,1,3258,354,1,"$9,944,705.30"
25966,4,1,1,17,1,2016,0,0,8257,162,0,"$2,604,486.60"
41792,4,1,1,10,5,2017,1,1,2950,572,1,"$4,187,667.70"
28795,5,1,1,50,4,2009,1,1,9862,330,1,"$2,888,047.90"
92383,4,0,0,78,7,2000,0,0,7507,892,1,"$9,244,344.00"
33279,9,1,0,65,2,2019,1,1,2427,732,0,"$3,333,351.90"
34782,4,0,0,73,4,2020,0,1,9586,822,0,"$3,482,594.00"
13386,8,0,0,90,6,1993,0,0,2885,904,1,"$1,342,509.30"
20883,8,0,0,54,9,2018,0,0,9982,670,1,"$2,091,505.80"
95121,9,0,1,3,9,1994,0,0,615,328,0,"$9,515,440.40"
6071,9,1,0,14,6,2003,1,1,3306,295,0,"$612,471.30"
11844,8,0,0,55,5,1993,1,0,5292,395,0,"$1,189,939.30"
52078,7,1,1,73,4,2016,1,1,1864,558,0,"$5,217,708.60"
25897,10,1,0,92,4,1993,0,1,9799,116,1,"$2,598,763.30"
85443,1,1,1,54,1,2021,1,0,3056,292,1,"$8,555,234.10"
11412,5,0,0,79,5,2009,1,1,6899,695,0,"$1,145,642.90"
97550,2,1,1,98,5,2014,1,0,5391,388,0,"$9,765,099.40"
76485,4,1,0,9,9,2008,1,0,2860,982,0,"$7,653,300.80"
26169,8,0,0,62,7,1993,0,1,7918,919,1,"$2,622,399.30"
24239,5,1,0,91,7,1998,0,0,6656,698,0,"$2,427,801.80"
36239,8,0,1,24,6,1990,0,1,6679,798,1,"$3,627,708.00"
10500,10,0,1,49,1,2013,1,1,4170,422,0,"$1,057,021.30"
87060,4,0,1,91,10,2000,0,0,6629,512,0,"$8,711,426.00"
66683,5,1,1,6,2,2001,0,0,7473,237,1,"$6,677,649.10"
66569,5,1,1,56,9,2016,1,1,2020,269,1,"$6,667,802.60"
84559,4,0,1,69,7,2000,1,0,3573,918,1,"$8,460,604.00"
28749,5,0,1,53,5,1996,1,0,8113,982,1,"$2,877,997.60"
76091,9,1,0,32,8,2016,1,0,8150,930,0,"$7,614,076.60"
92696,5,1,0,38,2,2021,0,0,1559,957,1,"$9,272,740.10"
46988,7,1,1,27,10,1991,1,1,8339,874,1,"$4,707,341.10"
48062,4,0,1,4,10,2008,1,0,7908,817,1,"$4,809,993.80"
5767,5,1,1,11,3,1998,1,0,2516,307,1,"$586,742.80"
59800,1,0,1,27,9,2021,0,0,5075,864,0,"$5,984,462.10"
54836,1,0,1,53,5,2020,1,0,5278,313,1,"$5,492,532.00"
54318,4,1,1,52,2,1998,1,1,9580,227,1,"$5,444,967.80"
54318,1,1,1,52,2,1998,1,1,9580,227,1,"$5,444,967.80"
70021,6,1,0,28,6,1992,0,1,4480,680,1,"$7,005,572.20"
54368,8,1,1,20,7,2021,0,0,231,223,0,"$5,446,398.10"
31421,2,0,1,68,3,1999,1,1,8949,630,0,"$3,147,829.90"
63053,7,1,1,28,1,1997,0,1,8414,939,1,"$6,315,375.70"
4187,4,0,1,17,6,1994,1,0,186,559,1,"$421,906.40"
33108,2,0,1,83,10,2016,1,0,6250,552,1,"$3,316,069.60"
64393,3,0,0,51,1,1990,1,0,3835,559,0,"$6,441,378.00"
93876,4,0,1,70,1,1999,1,1,4086,494,1,"$9,390,891.90"
67040,9,1,1,22,8,1993,1,0,4817,927,0,"$6,714,247.30"
47938,3,0,0,68,1,2013,0,1,327,352,1,"$4,797,883.30"
39090,4,1,0,74,9,2010,0,0,3572,811,1,"$3,917,691.00"
43609,5,0,0,55,9,2005,0,1,3388,120,1,"$4,364,910.50"
41998,9,1,0,17,1,1990,1,0,6838,828,0,"$4,203,344.00"
36496,8,0,1,47,1,2017,0,1,2768,230,1,"$3,656,368.70"
84016,9,1,0,55,7,2016,1,0,3284,641,0,"$8,410,054.60"
3087,3,1,1,94,10,2005,1,1,5866,199,1,"$321,717.50"
89768,4,1,1,17,9,1993,0,1,2485,864,0,"$8,980,518.30"
30226,9,1,1,87,9,2007,0,0,515,223,0,"$3,039,243.70"
58478,9,0,1,35,10,2016,0,0,8366,979,1,"$5,853,710.60"
66621,10,0,0,89,1,1995,1,1,5024,388,1,"$6,666,403.50"
73314,9,0,1,38,1,2018,0,1,3281,968,0,"$7,336,538.80"
59972,8,0,1,18,8,2021,1,1,8384,226,1,"$6,000,826.10"
71591,5,1,0,58,4,1998,0,0,6486,366,0,"$7,165,980.80"
92462,5,1,1,46,6,2019,1,0,9584,677,0,"$9,257,840.90"
52325,10,1,1,24,5,1992,1,0,8987,808,1,"$5,238,533.20"
67311,8,0,0,10,3,1990,1,1,6928,774,1,"$6,732,249.00"
45050,1,0,1,87,8,2013,1,0,5218,144,0,"$4,508,695.30"
61534,4,1,0,97,5,2001,0,0,9265,755,1,"$6,159,875.10"
84091,3,0,1,72,5,1993,0,0,2668,766,0,"$8,414,104.30"
84091,7,0,1,72,5,1993,0,0,2668,766,0,"$8,414,104.30"
77579,5,1,1,97,1,1999,1,0,4850,144,1,"$7,767,797.90"
25204,6,1,1,37,10,2020,1,0,6560,116,0,"$2,530,488.00"
42059,7,0,1,62,3,2017,1,1,8827,860,1,"$4,212,125.70"
38430,3,0,1,51,4,2021,0,1,1214,289,0,"$3,846,214.10"
7069,7,0,0,89,2,2009,1,1,7499,493,1,"$709,107.90"
34780,10,0,1,9,5,2019,0,1,3033,800,1,"$3,480,536.90"
12757,2,1,0,7,8,2020,1,1,6795,738,0,"$1,277,834.00"
33749,8,0,1,38,7,1999,1,1,1729,616,1,"$3,380,855.90"
600,3,1,0,43,7,2011,1,0,6738,866,0,"$63,402.10"
7239,5,1,0,83,7,1994,1,0,7782,986,0,"$733,776.40"
34919,6,1,1,84,1,1997,0,0,6566,408,0,"$3,499,532.70"
25614,8,0,0,27,1,1994,1,0,700,519,1,"$2,563,970.40"
51434,4,0,0,23,2,2012,1,1,2080,753,0,"$5,146,226.20"
78960,1,0,1,76,4,2015,1,1,7126,974,1,"$7,900,996.50"
70751,2,1,1,41,9,2006,1,0,1506,794,1,"$7,084,110.60"
81870,3,0,1,100,8,2020,0,0,3632,723,1,"$8,198,185.00"
91559,10,0,1,21,2,2007,0,1,788,132,1,"$9,161,130.70"
72098,4,0,1,67,3,2014,1,0,9080,740,1,"$7,216,904.40"
23177,9,0,0,52,1,2003,0,0,2706,648,1,"$2,318,776.30"
39517,5,0,0,85,6,2019,0,1,7618,810,1,"$3,953,491.90"
55232,2,0,0,8,3,1991,0,0,1492,625,0,"$5,524,015.10"
53735,2,0,1,92,7,2006,0,0,8654,290,1,"$5,384,554.60"
67753,7,1,1,78,9,1995,1,1,7480,929,0,"$6,789,580.50"
67753,5,1,1,78,9,1995,1,1,7480,929,0,"$6,789,580.50"
1450,1,0,0,1,9,2018,1,1,1285,869,1,"$146,181.80"
82141,9,1,1,61,7,2019,1,1,8785,968,1,"$8,225,970.90"
17868,4,1,0,35,9,2013,0,0,1718,710,1,"$1,792,308.30"
71397,9,0,0,93,10,1995,1,1,3477,342,0,"$7,145,471.50"
32623,1,0,1,14,6,2003,1,0,4633,126,0,"$3,267,852.30"
23841,2,1,1,25,7,2010,1,1,7590,564,1,"$2,390,804.00"
16495,3,0,0,6,10,1991,1,1,2214,929,1,"$1,650,711.10"
39109,9,1,0,67,3,2002,1,0,1642,139,0,"$3,917,652.20"
65151,3,1,1,3,9,1991,0,0,3218,849,0,"$6,522,781.10"
61484,1,1,0,94,8,2013,1,0,5486,766,0,"$6,154,833.30"
57160,9,1,1,43,8,2002,0,0,4018,836,1,"$5,724,102.20"
13346,9,0,0,57,8,2021,1,1,2525,809,0,"$1,336,414.10"
27351,5,0,0,36,1,1997,1,1,1150,812,1,"$2,738,851.70"
18466,1,0,1,60,2,2020,0,0,2475,568,0,"$1,849,227.00"
45441,10,1,0,66,5,2004,0,1,8121,853,0,"$4,552,319.40"
55933,1,0,0,97,8,2001,1,1,7369,686,1,"$5,599,976.10"
81936,8,0,0,92,1,2011,1,0,6393,734,0,"$8,198,107.10"
18237,2,1,0,74,6,2011,0,0,7173,498,1,"$1,833,338.10"
35631,1,1,0,7,6,2018,1,1,216,775,1,"$3,568,002.80"
99683,9,1,0,77,8,2002,0,1,4034,787,1,"$9,977,000.20"
47664,1,0,0,77,3,2010,1,1,2662,417,0,"$4,770,073.00"
62887,10,0,1,7,3,1993,1,0,292,675,0,"$6,293,710.30"
18470,10,1,1,73,1,2000,1,0,4089,905,1,"$1,852,115.00"
36031,7,1,0,47,8,2001,0,1,9701,514,0,"$3,612,495.10"
22776,9,0,0,5,9,1993,0,1,2422,544,1,"$2,278,599.30"
14830,3,1,0,1,10,1992,1,0,6151,243,0,"$1,487,488.20"
43944,1,1,0,69,5,2012,0,1,7466,735,1,"$4,403,326.20"
73062,9,1,1,38,8,2016,0,0,9823,728,1,"$7,313,447.60"
84284,1,0,0,39,1,1998,0,0,4500,480,0,"$8,432,554.80"
9619,6,1,0,91,5,1991,0,1,1069,927,0,"$969,806.10"
11410,6,0,1,96,3,2019,0,1,1466,933,1,"$1,150,663.90"
29855,7,0,0,23,5,2000,0,1,3861,204,0,"$2,987,645.00"
46716,4,0,0,58,5,2008,0,1,1361,409,0,"$4,674,140.80"
77046,7,1,0,85,2,1992,0,1,8135,648,0,"$7,714,235.20"
58855,10,0,0,66,7,2004,0,1,2267,531,0,"$5,892,518.40"
69165,8,1,0,74,4,2009,1,1,1543,939,1,"$6,926,290.90"
57915,6,0,1,84,4,2007,1,1,3394,640,0,"$5,800,324.70"
66279,8,1,0,9,2,2003,0,1,5079,128,0,"$6,631,365.30"
16068,1,1,0,13,8,1991,1,1,8893,463,0,"$1,611,707.10"
74325,1,1,1,58,10,1994,0,1,4008,275,0,"$7,443,433.40"
35742,2,1,1,47,1,2014,1,1,1732,243,0,"$3,581,003.40"
9026,1,1,0,28,5,2000,1,0,779,482,0,"$904,797.00"
16899,5,0,1,14,4,2020,0,1,5710,302,1,"$1,693,690.00"
99854,1,0,0,64,8,2009,0,1,4827,918,0,"$9,989,598.90"
33743,9,1,1,29,8,2006,0,1,7330,345,0,"$3,382,812.60"
72798,5,1,1,30,3,2007,0,0,2209,637,0,"$7,290,431.70"
86492,7,0,0,86,7,1992,1,0,7843,463,0,"$8,654,049.20"
38937,5,0,1,77,6,2013,1,1,1312,794,0,"$3,901,433.30"
24762,5,0,1,62,10,1999,1,1,5264,502,1,"$2,480,900.90"
91047,6,0,0,65,2,1999,0,0,7241,757,1,"$9,109,264.90"
55527,3,0,1,44,2,2005,0,1,9385,786,1,"$5,557,814.50"
70606,8,1,1,79,3,2017,1,0,4927,197,0,"$7,070,662.70"
67327,6,0,0,87,3,1990,0,1,1097,964,0,"$6,741,466.00"
6125,9,0,1,29,2,2012,1,1,6423,846,0,"$615,143.20"
71833,6,0,1,51,5,2013,0,0,3772,580,1,"$7,185,318.30"
20811,4,1,1,71,4,1995,0,1,112,586,0,"$2,090,690.50"
7643,3,0,0,63,3,1999,1,0,2142,983,1,"$765,618.90"
16669,10,1,1,81,3,2007,0,1,6109,239,1,"$1,676,719.70"
84006,6,1,1,97,7,2000,1,0,9698,837,0,"$8,409,827.00"
34059,3,0,0,90,8,1993,0,1,4138,347,0,"$3,412,619.30"
36131,7,0,0,88,8,1991,1,0,1046,331,0,"$3,620,939.10"
8201,2,1,1,66,2,2007,0,0,4949,185,1,"$826,967.70"
38398,6,0,0,22,8,1994,1,0,1618,404,0,"$3,842,545.40"
38833,7,0,0,14,3,2014,1,1,1828,462,1,"$3,884,619.40"
41488,1,0,0,59,1,2013,0,1,2090,650,0,"$4,151,539.30"
5205,9,0,0,15,3,2005,0,0,8342,742,0,"$521,650.50"
45066,3,0,0,62,5,2013,0,0,7092,924,1,"$4,508,367.30"
63875,5,1,1,14,3,1999,1,0,4139,152,0,"$6,394,774.90"
25052,10,0,0,94,6,2020,0,1,718,703,0,"$2,515,214.00"
51457,10,0,1,32,10,2016,0,0,3016,633,1,"$5,150,600.60"
84396,9,0,0,96,7,2015,1,1,7416,593,1,"$8,449,333.50"
64920,3,0,1,63,8,2016,1,0,2287,426,1,"$6,501,809.60"
9166,7,1,0,16,1,2015,1,1,6838,842,1,"$922,847.50"
85558,4,1,0,83,9,2017,0,1,7997,374,1,"$8,568,781.70"
87267,1,1,0,81,10,2019,0,0,6899,666,1,"$8,731,940.90"
96091,8,0,1,24,3,1999,0,0,6546,373,0,"$9,615,021.90"
38003,1,1,0,6,10,2008,0,0,9981,129,0,"$3,803,545.80"
83120,4,0,1,68,6,2015,0,1,15,481,0,"$8,318,749.50"
20468,4,1,0,34,4,2003,0,1,9659,802,0,"$2,049,846.30"
75152,1,1,0,37,3,2018,1,0,4717,412,0,"$7,518,709.80"
32688,7,1,1,18,5,2013,0,1,9089,398,1,"$3,274,057.30"
45868,5,1,1,69,7,1994,1,1,7668,216,0,"$4,600,708.40"
73900,1,0,1,36,3,2018,0,0,9847,140,1,"$7,394,635.80"
16000,1,1,1,25,4,2007,0,1,7228,138,0,"$1,606,948.70"
1423,2,0,1,30,4,1993,1,1,3900,879,0,"$149,234.30"
29951,3,1,1,13,8,1995,1,1,5692,762,0,"$3,002,371.50"
40231,4,0,1,41,5,1999,0,0,5700,758,1,"$4,030,226.90"
59517,7,1,0,69,8,2003,1,0,6831,727,1,"$5,958,698.30"
98969,2,1,0,69,8,2003,0,0,3744,992,1,"$9,902,968.30"
99177,8,0,0,41,10,2021,1,1,6326,429,1,"$9,919,217.10"
89157,3,0,0,42,6,2009,0,1,3510,290,1,"$8,920,282.90"
67429,5,0,1,24,7,1991,1,0,3578,858,1,"$6,749,654.10"
38431,10,1,0,60,3,2020,1,0,4121,374,0,"$3,848,467.00"
72495,8,1,1,59,10,1994,1,0,3413,254,1,"$7,259,025.40"
85362,8,1,0,19,5,1997,0,0,7728,186,1,"$8,541,211.70"
28597,6,0,0,47,9,1990,0,0,4492,714,0,"$2,863,386.00"
13687,8,1,1,93,5,2001,1,1,4148,590,0,"$1,376,329.10"
50479,5,0,1,73,9,2020,0,0,4149,188,0,"$5,057,657.00"
98121,2,0,1,57,4,1995,0,1,6028,275,0,"$9,817,494.50"
57736,3,0,0,21,6,1999,0,1,6099,588,0,"$5,775,940.90"
30356,4,0,0,85,1,1992,0,0,7660,551,0,"$3,039,209.20"
21141,5,0,1,80,3,1998,1,1,169,697,1,"$2,126,023.80"
98122,4,0,0,7,4,2009,0,1,7125,186,1,"$9,813,433.90"
34746,2,1,0,15,5,2000,0,0,2840,377,0,"$3,478,332.00"
17297,5,1,1,19,5,2012,1,1,3216,243,1,"$1,738,971.20"
80324,10,1,1,7,2,1993,1,1,325,109,0,"$8,039,714.30"
15815,1,1,1,2,1,2019,1,0,637,552,0,"$1,585,031.90"
1066,4,1,1,46,9,2017,0,1,2723,524,1,"$114,605.70"
79275,10,0,1,67,9,1995,0,1,3689,132,1,"$7,930,383.50"
20658,6,1,1,48,10,1997,0,0,8080,341,1,"$2,076,936.70"
8687,1,0,1,64,6,1993,1,1,7414,710,1,"$877,525.30"
69638,10,1,1,63,2,1991,1,0,4703,937,1,"$6,977,654.10"
94036,8,0,0,19,9,2001,1,1,5913,986,0,"$9,406,163.10"
60889,6,0,0,87,8,2018,1,0,7437,131,0,"$6,091,341.80"
11680,5,0,0,14,1,1992,1,0,7478,921,1,"$1,169,431.20"
11458,9,1,1,31,5,2010,1,0,1365,321,0,"$1,154,040.00"
20397,8,0,0,79,7,1997,0,0,705,898,1,"$2,042,985.70"
83206,7,1,0,51,9,1999,1,0,9170,327,0,"$8,326,302.90"
8951,9,1,0,63,10,1997,1,0,6189,626,0,"$904,889.70"
22854,8,1,0,89,7,2001,0,1,6216,481,1,"$2,292,467.10"
46042,1,0,0,74,8,2015,1,0,65,946,0,"$4,605,791.50"
93506,3,1,0,28,9,2017,1,0,5297,306,1,"$9,356,982.70"
58748,5,0,0,40,5,2010,0,1,1627,639,0,"$5,875,981.00"
715,2,0,0,23,3,2010,0,1,8609,740,1,"$74,252.00"
55327,8,1,0,59,2,1993,1,1,7163,504,1,"$5,540,589.30"
63631,8,1,0,12,10,2000,0,0,239,411,1,"$6,369,055.00"
77915,6,0,0,21,10,2018,0,1,1081,448,0,"$7,793,915.80"
91804,8,0,0,81,9,1999,0,1,8554,930,1,"$9,182,083.90"
57295,8,0,0,69,2,1994,1,1,9771,951,1,"$5,731,510.40"
61057,2,1,0,77,8,1998,1,0,9762,369,1,"$6,114,671.80"
91626,7,1,0,55,5,1991,1,1,2684,101,1,"$9,169,068.10"
29356,3,1,1,46,9,1990,1,1,1780,413,1,"$2,948,071.00"
27134,4,1,0,2,7,2003,0,0,3718,357,1,"$2,715,604.30"
1682,3,1,0,79,3,2017,0,1,2590,659,1,"$174,918.70"
98868,8,0,1,67,3,2021,1,1,2146,623,1,"$9,892,300.10"
23898,5,1,0,93,9,1996,0,1,8256,136,0,"$2,399,286.60"
83110,7,1,0,75,10,2001,1,0,4108,380,1,"$8,321,631.10"
71154,1,0,1,53,6,2021,1,1,8418,706,0,"$7,122,699.10"
90841,7,1,0,15,5,2003,0,0,3333,842,0,"$9,086,177.30"
68416,9,1,0,48,7,2010,0,0,1811,424,0,"$6,846,709.00"
47585,1,0,0,5,1,1993,1,1,5101,639,0,"$4,759,724.30"
28452,4,1,0,40,10,2006,1,1,388,566,1,"$2,850,377.60"
15630,8,1,0,4,3,1996,1,0,7084,225,1,"$1,565,985.60"
65900,3,1,1,99,5,2017,0,1,2637,452,0,"$6,605,894.70"
21600,6,1,0,56,8,2000,0,1,3129,236,1,"$2,166,421.00"
74704,3,0,0,22,9,1992,1,0,7463,347,0,"$7,472,587.20"
87291,8,1,1,42,3,2017,0,1,6214,596,1,"$8,739,254.70"
96687,6,0,1,81,4,2012,0,1,2438,695,1,"$9,673,884.20"
60567,6,1,1,100,6,2019,1,0,7010,993,1,"$6,071,330.90"
4872,3,0,0,74,6,1990,1,0,5851,473,0,"$489,455.00"
9157,6,1,0,53,10,2009,0,0,6401,488,0,"$922,102.90"
65217,4,1,1,39,8,2019,0,1,1374,804,0,"$6,531,999.90"
87346,6,1,1,82,9,1990,0,1,5792,947,1,"$8,743,241.00"
47701,8,1,0,46,5,2001,1,0,5447,610,0,"$4,773,352.10"
14766,10,0,1,79,1,2001,0,0,8031,643,0,"$1,488,265.10"
94841,10,1,1,75,5,1998,1,1,3157,585,1,"$9,498,026.80"
59318,9,0,0,91,8,2002,0,0,9413,425,1,"$5,939,275.20"
1796,8,0,0,4,1,1997,0,1,8360,142,0,"$180,265.70"
96526,6,1,1,34,2,2020,0,1,2131,680,1,"$9,661,068.00"
62876,3,0,0,9,8,2006,0,0,338,740,1,"$6,288,117.60"
59558,8,1,1,89,3,2012,0,0,9174,712,1,"$5,967,916.20"
97008,6,0,1,4,5,2014,1,1,8321,369,1,"$9,703,551.40"
66746,7,1,0,10,3,1997,0,0,1567,378,1,"$6,678,869.70"
25776,4,0,0,93,9,2002,0,0,688,954,1,"$2,582,235.20"
96195,8,0,1,64,4,2018,1,1,3874,892,0,"$9,626,665.80"
4805,6,1,1,99,5,1995,0,1,2788,839,1,"$486,824.50"
23045,6,1,0,75,5,1990,0,1,651,607,0,"$2,312,202.00"
95441,10,0,1,65,10,2017,1,1,2841,404,1,"$9,554,998.70"
28381,2,1,0,64,2,2009,1,0,6737,502,1,"$2,847,241.90"
15731,6,1,1,37,2,2003,0,1,7361,277,0,"$1,582,940.30"
18966,6,1,0,25,4,2019,1,1,2327,823,0,"$1,902,151.90"
24393,1,1,1,16,8,2019,0,0,4080,619,1,"$2,449,464.90"
53339,1,0,0,11,1,2013,1,0,368,312,0,"$5,335,546.30"
44053,4,1,0,55,3,2004,1,0,6586,258,0,"$4,413,295.40"
70898,6,0,0,92,1,1994,0,0,4848,942,1,"$7,091,863.40"
84483,7,1,0,85,3,2019,1,0,6052,651,1,"$8,452,134.90"
35716,6,1,0,52,2,2013,1,1,8821,991,0,"$3,574,932.30"
64693,3,0,0,81,9,2013,0,0,7506,687,0,"$6,471,378.30"
32593,8,1,0,94,9,2006,0,0,2261,871,1,"$3,265,750.60"
1607,9,1,1,52,8,2020,1,0,2844,878,0,"$173,112.00"
39484,9,0,1,30,4,1991,1,0,3172,172,1,"$3,954,971.10"
32458,7,1,1,20,3,2015,0,0,8462,523,1,"$3,253,846.50"
72243,7,0,1,23,1,2004,1,1,4431,752,1,"$7,229,477.40"
20624,10,1,0,83,2,1996,0,0,318,606,0,"$2,070,369.60"
7443,4,1,0,41,8,2005,0,0,3249,503,0,"$748,338.50"
78382,3,0,0,14,1,2020,1,1,8751,985,1,"$7,840,062.00"
70614,9,1,1,100,5,2010,1,1,4845,991,0,"$7,075,926.00"
32235,1,1,0,10,6,2016,1,0,7388,488,0,"$3,225,143.60"
2523,4,1,1,67,10,2015,1,1,150,949,1,"$260,710.50"
87864,8,0,0,77,4,2019,1,1,7834,745,0,"$8,790,481.90"
18316,3,0,0,3,5,1991,1,0,5804,846,1,"$1,832,673.10"
94471,4,1,1,79,1,2011,0,1,1327,285,0,"$9,454,072.10"
60704,2,1,1,29,10,2004,0,0,4505,847,1,"$6,080,655.40"
54020,4,1,0,64,3,2013,0,0,8767,882,1,"$5,406,334.30"
59612,6,1,0,56,7,2017,1,1,5616,914,1,"$5,967,739.70"
56467,7,0,0,41,2,1990,1,0,2743,815,0,"$5,649,094.00"
65625,5,0,1,36,10,2015,0,1,774,958,1,"$6,567,597.50"
41570,5,0,1,98,4,2014,1,1,3573,486,1,"$4,167,932.40"
44862,2,0,1,68,5,1992,0,0,9383,631,0,"$4,493,882.20"
47212,2,1,1,81,4,2001,0,0,7210,159,0,"$4,734,236.10"
2840,2,1,0,26,4,2004,1,0,6848,294,1,"$288,797.40"
40465,3,0,0,100,9,2004,0,0,6327,403,1,"$4,052,600.40"
17191,10,1,1,29,5,1995,1,0,3192,716,1,"$1,728,829.50"
56480,6,1,0,80,3,2016,0,0,8211,532,0,"$5,653,048.60"
70503,6,0,0,29,6,2021,1,0,6819,948,0,"$7,051,701.10"
4885,2,0,0,54,8,1993,0,0,9519,718,0,"$493,693.30"
58263,3,1,1,57,10,2006,0,1,7942,786,1,"$5,840,294.60"
47647,10,0,1,6,2,2002,1,1,3220,171,1,"$4,768,169.20"
57916,9,0,0,24,1,1998,0,1,3831,356,1,"$5,792,783.80"
6396,3,0,0,40,6,2005,1,0,413,682,0,"$643,620.50"
41972,3,0,1,49,7,1995,1,0,842,846,0,"$4,206,464.50"
94311,5,1,0,47,1,2007,0,1,3619,868,0,"$9,439,790.70"
10714,3,0,1,98,6,1996,0,1,2598,631,1,"$1,075,982.60"
11259,3,0,1,82,4,2010,1,0,902,125,1,"$1,134,964.00"
3534,4,1,1,13,1,2003,0,1,5811,900,0,"$359,850.30"
52680,7,0,1,79,4,1991,0,1,5687,242,0,"$5,274,696.10"
62711,8,0,0,29,10,2007,0,1,4484,329,0,"$6,272,944.70"
19268,3,1,0,77,5,2010,1,0,1133,357,1,"$1,938,014.00"
36119,2,1,0,46,4,2019,0,1,3958,889,1,"$3,620,813.90"
28394,4,0,0,7,8,2003,0,1,63,328,0,"$2,840,816.30"
20392,3,1,0,84,5,2007,0,1,1256,171,1,"$2,046,763.70"
7259,3,1,1,39,4,2014,0,0,6482,537,0,"$735,079.40"
28183,7,0,0,52,2,1993,1,1,2798,525,1,"$2,821,593.30"
92188,1,0,1,95,2,1996,1,1,61,693,0,"$9,227,140.60"
29815,10,0,0,77,7,1995,0,1,3530,663,0,"$2,989,048.50"
50219,7,1,0,54,6,2003,0,1,8051,965,1,"$5,025,975.30"
1722,6,0,1,84,8,2002,1,0,6240,497,1,"$182,838.20"
70399,1,0,1,85,5,2013,0,1,8009,255,0,"$7,048,784.30"
28790,4,1,0,15,6,2021,1,1,1238,218,0,"$2,883,447.10"
92962,9,1,1,37,1,2000,1,0,6581,315,0,"$9,304,587.00"
34245,3,1,0,85,4,2010,1,1,251,918,1,"$3,430,728.00"
54677,10,1,1,94,10,1996,1,0,1236,537,1,"$5,477,618.60"
74227,10,1,0,5,7,2000,1,0,4609,378,0,"$7,427,853.00"
94939,7,1,1,48,10,2009,1,0,9164,351,1,"$9,503,765.90"
48884,6,1,0,32,7,2010,1,0,311,729,0,"$4,895,277.00"
10638,8,0,0,33,4,2016,0,1,3142,138,1,"$1,066,200.60"
90315,1,1,1,91,7,1994,1,1,5604,490,1,"$9,044,477.40"
17633,6,0,0,83,2,2013,1,0,1644,162,1,"$1,767,487.30"
63242,2,0,1,18,10,2017,0,1,6932,340,1,"$6,327,623.70"
79344,7,1,1,42,3,1991,1,0,8088,744,1,"$7,945,562.10"
72093,3,0,1,92,1,2005,1,0,4805,148,0,"$7,223,902.50"
13378,5,1,0,9,1,2001,1,1,8171,488,0,"$1,342,476.10"
47019,2,0,1,9,4,2020,0,0,2005,694,1,"$4,706,162.00"
34666,10,1,1,14,2,2002,1,1,9405,186,1,"$3,477,313.20"
93509,8,1,1,62,2,1992,1,1,72,731,1,"$9,361,261.20"
13583,2,1,0,32,2,2015,1,1,4519,911,0,"$1,364,589.50"
19649,2,0,1,83,4,1999,1,0,595,795,1,"$1,970,018.90"
141,6,0,1,58,4,1997,1,0,3411,213,0,"$22,670.70"
22821,2,1,1,14,8,1993,1,1,2060,491,1,"$2,289,134.30"
533,6,1,1,55,8,2021,1,1,654,301,0,"$65,465.10"
67020,9,1,1,38,7,2015,0,0,3647,640,0,"$6,711,051.50"
49094,1,1,0,49,2,2021,0,1,4934,625,1,"$4,916,616.10"
25269,5,0,0,92,7,2019,1,1,3464,693,1,"$2,530,193.90"
71989,5,0,0,77,3,2003,0,0,7290,337,1,"$7,204,744.30"
73180,8,1,1,54,7,2011,0,0,3340,784,1,"$7,325,717.10"
18926,5,1,1,84,4,1998,1,0,5353,442,1,"$1,908,217.80"
6492,4,0,0,88,3,2018,1,0,2655,372,0,"$652,565.80"
98045,5,1,1,8,5,2002,0,0,9321,570,1,"$9,814,193.20"
51589,8,0,1,43,10,1998,1,0,7867,819,1,"$5,167,451.80"
24390,4,1,0,44,9,1992,0,0,7295,235,0,"$2,446,317.20"
75890,10,0,1,59,5,2001,0,1,270,744,0,"$7,597,786.10"
29220,2,0,1,59,6,1994,1,0,391,706,0,"$2,929,116.40"
72433,10,1,1,18,7,2001,0,0,6995,276,1,"$7,250,644.10"
57467,4,0,0,64,3,1993,0,0,661,600,1,"$5,749,361.30"
81482,2,1,0,9,7,1997,0,0,2265,281,0,"$8,153,070.70"
61346,4,0,1,52,10,2009,0,1,7427,207,1,"$6,141,452.90"
80915,3,1,1,67,6,1992,1,1,5351,569,0,"$8,104,297.20"
65479,3,0,1,35,5,2000,0,1,9347,460,0,"$6,552,454.00"
48302,9,1,0,13,9,2017,0,0,9855,543,1,"$4,833,604.70"
76690,1,1,1,99,1,1990,1,1,611,181,1,"$7,682,267.00"
14447,1,0,1,23,8,2002,0,0,5371,965,0,"$1,448,447.20"
24213,7,1,1,93,7,1994,1,0,1561,653,0,"$2,431,969.40"
1843,5,1,1,3,7,2007,1,1,1313,706,0,"$189,919.70"
78183,3,1,1,86,9,2007,0,1,8682,748,1,"$7,829,898.70"
99323,7,0,1,28,7,2018,0,0,6346,280,1,"$9,939,399.80"
67491,5,0,0,57,7,2007,1,0,1253,254,1,"$6,750,826.70"
2588,6,1,0,69,5,2016,0,0,7247,987,0,"$267,798.60"
76635,7,1,1,1,5,1999,0,0,981,949,1,"$7,669,791.90"
45070,6,0,0,92,9,1997,1,0,1333,885,1,"$4,510,977.70"
62381,9,1,0,44,4,2003,1,0,1809,734,1,"$6,243,323.30"
98543,10,1,0,44,3,1992,0,1,2955,661,0,"$9,860,222.20"
13972,3,0,0,8,2,2009,0,0,1477,952,1,"$1,397,748.90"
71567,1,0,1,94,8,1992,0,0,5968,985,0,"$7,166,917.20"
36804,4,0,0,12,8,1996,0,0,6951,594,1,"$3,681,839.60"
21297,8,1,1,14,3,1995,1,1,8198,111,0,"$2,136,801.50"
9950,7,1,0,69,10,2012,0,1,3156,174,0,"$1,000,736.20"
3661,2,1,1,24,8,2007,1,0,6186,613,0,"$372,556.70"
88102,9,1,0,70,3,2016,1,0,7245,496,1,"$8,821,018.60"
72596,7,0,0,90,6,2015,1,0,9595,156,1,"$7,262,781.50"
70763,1,1,0,38,4,2015,1,0,7098,484,0,"$7,082,373.50"
12002,8,0,0,41,8,1995,1,0,1718,867,1,"$1,203,664.50"
26146,8,0,1,98,9,2011,1,1,2060,680,1,"$2,627,462.10"
13716,4,0,1,98,8,1990,0,1,5967,911,0,"$1,382,883.00"
23281,2,1,1,52,10,2020,1,1,3681,422,1,"$2,339,782.00"
3824,1,1,1,9,6,2019,0,1,3191,305,0,"$386,574.90"
56086,6,1,0,46,2,2021,0,1,2853,863,0,"$5,615,576.10"
19014,6,1,0,89,2,1999,0,0,3330,550,0,"$1,912,984.90"
80808,6,1,0,1,5,2004,0,0,3879,434,0,"$8,085,990.40"
83602,2,0,1,2,7,1991,1,0,8993,496,1,"$8,365,162.10"
99767,4,0,1,79,8,2018,1,0,520,495,1,"$9,985,836.80"
60675,5,1,0,51,7,2002,1,0,5953,260,0,"$6,075,733.20"
20210,9,1,0,78,8,2007,1,0,2811,218,0,"$2,029,228.70"
28694,8,0,0,20,3,1991,1,1,3206,310,1,"$2,870,499.10"
45521,1,0,0,32,9,1991,1,1,8643,670,0,"$4,554,205.10"
55727,6,0,0,77,5,2016,0,0,5811,183,0,"$5,574,845.60"
17307,1,1,0,66,8,2006,1,1,2317,692,0,"$1,740,869.60"
86474,2,0,0,33,6,2004,0,0,1928,220,0,"$8,649,993.40"
6012,9,1,0,38,7,2013,1,0,392,423,0,"$607,323.30"
6617,5,0,0,38,4,2010,1,1,7115,248,0,"$663,333.00"
34061,3,0,0,90,1,1993,0,0,1616,534,1,"$3,407,529.30"
12881,4,1,0,68,5,2006,0,1,8654,920,1,"$1,293,712.60"
48458,10,1,0,72,6,2002,1,1,5447,308,0,"$4,851,198.20"
89618,1,1,0,36,6,2006,0,1,4321,752,1,"$8,969,519.60"
10369,10,1,0,68,10,1999,0,0,9629,383,0,"$1,044,857.90"
21865,1,0,1,79,5,1993,0,0,2324,932,1,"$2,191,960.30"
30817,6,0,0,63,3,2013,0,0,2444,961,1,"$3,086,005.30"
8808,7,1,0,37,10,1998,1,1,9287,416,0,"$888,730.80"
16006,7,1,1,26,10,1990,1,0,3565,405,1,"$1,610,901.00"
70517,1,0,0,1,6,2002,0,1,9373,184,1,"$7,052,408.20"
55592,1,0,1,10,6,2021,0,0,7719,372,1,"$5,564,877.10"
10978,10,0,1,55,9,2015,0,1,9798,481,1,"$1,103,882.50"
94388,3,1,0,81,8,1996,1,0,7739,741,0,"$9,446,167.60"
18041,3,1,0,99,8,2006,1,0,1064,221,1,"$1,817,658.60"
18220,2,0,1,97,4,2013,1,0,2604,838,1,"$1,833,031.30"
39342,2,1,1,84,7,1994,0,1,1003,385,1,"$3,946,165.40"
66570,4,0,0,2,10,2008,1,1,2628,754,1,"$6,657,976.80"
34592,6,0,1,33,7,1994,1,0,7356,264,1,"$3,465,076.40"
38700,3,1,1,26,7,1996,0,1,5100,956,1,"$3,880,396.60"
32060,1,0,1,97,9,2017,0,1,9618,814,0,"$3,211,741.70"
8305,1,0,0,83,9,2001,0,1,1648,766,0,"$838,488.10"
40080,4,0,0,82,8,2018,0,0,5973,484,0,"$4,011,225.80"
89335,7,1,1,54,2,2004,0,1,9808,425,0,"$8,938,823.40"
78546,4,0,1,84,6,1991,0,1,978,530,1,"$7,864,949.10"
50066,5,0,1,67,5,1998,0,1,8716,465,0,"$5,015,729.80"
37008,2,1,1,75,3,2013,1,0,309,463,0,"$3,708,694.30"
32876,4,1,1,32,9,2008,1,1,3289,121,0,"$3,299,047.80"
98266,10,1,1,42,10,1990,1,1,6293,1000,0,"$9,838,529.00"
53665,1,1,1,81,3,2002,1,0,1788,204,1,"$5,379,979.20"
33469,2,1,1,91,7,2016,0,0,6871,293,0,"$3,362,757.60"
42578,1,1,1,23,8,2013,1,0,6690,964,1,"$4,264,812.30"
64329,7,1,0,44,5,2019,0,1,7313,634,1,"$6,436,473.90"
29512,1,0,1,26,8,2012,1,1,6556,170,0,"$2,955,396.20"
241,4,0,1,50,6,2013,0,1,4070,962,0,"$29,643.30"
32709,4,1,1,80,3,2006,0,1,2548,162,0,"$3,284,181.60"
29271,3,0,1,98,3,2021,1,1,3470,429,0,"$2,938,810.10"
15542,3,0,0,27,7,1996,0,0,563,615,0,"$1,556,824.60"
94951,1,0,1,80,4,2014,1,1,4121,261,1,"$9,498,811.40"
12296,9,1,0,45,10,2008,1,1,1449,127,1,"$1,233,872.80"
42390,5,0,0,96,1,2001,0,0,7796,462,1,"$4,245,306.10"
2157,3,0,0,93,4,2021,0,0,5209,799,0,"$222,104.10"
70576,3,1,0,7,7,2013,0,0,6411,684,1,"$7,061,024.30"
22232,7,0,1,52,9,2005,1,1,135,882,1,"$2,230,267.50"
31368,1,1,0,86,5,2007,1,1,6510,682,1,"$3,142,605.70"
2713,1,0,0,19,5,2000,1,1,3827,880,1,"$273,858.00"
40939,7,1,0,6,7,2017,0,1,9386,956,0,"$4,097,363.70"
84892,6,0,0,46,10,2007,0,1,271,556,1,"$8,492,982.70"
43332,10,0,1,24,5,2002,0,1,9557,321,0,"$4,336,691.20"
39445,1,0,0,66,5,1990,1,1,1391,992,0,"$3,947,777.00"
82032,6,1,0,64,10,2004,0,0,6972,883,1,"$8,209,534.40"
813,1,0,1,15,2,1998,1,0,4226,633,0,"$84,647.80"
43432,8,0,1,34,4,2010,1,0,2077,377,0,"$4,347,238.00"
80988,1,0,1,57,10,2015,0,1,8135,321,1,"$8,104,253.50"
99444,9,1,0,60,4,2021,1,0,5643,834,0,"$9,947,284.10"
37618,3,0,0,45,3,2008,0,1,3892,638,1,"$3,766,350.80"
63973,4,1,0,78,10,2002,0,1,6770,937,1,"$6,405,935.20"
99107,4,0,1,65,4,2018,0,1,5522,194,1,"$9,916,550.80"
71519,3,0,1,80,8,2012,0,0,9982,800,1,"$7,156,303.20"
91841,8,0,0,14,2,2011,0,1,8782,955,0,"$9,185,367.10"
28467,7,1,1,70,6,2019,0,0,4314,658,1,"$2,855,561.90"
77075,10,1,0,11,10,2002,1,1,1768,430,0,"$7,713,855.20"
91776,10,0,0,72,1,2001,1,1,1303,712,1,"$9,184,100.10"
69948,3,1,1,59,3,2017,0,0,5632,301,0,"$7,006,951.70"
68593,3,1,1,65,3,2021,0,1,5603,540,1,"$6,867,934.10"
56774,2,1,0,23,4,1995,1,0,5989,469,0,"$5,682,955.50"
84577,4,0,1,64,7,1991,1,0,9411,400,0,"$8,467,175.10"
78835,10,0,0,84,6,2002,1,1,1071,771,0,"$7,887,862.20"
59073,9,0,1,38,5,2003,1,0,8036,303,1,"$5,909,662.30"
6704,3,1,1,59,10,2012,1,1,7171,822,1,"$682,123.20"
20968,6,1,0,6,6,1992,1,0,3747,656,1,"$2,100,783.20"
64244,6,1,0,82,9,2021,1,1,5461,426,0,"$6,435,074.10"
54133,8,0,1,89,3,1993,1,0,2192,195,0,"$5,426,671.30"
90842,8,1,1,25,6,1995,0,0,3501,152,0,"$9,092,168.50"
51780,10,0,0,88,8,2021,0,0,540,879,0,"$5,184,160.10"
38722,3,1,0,22,5,2008,1,0,4316,738,0,"$3,876,450.80"
51127,5,1,0,66,2,1996,0,0,391,127,0,"$5,119,947.60"
31802,8,0,0,80,3,1990,0,1,3049,476,1,"$3,184,469.00"
26770,7,1,1,69,8,2016,1,0,6924,940,1,"$2,687,139.60"
63839,7,1,1,2,6,2019,0,1,6200,302,0,"$6,389,327.90"
56181,3,0,1,98,4,1996,0,0,4581,953,0,"$5,630,006.60"
91757,4,0,0,78,4,2012,1,1,5258,628,0,"$9,182,239.20"
54200,7,0,0,43,5,2010,1,1,9853,869,0,"$5,423,195.00"
29788,5,0,0,68,3,2011,1,1,6551,782,0,"$2,983,377.10"
29180,9,1,0,1,8,1999,0,0,3218,753,1,"$2,923,248.90"
30630,10,0,1,65,5,1996,0,0,2190,965,1,"$3,072,463.60"
81114,3,0,1,89,2,2007,1,0,1629,813,0,"$8,118,084.70"
96016,9,0,1,35,4,1998,0,1,269,300,1,"$9,605,401.80"
8977,7,0,1,62,3,2014,0,0,5865,250,1,"$905,963.40"
92508,9,0,0,88,7,2006,1,1,1551,271,1,"$9,257,332.60"
38804,3,1,0,45,2,2000,0,0,5441,925,0,"$3,885,083.00"
34830,10,1,0,85,4,2003,1,0,3930,833,1,"$3,488,181.30"
48540,1,0,0,27,5,2016,1,1,5751,489,1,"$4,856,286.60"
25680,5,1,0,11,8,2009,0,1,8681,829,1,"$2,573,981.90"
73224,2,0,0,74,3,2021,1,1,7771,941,0,"$7,330,502.10"
29589,4,1,1,76,1,2006,1,0,3703,130,0,"$2,973,362.60"
96469,9,1,0,13,9,1994,0,0,7532,416,0,"$9,651,382.40"
35039,8,0,1,22,2,1994,0,1,2052,979,1,"$3,511,457.40"
99592,3,1,0,61,5,1997,1,1,9635,360,1,"$9,963,329.70"
70433,2,1,0,1,8,2018,0,0,3499,160,0,"$7,045,037.80"
73644,8,0,0,7,4,1998,0,0,4485,345,0,"$7,365,392.80"
77211,7,0,1,84,9,2006,0,1,5620,554,1,"$7,725,844.60"
36429,8,0,1,29,7,2019,1,0,9275,152,0,"$3,651,244.90"
90334,7,1,0,6,1,1990,1,1,2390,413,1,"$9,037,622.00"
51993,10,1,1,33,10,2013,0,1,7531,891,0,"$5,208,507.30"
44476,5,0,1,13,10,2013,0,0,9906,101,0,"$4,450,503.30"
31661,7,0,0,18,5,2020,1,1,7968,249,1,"$3,168,722.00"
68275,7,0,1,54,6,2020,1,0,3586,104,1,"$6,833,270.00"
85429,9,1,1,57,6,2016,1,1,1421,405,0,"$8,553,293.60"
90162,5,1,1,27,4,1992,1,0,2569,909,1,"$9,023,922.20"
81619,4,1,1,70,5,2014,0,1,1562,478,0,"$8,173,020.40"
65324,2,0,1,8,6,2009,0,0,9016,549,0,"$6,538,401.90"
4368,2,0,1,29,8,2021,1,0,4055,713,1,"$443,641.10"
24525,6,0,1,73,8,2009,0,0,154,445,0,"$2,461,959.90"
20949,4,1,1,22,8,2013,0,0,3137,747,0,"$2,102,983.30"
23609,8,0,0,68,8,2017,1,1,6808,468,0,"$2,364,571.70"
68084,4,0,0,8,3,2009,0,1,9896,158,0,"$6,809,686.90"
73406,9,1,0,75,6,2007,0,1,6128,915,0,"$7,351,988.70"
50638,6,1,0,54,5,2016,0,0,4071,916,1,"$5,068,736.60"
5457,8,0,0,12,6,1992,1,1,4286,215,1,"$547,357.20"
73337,3,0,1,5,3,2005,0,0,9487,949,0,"$7,337,758.50"
95339,4,0,0,15,4,2003,1,0,4878,142,1,"$9,535,650.30"
63237,5,1,0,49,9,2009,1,1,6344,197,0,"$6,330,589.90"
30831,5,0,0,13,10,1998,1,1,173,966,1,"$3,084,723.80"
57897,2,1,0,96,3,1993,0,0,3678,910,0,"$5,801,637.30"
87418,3,0,0,7,1,1995,1,1,8759,203,1,"$8,743,030.50"
20640,4,0,0,91,9,2015,0,0,5011,736,1,"$2,073,310.50"
35634,10,0,1,50,4,1998,1,1,8120,462,0,"$3,568,972.80"
87156,3,1,0,44,2,2019,0,1,5224,798,0,"$8,722,474.90"
80556,2,0,1,54,6,1991,0,0,9757,650,1,"$8,062,244.10"
70942,3,1,1,28,9,2019,0,1,7964,265,0,"$7,102,693.90"
38688,8,1,0,80,7,2012,1,1,5616,155,0,"$3,877,141.20"
83937,10,0,0,85,8,2012,0,0,7175,933,0,"$8,396,191.20"
92655,5,0,0,77,4,1996,0,0,4932,765,1,"$9,267,281.60"
35110,4,1,1,84,8,1995,1,1,9928,439,0,"$3,526,172.50"
61208,7,1,0,39,6,2021,0,1,4494,112,1,"$6,126,371.10"
47781,8,0,0,37,8,1993,1,1,6426,993,1,"$4,779,776.30"
23737,4,1,1,11,6,2003,0,0,4514,997,0,"$2,380,599.30"
83460,1,0,0,69,5,2017,0,1,3231,841,1,"$8,347,291.70"
55736,5,1,1,47,5,2017,1,1,5234,672,0,"$5,582,770.70"
15429,1,1,1,46,5,1991,0,0,1436,164,0,"$1,550,188.10"
74290,9,1,0,8,6,2006,0,0,6893,624,0,"$7,433,059.60"
85256,1,0,0,45,1,2019,0,0,2638,403,1,"$8,530,096.90"
9380,3,1,0,97,4,2013,0,0,691,754,0,"$945,451.30"
13414,1,1,1,16,6,2014,1,1,6223,477,0,"$1,350,225.40"
91716,6,1,1,97,5,2006,1,0,9715,352,1,"$9,184,104.60"
95828,7,1,0,62,10,1994,1,1,1745,269,1,"$9,589,468.40"
98478,3,0,1,19,7,2007,1,0,3514,867,0,"$9,852,730.70"
70874,7,1,1,51,7,2011,0,0,6049,428,0,"$7,097,321.10"
78217,3,0,0,73,1,2003,0,0,7391,907,0,"$7,828,401.30"
81101,10,0,1,87,4,2017,0,1,5698,233,1,"$8,118,370.70"
46883,10,0,0,53,2,2009,1,1,9286,845,1,"$4,691,844.90"
69319,5,0,0,89,1,2019,0,0,1787,731,0,"$6,936,067.90"
95288,2,1,1,80,1,2010,1,1,3179,520,1,"$9,543,817.00"
50589,6,0,0,52,3,2008,1,1,3824,185,0,"$5,061,508.80"
65155,5,1,0,46,4,1994,0,1,4546,654,0,"$6,521,547.40"
6049,10,0,0,37,7,2000,0,1,3872,944,0,"$608,869.00"
25386,10,1,0,35,10,2001,0,0,5449,343,1,"$2,543,209.10"
1270,5,0,0,66,8,1991,1,1,6093,618,0,"$131,117.10"
88561,5,1,0,49,4,1994,1,0,4582,726,1,"$8,860,454.40"
71676,10,1,1,49,7,2009,1,0,1318,283,1,"$7,178,514.90"
82016,10,0,0,93,4,2014,0,1,839,680,0,"$8,211,272.40"
21698,2,1,1,59,1,2001,0,1,518,331,0,"$2,179,801.10"
476,4,0,1,52,4,2019,1,1,6630,880,1,"$57,103.90"
16114,3,1,1,25,2,2020,1,1,3474,460,1,"$1,620,468.00"
55707,8,0,0,33,7,2014,0,1,9279,417,1,"$5,573,001.40"
53633,4,1,0,43,3,2010,1,0,6352,774,0,"$5,370,339.00"
29578,7,0,0,5,4,2003,1,1,9253,489,0,"$2,959,100.30"
51757,8,0,1,23,6,2009,0,1,9496,943,1,"$5,178,222.90"
80386,7,1,1,4,10,1994,1,1,9196,521,0,"$8,045,146.40"
60136,5,0,1,54,3,1995,0,0,8341,152,1,"$6,020,434.50"
15850,3,0,1,96,3,2010,0,0,5326,501,0,"$1,596,900.00"
29362,9,0,1,44,1,2000,1,1,1979,424,1,"$2,940,727.00"
60366,7,0,1,26,9,2005,0,1,8647,687,0,"$6,042,370.50"
9167,5,1,0,69,3,1994,1,1,6444,219,1,"$923,577.40"
18586,4,0,1,16,5,1997,1,0,7588,324,1,"$1,862,622.70"
69443,1,0,1,30,7,1993,0,0,7624,294,1,"$6,947,198.30"
21015,6,1,0,97,6,1993,0,0,2865,527,0,"$2,107,213.30"
79337,5,0,0,70,9,2016,1,0,9559,918,1,"$7,940,161.60"
84947,6,0,0,68,7,2014,1,1,1588,675,1,"$8,498,951.40"
99665,10,1,1,52,9,1990,1,1,136,392,1,"$9,976,093.00"
25493,3,0,0,97,4,2017,1,1,6999,187,1,"$2,555,724.70"
50580,3,1,1,76,4,2008,1,0,1593,678,1,"$5,072,667.80"
71040,2,0,1,49,3,2015,0,1,6467,644,0,"$7,110,801.50"
63320,9,1,1,3,2,1993,1,1,4182,126,0,"$6,338,701.30"
50465,3,0,1,62,6,1994,0,1,3513,401,1,"$5,051,447.40"
65919,3,1,0,82,4,2013,0,1,8500,707,1,"$6,596,228.30"
76489,1,0,1,27,7,1992,1,0,2458,601,1,"$7,655,928.20"
50093,6,0,1,5,1,2009,1,1,6873,536,0,"$5,013,597.90"
50118,2,1,0,76,1,1998,0,1,7483,687,0,"$5,016,630.80"
25309,3,1,0,53,6,2012,1,0,923,358,0,"$2,535,294.20"
98191,10,1,0,77,5,2020,1,1,6782,660,0,"$9,828,436.00"
1607,7,1,0,46,6,2004,0,0,8175,923,1,"$167,249.40"
4410,7,1,0,37,5,2004,0,0,9410,326,1,"$444,238.40"
2374,6,1,1,85,3,2018,1,1,6959,804,1,"$249,562.80"
94990,8,0,1,47,2,2018,0,0,2531,725,0,"$9,504,433.80"
18281,9,1,0,76,3,2016,0,1,9815,343,0,"$1,840,231.60"
64879,1,0,1,12,4,2021,0,1,5685,914,1,"$6,491,104.10"
54812,8,0,0,27,7,1990,0,0,8509,823,0,"$5,482,093.00"
605,4,1,1,66,2,2005,0,0,2938,656,0,"$71,250.50"
27253,10,1,0,81,5,2010,0,0,9476,464,1,"$2,736,783.00"
17357,6,0,0,20,5,1998,1,0,5688,221,0,"$1,738,079.80"
54097,9,0,0,98,9,2016,0,1,6986,181,0,"$5,416,865.60"
95281,8,1,0,8,10,1990,1,1,5252,537,0,"$9,533,000.00"
69440,6,0,1,76,9,2004,0,0,3678,520,0,"$6,950,509.40"
44395,3,1,0,1,5,2012,1,0,8789,685,1,"$4,443,692.20"
48270,1,1,1,85,10,2010,0,0,6828,935,0,"$4,838,349.00"
30572,3,0,0,56,9,2008,0,0,171,401,1,"$3,058,110.80"
63719,9,0,1,25,1,1992,0,0,2342,794,1,"$6,375,632.20"
45827,7,1,1,60,7,2006,0,0,2199,240,1,"$4,590,725.60"
70488,2,1,0,35,7,2020,0,1,7391,345,0,"$7,054,483.00"
79822,5,1,0,30,5,2003,0,1,5413,706,1,"$7,987,847.30"
27171,8,1,0,93,7,1997,0,0,1981,681,1,"$2,724,534.70"
58330,4,1,1,2,7,1992,0,0,473,186,1,"$5,837,640.20"
87826,10,1,0,45,8,1997,1,0,5553,711,1,"$8,790,247.70"
49389,2,0,0,10,1,1993,1,1,8664,646,1,"$4,940,959.30"
56931,4,1,0,91,7,1994,0,0,3285,905,1,"$5,704,458.40"
66503,5,1,1,13,2,1990,1,1,6051,137,0,"$6,655,758.00"
88112,7,0,0,68,3,2021,1,1,9760,882,0,"$8,813,820.10"
43587,1,0,0,26,9,2005,1,0,8824,591,1,"$4,360,172.50"
86152,1,0,0,48,3,1992,0,0,8176,500,0,"$8,619,787.20"
81573,2,1,0,57,1,1992,1,0,808,749,0,"$8,163,076.20"
72599,10,0,1,23,3,2007,0,0,4841,315,1,"$7,262,443.70"
43876,5,0,0,43,7,1993,0,0,1242,496,1,"$4,388,329.30"
10040,5,1,1,98,3,1994,0,1,6306,396,0,"$1,010,790.40"
40177,8,0,0,12,6,1991,1,0,5711,172,1,"$4,019,219.10"
21703,3,1,1,90,4,2019,0,1,843,802,0,"$2,183,649.90"
57236,10,0,1,96,4,2020,1,0,7873,146,1,"$5,730,262.00"
17863,7,1,1,33,8,2009,0,0,7268,774,1,"$1,795,013.90"
85272,6,1,0,34,9,2005,0,1,7286,359,1,"$8,531,221.50"
91931,9,1,0,42,8,2016,0,1,3013,139,0,"$9,197,803.60"
29411,9,1,0,53,9,2017,0,1,1681,181,1,"$2,948,395.70"
37163,7,0,0,22,5,2014,1,1,9497,136,0,"$3,718,311.40"
26440,3,0,1,58,7,2016,0,0,5613,132,0,"$2,651,410.60"
9868,8,0,0,53,1,2003,1,1,4813,549,0,"$992,632.30"
55250,5,1,1,3,3,1995,0,1,9389,568,0,"$5,534,691.50"
1121,5,1,1,80,1,1990,0,0,2530,389,1,"$126,775.00"
26528,5,1,0,49,5,2012,1,0,190,788,1,"$2,660,108.20"
18362,5,1,0,33,4,2019,1,0,5521,241,1,"$1,842,236.90"
40581,8,1,1,82,7,2008,1,0,5782,428,0,"$4,068,225.80"
89084,3,1,0,9,5,2010,1,0,4675,570,1,"$8,911,966.00"
90643,1,1,0,55,7,2012,0,0,4659,780,0,"$9,074,993.20"
70868,2,1,1,39,8,2005,1,1,821,348,0,"$7,096,273.50"
17252,1,0,0,23,9,2000,0,1,3183,357,0,"$1,726,850.00"
45647,3,1,1,100,4,2019,1,1,3554,713,0,"$4,580,938.90"
64654,10,1,0,33,5,1992,1,0,4245,563,0,"$6,471,114.20"
87668,4,0,0,56,7,2017,1,0,9625,590,1,"$8,769,343.70"
97688,2,0,1,25,9,1990,0,0,8847,158,1,"$9,775,672.00"
5468,3,1,0,78,7,2002,1,0,375,976,1,"$553,320.20"
63509,5,0,0,53,1,2006,1,1,6679,591,0,"$6,356,517.60"
98262,3,0,0,14,9,2001,0,0,1889,660,1,"$9,827,936.10"
67735,9,0,1,24,5,2020,0,1,3289,113,0,"$6,777,979.00"
19728,4,1,0,85,8,2018,0,1,4778,289,1,"$1,977,828.80"
39191,10,0,0,21,9,2011,1,0,142,633,1,"$3,921,295.10"
34585,10,0,1,99,2,2018,0,0,9137,675,1,"$3,471,454.80"
56666,1,0,0,63,9,2000,1,1,6911,543,1,"$5,671,002.00"
4920,9,1,1,67,9,1993,1,1,681,598,0,"$498,937.30"
23043,7,0,0,55,10,2007,0,1,9610,971,0,"$2,309,235.70"
86042,8,1,1,7,3,2010,1,0,438,466,0,"$8,610,684.00"
84978,1,1,1,65,10,1990,0,0,9649,212,0,"$8,508,647.00"
66940,10,0,1,16,7,2016,1,0,691,118,1,"$6,700,142.60"
69592,3,1,0,10,8,2000,1,1,6283,811,0,"$6,964,235.00"
46558,8,0,1,28,5,2009,0,1,3828,102,0,"$4,663,394.90"
30925,1,1,1,83,4,2016,1,1,747,218,0,"$3,104,280.60"
39975,10,0,0,72,8,2016,1,0,2361,452,0,"$4,005,185.60"
8808,9,1,1,15,9,2014,0,0,7170,397,1,"$887,645.40"
7131,8,1,1,20,10,2005,1,0,231,120,1,"$719,772.50"
49063,7,0,0,81,5,1991,1,0,9416,972,0,"$4,909,260.10"
79093,2,1,1,63,9,2014,1,0,2848,533,0,"$7,915,505.40"
95157,10,0,1,86,2,2002,1,1,8416,798,1,"$9,527,400.20"
43412,1,1,1,68,5,2010,1,1,911,936,1,"$4,352,882.00"
23127,7,1,1,98,4,1995,0,1,7989,237,0,"$2,327,821.50"
63397,7,1,1,17,8,2003,1,1,9719,360,0,"$6,344,621.30"
6078,6,0,1,22,6,2004,1,0,2248,161,1,"$614,702.40"
70367,3,1,0,19,1,2015,0,1,8131,635,1,"$7,043,100.50"
31471,4,0,0,34,3,2020,0,1,6093,687,1,"$3,149,214.00"
84503,8,1,1,10,6,2004,1,1,1017,332,0,"$8,455,991.40"
25661,3,0,0,10,6,2004,0,1,1752,240,1,"$2,567,320.40"
65823,1,0,1,40,3,1999,1,0,5338,655,1,"$6,587,187.90"
40351,8,0,0,21,7,2006,0,1,2129,732,1,"$4,037,323.60"
65816,5,0,1,56,6,1999,1,1,510,523,1,"$6,590,874.90"
9897,5,1,0,55,7,1997,0,1,4632,373,1,"$997,040.70"
74556,1,1,0,30,5,2021,0,0,8074,729,1,"$7,461,430.10"
77324,2,0,1,96,1,2000,1,1,2278,726,1,"$7,746,689.00"
19054,5,1,1,64,10,2017,1,0,9531,968,0,"$1,915,949.70"
19467,7,0,0,69,10,1995,0,0,7723,425,1,"$1,953,949.50"
23917,4,0,0,92,2,1992,1,0,7268,272,1,"$2,396,597.20"
27581,4,0,0,54,2,2008,0,0,131,271,0,"$2,763,880.80"
7021,3,1,0,18,9,1998,1,1,8494,431,1,"$707,889.80"
86898,10,1,1,54,5,2007,0,1,2837,633,0,"$8,700,597.70"
35752,3,1,1,88,9,2004,0,0,4770,593,0,"$3,584,645.40"
80254,10,0,0,84,1,2004,1,0,4601,312,1,"$8,032,718.40"
43729,3,1,1,78,4,1990,0,0,6886,213,0,"$4,386,441.00"
14296,5,1,1,21,2,1991,0,0,1023,690,1,"$1,438,655.10"
60263,3,0,0,29,5,2002,1,0,4041,955,0,"$6,027,298.20"
56348,4,1,1,64,6,1993,0,0,7815,100,0,"$5,645,570.30"
20462,7,0,1,27,3,1999,1,0,7946,725,0,"$2,051,424.90"
35966,9,0,1,35,8,2009,1,0,9879,276,0,"$3,600,448.90"
23790,2,1,1,70,9,1997,0,1,113,725,0,"$2,387,891.70"
62563,6,1,1,66,6,1994,1,0,6669,351,1,"$6,268,203.40"
74693,10,1,0,57,3,1997,1,0,5655,386,1,"$7,476,380.70"
69815,9,1,0,96,3,2001,1,1,4764,382,1,"$6,994,868.10"
31372,4,0,1,71,6,2000,0,0,9133,952,0,"$3,141,888.00"
47377,7,1,1,12,4,2015,0,0,6751,158,1,"$4,742,430.50"
21748,1,0,1,29,6,1991,1,0,6703,812,0,"$2,180,962.10"
74938,8,0,0,31,10,2020,0,1,23,670,0,"$7,496,677.00"
84747,8,0,1,86,7,2014,1,0,7441,404,0,"$8,483,566.40"
52843,8,1,1,50,7,2004,0,1,5877,358,1,"$5,291,087.40"
94638,5,0,0,32,10,2014,1,0,8047,870,1,"$9,465,407.40"
57035,4,0,1,24,2,1998,1,1,21,657,1,"$5,710,846.80"
10031,8,1,0,2,10,2004,1,0,3770,576,0,"$1,007,605.40"
87362,3,0,1,25,3,1995,0,0,3967,268,0,"$8,743,936.50"
50571,9,1,1,24,10,1998,0,0,4018,631,1,"$5,063,431.80"
69918,9,1,0,11,5,2005,0,1,2569,758,1,"$6,995,676.50"
42217,10,1,1,83,7,2009,1,1,752,710,0,"$4,228,208.90"
76907,6,0,1,87,10,1997,0,1,8945,142,1,"$7,694,726.70"
15500,7,0,1,98,7,2020,1,0,9577,255,0,"$1,554,517.00"
53304,7,1,0,79,3,2012,1,1,3069,541,0,"$5,337,897.20"
1973,2,1,0,21,9,2000,1,1,2316,932,0,"$201,809.00"
91112,9,1,1,9,2,1991,0,1,7857,948,0,"$9,121,414.10"
76204,8,1,1,8,5,1990,0,1,3727,540,1,"$7,628,150.00"
97471,9,1,0,90,7,2013,1,1,7429,629,0,"$9,756,243.30"
88887,8,1,1,28,7,1995,1,0,9176,956,1,"$8,897,254.50"
38490,3,1,0,8,3,2017,1,0,9018,825,0,"$3,853,460.70"
72450,1,1,0,71,10,2008,1,1,4116,787,0,"$7,250,244.80"
88367,7,0,0,7,1,2018,0,0,8489,430,0,"$8,837,449.80"
30782,8,1,0,48,5,2020,1,0,9701,783,0,"$3,082,971.00"
5033,1,0,1,28,6,1991,1,0,749,279,1,"$508,665.10"
26519,4,1,1,42,1,2014,0,0,4604,651,1,"$2,656,599.40"
65934,4,1,0,51,7,2007,1,1,7680,721,1,"$6,597,942.70"
98106,10,0,0,3,6,1992,1,0,8617,616,0,"$9,811,465.20"
6577,4,0,1,68,7,2006,1,0,9468,604,0,"$662,852.60"
18250,5,0,0,82,10,2011,1,0,7751,565,1,"$1,829,113.10"
40783,1,0,1,80,8,1992,1,1,9162,838,0,"$4,086,725.20"
33156,8,0,1,43,3,1994,0,1,2108,696,0,"$3,323,470.40"
47523,1,0,0,89,3,2006,1,1,526,142,0,"$4,760,526.60"
79604,2,0,1,4,3,2016,1,1,9575,909,0,"$7,965,563.60"
95762,3,1,0,63,10,2004,0,1,5198,882,1,"$9,583,086.40"
31317,5,1,1,25,2,1995,1,1,2463,543,1,"$3,142,581.50"
788,6,0,0,53,4,2014,1,0,8046,973,1,"$82,042.40"
41188,6,1,0,62,9,2012,0,1,33,361,1,"$4,122,637.20"
62282,9,0,0,44,1,2010,1,0,80,139,1,"$6,229,623.00"
45979,1,0,1,2,5,2004,0,1,7620,571,0,"$4,600,373.40"
35828,8,0,0,3,6,1998,0,0,795,811,1,"$3,583,375.80"
84540,1,0,0,64,3,2007,0,1,5869,145,0,"$8,455,482.70"
70288,6,1,0,28,9,2011,1,1,1864,706,1,"$7,034,567.10"
44681,6,1,1,80,7,1995,0,0,9413,537,0,"$4,480,399.50"
8856,3,1,1,38,7,1996,1,1,4044,770,1,"$895,829.60"
45730,4,0,1,99,9,1998,0,1,1919,116,0,"$4,583,276.80"
59478,8,0,0,68,8,1992,1,0,3355,253,1,"$5,950,543.20"
31692,7,1,0,36,4,2007,0,0,1694,489,0,"$3,172,857.70"
58737,7,1,1,62,3,2014,0,1,8827,224,1,"$5,882,539.40"
32100,6,0,1,39,5,2017,1,0,1482,932,0,"$3,213,786.70"
67663,5,1,0,49,10,2014,0,1,7856,725,1,"$6,775,397.40"
59810,4,0,1,56,10,2016,0,1,5202,445,0,"$5,991,500.60"
86186,4,0,0,36,8,2010,0,1,2790,539,1,"$8,620,785.00"
38030,4,0,0,4,2,1990,1,1,7981,564,0,"$3,803,961.00"
48331,4,1,1,42,8,2019,0,1,2820,112,0,"$4,839,984.90"
27856,2,0,1,98,1,2016,0,0,7117,194,0,"$2,795,386.60"
70976,1,1,0,44,7,2018,0,0,9962,544,1,"$7,101,406.80"
90180,2,1,0,63,5,2014,1,0,9500,800,0,"$9,023,962.40"
54646,6,1,0,98,4,2017,0,1,4716,383,0,"$5,479,242.70"
42024,3,0,1,9,10,2003,0,1,4645,430,1,"$4,205,806.30"
8969,5,1,1,92,3,2013,1,0,781,627,1,"$908,919.30"
38926,10,1,1,7,2,2007,1,1,5001,729,0,"$3,902,208.70"
80419,3,0,0,31,5,1998,1,1,1333,465,1,"$8,043,741.80"
5585,10,1,1,76,10,2019,0,1,6421,926,0,"$564,773.90"
91651,3,1,0,95,8,2016,1,0,9071,175,1,"$9,172,889.60"
5443,9,0,1,39,7,2000,1,0,7932,716,1,"$549,119.00"
15355,10,1,1,30,4,1992,1,1,6587,551,1,"$1,544,783.20"
6963,10,0,1,65,1,1995,0,0,2829,589,0,"$703,519.50"
77261,3,0,0,18,6,1997,0,1,5565,640,1,"$7,727,179.70"
26694,3,0,0,72,2,1994,1,0,7808,852,0,"$2,672,253.40"
79744,3,1,0,50,8,2012,1,1,1480,108,1,"$7,979,395.20"
32084,5,1,0,71,8,2015,1,0,2309,851,1,"$3,214,809.50"
93703,1,1,0,56,1,2018,1,1,9314,546,1,"$9,377,879.80"
78984,6,1,1,89,9,2014,0,1,1199,165,1,"$7,910,102.40"
369,5,0,0,92,10,2003,0,0,9608,419,1,"$39,316.30"
10697,6,0,0,95,8,2009,0,1,1114,256,1,"$1,074,445.90"
13349,5,0,1,18,3,2004,1,0,6039,602,1,"$1,339,458.40"
25791,6,0,1,10,10,2015,1,1,716,302,0,"$2,582,155.50"
96687,2,1,0,61,6,2016,0,0,9115,806,1,"$9,676,763.60"
41083,8,1,0,62,6,2017,0,0,4279,683,0,"$4,114,499.70"
63078,10,1,1,35,1,2005,1,0,5369,769,1,"$6,316,522.50"
33935,1,0,0,86,4,2015,1,1,7274,626,0,"$3,400,557.50"
30104,7,0,0,88,7,1996,0,1,3551,577,1,"$3,016,757.60"
44414,8,0,0,94,1,2003,1,0,8675,933,1,"$4,449,908.30"
95116,4,1,0,28,8,2000,1,0,4404,436,1,"$9,518,424.00"
16996,7,1,0,52,2,2005,0,0,7922,956,1,"$1,708,754.50"
15290,10,0,0,97,3,2009,0,1,4588,218,1,"$1,533,827.90"
57562,2,0,0,7,5,2018,0,0,6694,388,0,"$5,756,919.80"
22786,3,0,0,81,5,1991,1,1,1188,107,1,"$2,281,031.10"
84540,4,1,0,66,8,1990,1,0,817,635,0,"$8,459,024.00"
41168,6,0,1,11,6,1992,1,0,5717,888,0,"$4,123,023.20"
33622,9,0,1,73,5,2014,1,0,8902,340,0,"$3,371,927.40"
66878,2,0,0,41,5,2016,1,1,1400,763,0,"$6,692,131.60"
9815,2,1,1,24,2,2010,0,1,6449,201,0,"$989,932.00"
81392,10,0,1,10,8,2009,1,0,3061,772,1,"$8,143,562.90"
95375,2,1,1,37,1,1998,0,1,927,534,1,"$9,545,994.80"
29917,3,1,1,39,9,2011,0,1,1566,480,0,"$2,998,840.10"
16336,10,0,1,11,8,2008,1,0,9709,415,0,"$1,636,600.80"
90836,4,0,0,40,2,2011,0,1,2770,149,0,"$9,086,961.10"
60244,5,1,1,47,10,1995,1,0,1418,344,0,"$6,034,513.50"
43030,7,1,1,85,10,2010,0,1,1104,978,1,"$4,310,671.00"
5504,2,1,0,76,4,1990,0,1,9447,841,0,"$559,951.00"
37620,9,0,0,51,8,1994,1,1,8318,160,1,"$3,764,885.40"
6313,4,1,1,74,6,2004,1,0,4979,647,0,"$640,633.40"
52251,4,0,1,10,10,2005,1,1,5751,969,1,"$5,231,126.50"
75749,4,1,0,30,3,2020,1,0,5132,523,1,"$7,579,803.00"
31113,1,1,1,93,2,2020,0,1,891,414,0,"$3,122,972.00"
18972,1,1,0,3,3,2010,0,1,8253,618,0,"$1,902,042.00"
28769,10,1,0,80,10,2021,1,0,6686,546,1,"$2,881,959.10"
44539,6,0,0,23,4,2007,0,1,3795,595,0,"$4,454,837.70"
17643,3,0,0,1,8,2004,1,0,755,966,1,"$1,765,047.40"
52079,3,0,0,97,10,1995,0,1,6737,196,1,"$5,217,238.50"
76906,6,0,1,6,1,2019,1,0,8938,668,0,"$7,692,420.90"
88655,5,0,1,94,9,2007,1,1,1193,169,1,"$8,875,673.70"
87554,2,1,1,77,7,2010,1,0,8714,636,1,"$8,769,996.00"
7889,7,0,1,58,7,2000,0,0,1939,743,1,"$793,852.00"
33185,10,0,1,60,8,1998,0,0,6398,437,0,"$3,325,883.80"
81860,9,1,0,65,5,2000,0,1,5409,870,1,"$8,190,448.00"
16335,5,0,0,76,6,2005,1,1,6086,385,1,"$1,635,816.50"
23164,7,0,0,76,10,1992,1,1,1132,519,0,"$2,322,369.20"
50839,3,0,0,91,3,2009,1,1,4208,726,0,"$5,091,375.90"
17432,1,1,1,15,6,1993,1,0,2250,547,1,"$1,751,212.30"
94930,2,0,0,98,6,2001,1,0,9694,669,0,"$9,499,136.10"
47601,10,0,1,69,5,2001,0,1,8925,452,0,"$4,765,720.10"
57143,5,0,0,11,9,2001,0,1,7491,866,0,"$5,716,057.10"
90614,9,0,1,16,6,2016,1,0,2528,468,1,"$9,065,677.60"
43245,2,0,0,35,8,2003,0,1,9660,210,0,"$4,325,940.30"
96666,5,0,1,9,4,2008,0,1,8123,590,0,"$9,672,165.80"
49608,10,0,1,10,7,1992,0,1,2647,580,1,"$4,965,463.20"
15385,7,1,0,93,2,2013,0,0,1661,498,0,"$1,548,993.30"
14973,2,1,0,22,2,2018,0,1,7397,301,1,"$1,501,528.80"
82285,3,0,0,22,5,2014,0,0,782,372,0,"$8,229,649.40"
89520,3,0,0,6,3,2007,0,0,4587,861,0,"$8,952,698.70"
31454,4,0,0,57,1,2012,1,1,9770,327,0,"$3,148,909.20"
63341,10,0,0,85,6,1991,1,0,928,725,0,"$6,338,314.10"
91166,4,1,1,8,6,1995,0,1,5368,757,1,"$9,123,483.50"
86153,2,1,1,54,9,2020,1,1,8091,934,0,"$8,627,514.00"
24519,1,0,1,3,4,2001,0,1,6797,658,1,"$2,456,369.10"
17458,4,1,0,51,5,2008,1,1,8435,789,0,"$1,751,679.80"
48568,4,1,0,11,3,2011,1,1,297,973,1,"$4,860,230.10"
14881,2,1,0,88,9,2007,1,1,9590,209,1,"$1,498,063.70"
61123,10,1,1,72,4,1995,0,1,1051,724,0,"$6,123,098.50"
3854,10,1,0,25,7,2009,1,1,6606,378,1,"$393,085.90"
86908,8,0,0,56,7,2014,1,1,314,397,0,"$8,695,385.40"
55366,3,0,0,98,3,2011,0,0,8940,884,0,"$5,540,333.10"
17051,3,1,1,43,2,1993,1,1,6481,346,0,"$1,710,016.30"
14436,3,0,0,6,2,2002,1,1,676,710,1,"$1,444,902.20"
34220,6,1,1,33,3,1996,1,1,5942,976,1,"$3,430,761.60"
95215,2,0,0,8,9,2009,0,0,304,360,1,"$9,522,466.90"
82140,6,0,0,10,9,2003,1,1,8091,678,0,"$8,215,500.30"
5706,5,0,0,38,7,2005,1,0,73,276,0,"$574,164.50"
35778,8,0,0,35,8,2012,0,1,4151,669,1,"$3,580,006.20"
73323,2,0,1,5,10,1990,0,1,3687,929,1,"$7,334,601.00"
97544,4,0,0,72,2,2014,1,1,3458,195,1,"$9,760,573.40"
74037,8,1,0,84,10,1997,1,1,533,688,1,"$7,410,767.70"
27244,3,0,0,91,7,1996,1,0,4237,293,1,"$2,731,619.60"
7812,5,0,1,93,6,2012,0,1,3559,722,1,"$786,725.20"
95800,4,1,1,28,9,1990,1,0,6051,323,0,"$9,591,195.00"
4442,1,1,0,46,8,2016,1,1,9845,851,1,"$450,428.60"
71399,2,0,0,74,10,1996,0,0,5484,652,1,"$7,141,237.60"
8223,8,1,0,18,4,2009,1,1,4835,511,0,"$828,761.90"
49694,4,1,0,17,8,2021,1,0,8872,976,1,"$4,973,672.10"
71661,5,0,1,64,6,2014,1,0,793,516,0,"$7,173,346.40"
98826,10,1,1,77,2,2007,0,0,12,948,1,"$9,894,829.70"
92000,1,1,0,6,8,2011,0,1,4693,874,1,"$9,203,514.10"
82274,4,1,1,69,1,2013,1,1,7565,170,1,"$8,237,371.30"
28957,3,1,1,2,9,1992,1,1,3222,799,1,"$2,903,240.20"
45273,5,1,0,3,6,2007,1,0,328,483,0,"$4,531,464.70"
27649,3,0,0,67,10,1997,1,0,4153,774,1,"$2,770,975.70"
78681,7,1,1,87,9,2015,1,0,5930,616,0,"$7,884,526.50"
30383,5,1,1,87,8,2000,1,1,1312,789,1,"$3,049,140.00"
16205,1,1,0,53,5,2000,0,0,5988,183,0,"$1,626,165.00"
35821,2,1,0,71,10,2013,1,0,9220,980,1,"$3,589,966.30"
96601,2,1,0,37,1,2015,1,0,478,243,1,"$9,665,463.50"
34075,2,1,1,28,2,1995,1,1,7842,545,1,"$3,415,018.50"
64246,5,1,0,90,4,1995,0,1,4368,415,1,"$6,435,521.50"
8732,4,0,1,40,7,1991,0,0,1102,535,1,"$876,520.10"
15807,9,1,0,33,2,2020,1,0,4263,951,0,"$1,587,804.00"
41409,9,1,1,9,1,2003,0,1,8936,687,0,"$4,149,403.30"
84748,6,1,0,96,9,2013,1,1,1978,179,0,"$8,480,498.30"
95514,2,0,1,83,8,2016,1,1,3388,167,0,"$9,557,636.60"
19596,1,1,0,28,10,1997,0,0,6454,677,1,"$1,965,484.70"
26886,9,0,1,10,6,1991,0,0,8380,850,1,"$2,692,355.10"
5017,5,0,0,49,5,1993,1,0,9420,343,0,"$506,461.30"
817,1,0,1,26,7,2003,1,0,7737,703,1,"$87,408.30"
56381,4,1,1,91,1,2009,0,1,9204,795,0,"$5,646,091.90"
45464,2,0,1,3,5,2021,0,1,9971,338,0,"$4,549,774.10"
63992,1,1,0,39,9,2005,1,1,5356,764,0,"$6,405,553.50"
81411,3,0,1,74,1,1998,1,1,4634,417,0,"$8,149,663.80"
67053,3,0,0,33,2,2019,0,1,7848,947,1,"$6,707,304.90"
13560,3,1,0,17,3,2001,1,0,7736,296,1,"$1,361,612.10"
59993,6,1,1,67,4,2015,1,0,7159,324,1,"$6,009,243.50"
95568,3,0,1,56,8,1992,0,0,8392,388,1,"$9,562,024.20"
50873,5,0,0,38,10,2018,1,0,4083,379,0,"$5,089,609.80"
56885,5,1,1,80,4,2001,0,1,7919,651,1,"$5,699,848.10"
72193,9,0,1,82,7,1992,0,0,5541,326,0,"$7,224,575.20"
39210,4,0,0,70,9,2011,1,0,5798,287,1,"$3,923,171.10"
82468,8,0,1,1,2,1999,0,1,3756,292,1,"$8,250,786.90"
64882,2,0,0,86,7,1990,1,1,3453,452,1,"$6,493,005.00"
98864,6,1,0,55,7,2006,1,0,3854,721,1,"$9,892,826.60"
71061,8,0,1,75,4,2018,0,1,629,587,1,"$7,118,344.80"
46585,1,0,0,91,6,1990,0,1,4670,835,1,"$4,662,821.00"
41976,3,0,1,86,7,1990,0,1,9332,475,1,"$4,205,798.00"
52165,7,1,0,3,2,1998,1,0,4903,624,0,"$5,221,495.80"
89999,9,1,0,3,4,2010,1,0,1314,186,0,"$9,004,222.00"
65611,3,0,1,23,9,1999,1,0,5046,963,0,"$6,563,935.90"
16067,8,1,0,26,7,2007,1,0,8041,943,1,"$1,610,057.70"
57970,1,1,1,53,6,2013,0,0,2019,512,1,"$5,811,905.30"
50373,7,0,1,53,3,2003,0,1,1500,352,0,"$5,043,556.30"
12079,7,1,1,70,8,2020,1,0,3094,512,1,"$1,213,149.00"
36670,3,0,1,54,9,2003,1,1,7937,346,0,"$3,676,149.30"
2122,9,1,0,67,9,2000,0,1,3154,698,1,"$219,749.00"
88458,2,0,1,36,8,2012,0,1,7119,299,0,"$8,853,221.20"
70603,1,1,0,42,1,2012,0,0,2976,324,0,"$7,065,124.20"
70091,9,1,1,86,6,2009,1,0,1786,733,0,"$7,019,102.90"
3886,3,1,1,35,5,2021,1,0,4865,808,1,"$398,355.10"
64932,7,0,0,42,9,2016,1,1,4507,889,0,"$6,496,287.60"
4434,8,1,1,29,2,2009,1,1,9010,958,0,"$453,660.90"
79441,3,1,0,84,4,2011,0,1,1381,405,0,"$7,949,525.10"
53077,5,1,0,92,2,2012,0,0,5494,110,0,"$5,317,242.20"
91526,4,0,1,3,2,2008,1,0,9724,874,0,"$9,154,926.80"
91334,3,1,0,97,4,1997,0,1,1841,768,0,"$9,142,863.70"
38674,6,1,1,97,3,2015,1,0,2129,990,1,"$3,881,695.50"
83033,3,1,0,75,9,2006,1,1,5037,164,0,"$8,313,113.60"
76692,9,1,0,28,10,1997,0,0,6830,208,1,"$7,673,297.70"
9468,6,0,1,18,3,1996,1,0,4330,317,1,"$952,050.60"
1347,10,1,1,39,7,1998,0,0,3579,714,0,"$142,485.80"
74970,3,1,1,82,5,2000,0,1,1897,869,0,"$7,509,123.00"
87957,2,0,1,46,9,2014,1,0,1335,128,1,"$8,800,891.40"
31560,7,1,0,17,10,2004,0,0,8088,499,1,"$3,159,643.40"
23804,2,0,1,39,1,2008,1,1,3709,295,1,"$2,386,532.80"
21765,9,1,1,35,10,1990,1,0,5287,442,0,"$2,184,139.00"
11192,7,1,1,100,10,2005,0,0,7138,824,1,"$1,129,884.50"
91569,8,1,1,40,10,1996,0,1,6609,514,1,"$9,166,813.60"
23554,8,1,1,31,3,1990,1,0,1667,354,1,"$2,365,037.00"
95444,7,0,1,10,5,1992,0,1,711,513,1,"$9,547,388.20"
35447,7,0,0,57,5,2017,0,1,52,437,1,"$3,550,859.70"
87502,4,0,1,89,9,2009,1,0,2759,973,0,"$8,761,066.90"
56188,6,1,1,56,1,2018,1,1,29,316,0,"$5,627,165.80"
58234,8,0,1,9,9,2005,0,0,7746,445,1,"$5,826,681.50"
11130,3,1,1,98,2,2021,1,1,353,939,0,"$1,123,958.10"
84920,9,1,1,67,7,2008,1,1,9599,164,1,"$8,498,090.80"
52593,10,0,1,24,6,1997,1,0,4272,643,0,"$5,266,675.70"
71830,7,1,1,94,5,2010,0,1,9393,771,1,"$7,198,524.00"
60443,5,1,0,29,5,2020,0,1,6197,663,1,"$6,050,123.00"
87140,6,1,0,35,4,2021,0,0,9405,759,1,"$8,719,038.10"
20466,5,0,1,17,8,1992,1,0,2320,540,1,"$2,050,714.20"
98983,4,1,0,94,4,1995,1,1,1094,458,0,"$9,907,159.50"
97600,10,0,0,60,7,2004,0,0,7030,903,0,"$9,766,250.40"
84478,6,0,1,85,7,2002,1,0,3963,916,1,"$8,455,893.20"
94293,4,1,0,63,5,2014,1,1,7991,190,0,"$9,434,658.40"
79363,7,0,1,21,9,2020,0,1,3943,665,0,"$7,939,687.00"
82102,7,1,0,13,9,2006,0,0,6721,413,0,"$8,212,467.60"
68916,5,0,0,13,3,2013,1,0,6851,487,1,"$6,893,475.30"
79078,10,1,0,90,3,1998,1,1,2568,746,1,"$7,911,742.80"
78304,6,0,0,82,4,2010,0,1,9182,766,0,"$7,838,249.00"
16318,3,1,0,66,3,2018,1,1,9700,201,1,"$1,641,389.80"
32263,4,0,1,92,1,2018,1,1,8164,348,0,"$3,235,937.80"
95800,8,1,0,20,8,2021,0,0,2299,141,1,"$9,585,132.10"
26659,2,1,1,88,8,1990,0,1,2832,378,0,"$2,677,314.00"
74995,8,0,0,57,5,2021,0,1,6677,185,1,"$7,505,553.10"
18399,9,0,1,1,3,2000,0,0,5416,222,0,"$1,841,652.00"
14099,1,1,1,4,4,2019,0,0,5603,417,1,"$1,417,841.90"
59805,5,1,0,74,10,2001,0,1,173,541,0,"$5,986,841.10"
83388,2,0,0,72,4,2016,0,1,1288,533,0,"$8,339,971.60"
34049,10,0,0,79,5,2002,0,0,9959,882,1,"$3,413,350.20"
80863,9,0,0,31,3,2013,0,1,7372,575,0,"$8,089,383.30"
48854,7,1,0,83,9,2002,1,0,4607,859,1,"$4,890,551.20"
93002,4,0,0,52,2,1992,1,1,7998,962,1,"$9,302,663.20"
68895,4,0,1,2,3,1995,0,1,8116,626,1,"$6,891,689.50"
50058,2,0,0,96,2,2005,0,1,8185,956,1,"$5,009,004.50"
93342,8,1,0,41,1,2020,0,1,7803,161,0,"$9,340,733.00"
87586,3,0,0,4,3,1997,0,1,7412,988,0,"$8,759,529.70"
59564,10,1,1,17,3,2000,0,1,705,515,1,"$5,962,905.00"
94512,5,1,0,39,1,2002,0,1,3981,694,0,"$9,457,140.20"
35145,2,0,0,8,2,2008,1,0,6162,506,0,"$3,515,730.80"
36050,10,0,0,90,8,1991,1,0,2791,217,1,"$3,611,909.10"
69630,5,1,1,76,1,1999,0,0,8174,137,1,"$6,973,784.90"
7019,7,0,0,99,4,2008,0,0,2653,934,0,"$705,568.80"
3633,3,1,1,32,1,1992,0,0,5900,375,0,"$375,162.20"
17193,7,0,1,72,4,2018,1,1,4118,774,0,"$1,724,888.80"
72730,3,0,0,38,10,1993,1,0,9441,854,1,"$7,276,501.30"
50152,9,1,0,70,7,2015,0,1,7389,413,0,"$5,018,454.50"
88898,4,1,1,52,6,2018,0,0,9679,220,1,"$8,902,046.80"
48819,3,1,0,90,2,2005,0,0,2051,317,0,"$4,887,042.50"
92649,9,0,0,77,8,1991,1,1,6811,429,1,"$9,271,774.10"
42485,9,0,0,40,7,2017,0,1,974,426,0,"$4,251,851.70"
65867,9,0,0,92,2,1994,1,1,3054,998,1,"$6,593,211.40"
2372,8,1,0,5,1,2003,0,0,8041,736,1,"$241,014.30"
60514,10,1,1,35,1,2019,1,0,9227,340,0,"$6,059,360.90"
93564,5,1,1,66,10,2019,1,1,4952,325,1,"$9,370,487.90"
40622,7,1,0,94,1,2009,0,0,1930,110,0,"$4,071,155.90"
24490,2,0,0,87,6,2009,1,1,837,174,0,"$2,452,012.90"
24386,7,1,0,71,6,1997,1,1,7112,202,1,"$2,445,795.70"
83072,9,0,1,20,9,2014,0,1,1269,110,0,"$8,312,353.40"
65741,8,0,0,78,3,2000,1,0,2518,925,1,"$6,575,564.00"
48867,1,0,0,56,6,2013,1,0,4212,114,0,"$4,889,559.30"
18148,3,0,1,39,5,2020,1,0,9853,438,0,"$1,821,559.00"
20444,9,0,1,31,3,1993,1,1,1925,670,1,"$2,049,492.30"
95591,2,0,0,43,9,2003,1,1,3279,970,1,"$9,560,516.30"
46572,4,0,0,18,4,1993,1,1,6035,704,1,"$4,658,899.30"
12849,3,1,0,21,5,2021,1,1,5245,844,1,"$1,290,147.10"
21370,10,0,1,67,8,1999,0,0,3278,767,0,"$2,142,261.90"
13131,10,0,1,46,7,2003,1,1,2408,848,1,"$1,321,934.30"
4489,9,1,1,2,2,1996,0,1,9331,205,0,"$453,812.60"
59286,6,0,1,95,3,1991,0,1,2351,943,1,"$5,940,315.10"
38370,5,0,1,73,5,2018,1,1,8712,197,0,"$3,840,886.80"
44479,2,1,0,19,3,2001,1,0,2952,676,1,"$4,453,151.10"
27738,4,0,1,44,4,2008,0,0,3734,309,1,"$2,780,182.80"
82680,3,1,1,27,7,2017,0,1,1537,112,0,"$8,273,795.70"
52687,1,1,0,43,4,2004,1,0,4554,409,1,"$5,271,994.40"
77043,10,1,1,83,6,1993,0,0,6531,814,0,"$7,709,349.30"
58041,6,1,0,29,6,2016,0,1,5539,141,1,"$5,810,358.60"
56147,5,1,0,100,7,2016,0,1,4787,922,1,"$5,621,340.60"
96006,10,1,1,17,7,2003,1,1,8173,541,1,"$9,609,774.30"
92541,4,0,0,31,3,1992,1,0,4079,920,1,"$9,255,462.20"
20978,4,0,0,86,5,1996,0,0,3089,698,1,"$2,100,765.60"
9210,9,0,1,42,7,1990,1,0,9184,986,0,"$926,256.00"
87699,6,1,0,73,7,2000,0,1,4147,606,1,"$8,777,421.00"
81260,2,0,0,3,5,1992,1,1,152,392,0,"$8,127,110.20"
94015,9,0,0,99,5,1992,1,1,6434,600,1,"$9,409,921.20"
33979,8,0,1,3,7,1994,0,0,1716,404,1,"$3,402,494.40"
81065,10,0,1,80,4,2020,0,1,4196,161,0,"$8,116,681.00"
61028,7,0,0,14,8,2006,1,1,3484,139,1,"$6,104,386.60"
31419,3,1,0,6,3,2009,0,1,8002,110,0,"$3,147,602.90"
70080,4,0,0,98,7,2014,0,1,9477,686,0,"$7,018,061.40"
58314,6,0,1,13,6,2003,0,1,1428,916,0,"$5,836,299.30"
92128,3,1,0,100,9,2019,0,0,7853,177,1,"$9,223,230.90"
61615,7,0,0,27,8,2004,1,0,2206,140,1,"$6,162,767.40"
92722,5,1,0,73,3,2019,0,1,38,550,0,"$9,283,890.90"
35755,10,1,0,20,4,2013,0,1,9967,611,0,"$3,578,043.30"
59834,7,1,1,50,6,2018,0,1,4468,925,0,"$5,992,116.80"
76297,10,1,1,69,4,1993,1,1,8273,877,0,"$7,637,924.30"
89286,8,0,0,73,9,2016,1,0,1496,622,1,"$8,933,700.60"
46367,3,1,0,84,8,2017,1,1,4360,144,0,"$4,648,492.70"
7591,5,0,1,59,2,1996,1,0,1337,234,1,"$765,416.60"
37965,8,0,0,28,1,1990,1,0,5926,825,1,"$3,799,673.00"
3155,8,1,1,16,7,2015,0,1,9865,150,1,"$323,586.50"
9845,1,0,1,82,8,2002,1,1,950,318,1,"$988,800.20"
6363,3,0,0,75,1,2013,1,1,9446,696,1,"$643,101.30"
77566,8,1,0,21,6,2009,0,0,470,244,1,"$7,762,684.90"
99918,3,1,1,58,8,1990,0,0,2482,155,0,"$10,002,945.00"
1108,3,0,0,24,8,2020,0,0,9236,145,0,"$112,384.00"
73867,4,0,0,84,5,1999,1,0,8291,243,0,"$7,391,147.90"
3822,10,0,1,76,4,1999,0,1,8829,456,0,"$392,397.90"
85911,8,1,0,31,10,1994,1,1,1914,230,1,"$8,598,134.40"
59582,4,1,0,79,5,2001,1,0,1016,865,0,"$5,965,453.10"
92522,5,1,1,20,1,2005,0,0,1000,176,1,"$9,259,875.50"
71418,5,0,1,47,8,2014,1,1,5273,286,1,"$7,147,130.40"
15975,2,0,0,80,1,2021,0,0,7550,912,0,"$1,604,852.10"
26721,9,0,1,27,6,2013,0,0,4362,123,1,"$2,676,647.30"
27230,6,0,1,73,5,2000,1,0,708,860,0,"$2,730,690.00"
69664,5,1,0,66,10,2009,0,0,4266,778,0,"$6,973,278.90"
59702,7,1,1,37,6,1994,0,1,1500,563,0,"$5,979,963.40"
88079,2,0,1,9,6,2017,1,1,122,677,0,"$8,810,981.70"
7464,4,1,0,5,10,2007,1,0,6351,945,1,"$749,433.70"
36836,2,1,0,61,5,2009,1,1,8320,335,0,"$3,690,931.90"
81118,6,0,0,60,7,1991,1,1,1639,727,1,"$8,114,549.10"
21941,7,1,1,5,8,1992,0,0,5310,901,1,"$2,202,238.20"
56509,6,1,0,68,4,2019,0,1,4090,584,1,"$5,654,739.90"
2877,4,1,0,83,4,1995,0,1,6884,653,1,"$296,378.50"
5013,1,0,0,57,6,1999,1,1,2804,305,1,"$504,173.90"
14745,9,1,0,64,3,2013,0,1,9747,824,1,"$1,486,405.30"
36511,5,0,0,44,9,1993,1,1,6784,958,0,"$3,652,333.30"
49953,5,1,1,38,9,2021,0,1,699,794,1,"$5,007,612.10"
65297,5,1,1,86,10,2017,1,1,260,910,1,"$6,536,489.70"
9457,7,0,1,37,2,2014,1,1,3606,425,0,"$953,108.40"
14224,4,1,1,45,3,2003,1,0,5175,801,0,"$1,433,009.30"
92860,5,1,1,2,2,2018,0,1,4952,473,1,"$9,291,439.80"
82109,10,0,1,15,6,1990,1,1,62,770,0,"$8,215,749.00"
82907,3,1,1,14,6,2010,1,0,2647,300,1,"$8,297,847.00"
85467,4,1,0,72,10,2016,1,1,4319,707,1,"$8,552,777.60"
48861,2,1,0,56,9,2002,0,0,4333,458,1,"$4,890,753.20"
20851,10,1,0,33,10,2004,1,0,2317,677,0,"$2,091,090.40"
54531,10,1,0,53,4,1996,1,1,9925,664,1,"$5,456,185.60"
71923,6,1,1,27,9,2002,0,1,4093,413,0,"$7,196,257.20"
87018,5,0,0,79,7,1995,0,1,2617,777,0,"$8,707,002.50"
82525,7,0,1,38,4,2008,0,1,9388,363,0,"$8,258,910.80"
1562,1,0,0,72,8,2013,0,1,9322,304,1,"$161,885.30"
55877,4,0,0,22,4,1994,1,1,6349,635,0,"$5,589,583.40"
29392,6,1,0,45,7,2003,1,0,299,200,1,"$2,944,295.30"
61067,2,1,0,39,5,1998,1,1,5257,377,0,"$6,109,873.80"
92725,9,1,1,33,6,2003,0,0,4903,363,0,"$9,283,435.30"
86614,1,0,1,63,6,1996,0,1,1472,919,1,"$8,671,187.60"
85022,4,1,0,99,10,2012,1,0,2977,734,0,"$8,508,095.20"
95388,6,0,0,57,5,2008,0,0,376,692,1,"$9,543,098.80"
389,1,0,1,34,7,2000,1,0,3187,294,0,"$43,545.00"
22254,10,0,1,46,7,1991,1,0,3063,653,0,"$2,233,861.10"
17518,8,1,1,59,2,1998,0,0,5802,113,1,"$1,760,239.80"
56997,5,1,0,93,5,1990,1,1,2970,425,1,"$5,704,164.00"
76149,6,0,1,63,4,2009,1,1,973,168,0,"$7,619,731.90"
26223,6,1,1,8,6,2014,1,1,1084,195,0,"$2,630,045.40"
88914,9,1,0,67,7,2005,1,0,7270,692,1,"$8,899,500.50"
53822,8,0,0,14,6,2008,1,1,9755,761,0,"$5,383,902.80"
22451,6,1,1,30,9,2019,0,0,4720,943,1,"$2,251,128.90"
51678,6,1,0,64,5,2016,0,1,4890,147,1,"$5,175,264.60"
77383,7,1,1,34,2,1994,1,0,4386,670,1,"$7,746,930.40"
46018,4,1,1,11,2,1993,1,1,6161,124,0,"$4,612,424.30"
43691,2,1,1,39,1,1993,1,0,834,222,0,"$4,375,504.30"
55209,1,1,0,96,6,2006,1,1,1168,691,1,"$5,532,468.60"
24052,7,1,1,6,6,2005,0,1,7850,990,1,"$2,410,520.50"
21482,9,1,1,38,8,2021,0,0,5360,271,0,"$2,156,342.10"
34713,6,0,1,27,6,2020,0,1,5767,398,1,"$3,475,991.00"
20395,9,0,1,24,1,2020,1,0,5170,381,1,"$2,041,658.00"
2599,8,1,0,85,9,2004,1,1,5566,989,1,"$267,488.40"
81472,10,1,1,16,7,2013,0,0,2042,526,0,"$8,157,989.30"
69945,9,0,0,77,8,2014,0,0,8796,924,0,"$6,998,212.40"
61139,9,0,1,94,2,2006,0,0,2336,225,1,"$6,127,221.60"
28899,7,1,0,20,9,2007,1,1,8771,907,0,"$2,892,484.70"
23210,5,0,0,1,10,2014,0,1,4166,608,1,"$2,321,968.40"
48670,4,1,1,53,8,2005,0,1,1372,755,1,"$4,874,367.50"
60256,10,1,0,68,3,2016,0,1,5123,569,1,"$6,033,836.60"
81902,9,0,0,85,8,2010,0,0,885,514,1,"$8,192,941.00"
22606,2,0,1,80,3,1998,1,1,2718,776,0,"$2,271,736.80"
56613,10,1,0,92,10,1990,1,0,5219,444,1,"$5,673,842.00"
54822,9,0,1,12,9,2016,1,0,9311,459,0,"$5,485,078.60"
46536,5,0,0,58,5,1997,1,0,1768,924,0,"$4,660,099.70"
61502,7,1,0,75,10,2019,0,0,6111,258,0,"$6,158,082.90"
42079,7,1,0,10,1,1991,0,0,3385,254,1,"$4,213,303.10"
1693,9,0,1,38,1,2006,0,0,2917,714,1,"$174,850.60"
28617,6,1,0,65,9,1995,0,1,6782,666,0,"$2,866,340.50"
94394,6,0,0,94,10,2006,0,1,8167,891,0,"$9,441,848.60"
71714,4,0,0,53,1,2006,1,0,8313,288,0,"$7,175,059.60"
28076,5,1,1,86,1,2014,0,1,6596,110,0,"$2,819,687.40"
88642,4,0,0,83,3,2001,0,0,2366,950,1,"$8,872,635.10"
99532,4,0,0,62,6,1993,1,0,3158,501,0,"$9,954,865.30"
70707,2,1,1,68,8,2011,0,1,7276,859,1,"$7,077,984.10"
68985,7,1,1,79,4,2017,0,1,5004,755,0,"$6,910,322.70"
20469,4,1,0,77,4,2003,0,0,3682,809,1,"$2,057,093.30"
64930,1,1,1,75,6,2001,1,1,4584,612,1,"$6,510,156.10"
47275,7,0,0,86,1,1990,0,1,5759,768,0,"$4,731,933.00"
88658,7,0,1,7,6,2015,1,0,7508,535,1,"$8,869,471.50"
51476,9,1,1,97,9,2017,0,0,1268,330,1,"$5,155,902.70"
15351,3,1,0,14,3,2003,0,1,6441,873,1,"$1,539,085.30"
66990,1,1,1,3,4,2011,0,1,8630,995,1,"$6,708,186.10"
99338,5,0,1,88,1,2007,1,1,7399,867,1,"$9,941,123.70"
18376,3,0,1,21,9,1997,0,1,5904,612,0,"$1,842,716.70"
16214,3,1,0,56,9,2015,1,1,9024,882,0,"$1,629,077.50"
42477,1,1,0,13,2,1991,1,0,5380,943,0,"$4,252,254.10"
1331,2,0,0,94,3,1996,1,1,5208,591,1,"$135,115.60"
32433,5,0,1,71,5,1999,1,1,5047,318,0,"$3,253,892.90"
16888,2,1,1,41,5,1996,0,0,4516,967,1,"$1,694,620.60"
45206,1,1,1,12,8,2014,0,0,2724,615,0,"$4,527,173.40"
77936,5,1,0,54,6,2001,0,0,3782,380,1,"$7,799,946.10"
52324,9,1,1,36,6,2009,1,1,487,690,0,"$5,240,655.90"
94565,9,0,0,95,1,2004,0,0,8133,213,0,"$9,463,275.40"
38273,8,0,1,26,3,2012,0,0,1451,618,0,"$3,832,850.20"
50109,3,0,1,13,2,2015,1,1,7101,846,0,"$5,016,997.50"
1887,5,0,1,28,9,2015,0,0,3200,594,0,"$194,035.50"
43891,7,0,1,23,9,2005,0,0,6242,634,1,"$4,394,008.50"
43621,10,0,0,62,9,2010,1,1,9613,902,0,"$4,364,041.00"
93924,9,0,0,38,3,1992,1,1,6396,588,1,"$9,396,009.20"
70589,4,1,1,7,5,2009,1,1,4554,739,1,"$7,065,959.90"
15729,2,0,0,94,2,1998,1,0,3260,480,1,"$1,575,961.80"
36849,4,0,1,52,4,1998,1,0,1892,678,1,"$3,689,400.80"
68365,2,0,0,82,5,2001,1,0,8576,663,1,"$6,841,624.10"
52478,2,0,1,22,6,1992,1,0,9916,428,0,"$5,252,648.20"
67012,8,0,0,76,9,2004,1,1,6796,248,1,"$6,707,398.40"
61335,8,0,1,13,4,2018,1,0,2805,104,0,"$6,137,391.80"
3535,4,0,1,16,8,1995,0,1,2341,962,1,"$358,689.50"
79620,10,0,0,63,4,2019,1,0,7652,150,1,"$7,965,223.90"
53596,5,1,1,97,4,2020,0,1,7636,847,0,"$5,369,695.00"
74621,8,1,0,17,3,2003,1,1,2857,313,0,"$7,468,927.30"
21749,3,1,1,49,10,2011,1,0,5405,502,1,"$2,181,457.10"
60899,9,1,1,64,7,2004,0,0,3350,735,1,"$6,099,761.40"
7957,5,1,0,66,5,2001,1,0,314,143,0,"$805,480.10"
35941,9,0,0,97,8,2001,1,0,3845,191,1,"$3,596,784.10"
97772,7,1,1,27,2,1993,1,1,7671,594,1,"$9,781,828.30"
66508,5,0,0,100,3,1990,1,1,5510,545,1,"$6,652,899.00"
30862,3,1,1,12,2,2001,1,0,3856,233,1,"$3,091,919.10"
25872,8,0,0,28,9,1991,1,0,1995,992,0,"$2,589,819.10"
81653,8,1,0,77,1,2007,1,1,827,685,0,"$8,173,862.70"
3261,7,0,1,32,9,2010,1,1,3937,969,0,"$330,590.00"
86301,8,0,1,13,1,2006,0,0,7729,125,1,"$8,634,295.60"
31810,2,0,0,20,4,1994,0,0,1413,137,0,"$3,183,159.40"
49386,8,0,1,76,2,1990,1,1,3940,376,1,"$4,943,038.00"
82353,5,1,0,98,9,2011,1,0,9983,612,1,"$8,238,845.10"
25998,3,1,1,99,6,2001,1,0,6471,196,0,"$2,618,078.10"
43120,2,1,1,58,5,1990,1,0,3887,854,1,"$4,322,504.00"
82202,6,0,1,59,2,2014,1,1,3857,326,0,"$8,227,582.40"
51966,2,1,1,27,10,1994,1,0,132,946,1,"$5,202,574.40"
74988,9,1,1,66,7,2012,0,0,7677,714,1,"$7,513,503.20"
35412,3,1,1,70,8,1994,0,0,4160,455,0,"$3,555,286.40"
18179,3,1,1,49,2,2004,0,0,3796,905,1,"$1,822,705.40"
35375,5,0,1,93,3,2006,0,0,9591,383,1,"$3,547,670.60"
75731,2,0,0,98,5,2017,0,0,9189,384,0,"$7,581,003.70"
40227,1,1,1,46,1,1997,1,1,1146,668,1,"$4,030,969.70"
93046,10,0,1,88,7,2000,1,1,9528,614,1,"$9,312,840.00"
16979,5,1,0,84,5,2012,0,0,4773,303,0,"$1,706,608.20"
45273,5,0,1,27,10,2007,0,0,139,992,0,"$4,535,019.70"
62247,2,0,0,68,4,2010,1,0,3823,907,1,"$6,231,793.00"
44913,7,0,0,39,9,2015,0,0,6521,652,1,"$4,493,550.50"
60745,4,0,1,85,6,2015,1,1,5075,936,1,"$6,084,063.50"
93571,6,1,0,38,9,2018,1,1,5674,995,0,"$9,361,586.80"
15186,2,0,0,73,8,2001,1,0,3742,763,1,"$1,523,188.10"
32024,4,0,1,13,10,2019,0,0,4896,920,1,"$3,207,302.90"
30579,7,0,0,98,4,2002,1,0,5664,268,1,"$3,064,236.20"
83117,6,1,0,1,6,1993,1,1,7867,382,1,"$8,314,925.30"
75189,6,0,0,53,4,2005,1,0,9457,465,1,"$7,523,363.50"
6121,6,1,0,31,1,2004,1,0,8341,560,0,"$618,710.40"
47554,4,1,1,53,4,2020,1,0,8783,688,1,"$4,765,507.00"
38525,7,1,1,18,3,2018,0,1,161,599,1,"$3,861,258.80"
76623,5,0,0,9,9,2001,0,0,1831,410,1,"$7,663,621.10"
56430,5,0,1,95,8,2013,1,0,4525,795,1,"$5,651,930.30"
89237,9,1,0,99,5,2004,0,0,1129,299,1,"$8,935,828.40"
42495,5,0,1,11,3,2008,0,0,6667,548,1,"$4,254,092.80"
2930,3,1,0,52,4,2002,1,1,1757,549,1,"$298,074.20"
34336,6,1,1,55,4,2013,1,0,1604,630,0,"$3,442,471.30"
39222,1,1,0,25,3,1991,1,0,4245,381,1,"$3,929,495.10"
36428,6,0,1,9,2,2015,1,1,3344,255,0,"$3,646,080.50"
9852,1,1,0,25,10,1990,1,1,6620,141,1,"$992,182.00"
27197,10,1,1,91,1,2021,1,1,9484,740,0,"$2,727,914.10"
30176,6,0,1,84,8,2011,1,0,8940,754,1,"$3,024,957.10"
40057,2,0,0,32,9,2020,0,1,2609,877,0,"$4,007,722.00"
54379,5,1,1,10,9,2012,0,0,8445,466,0,"$5,447,444.20"
35131,10,0,1,12,2,2001,1,0,4415,914,1,"$3,515,398.10"
30872,3,0,0,19,6,1992,1,0,5917,370,1,"$3,088,148.20"
94569,6,1,1,6,4,2000,1,1,848,939,0,"$9,464,117.00"
35714,1,1,0,52,9,1993,0,1,8094,240,1,"$3,578,983.30"
63182,10,0,1,91,5,1990,0,1,4465,469,0,"$6,326,321.00"
35122,4,0,1,76,1,1993,1,1,9919,390,1,"$3,519,372.30"
49171,2,1,1,78,5,2004,0,0,5815,515,0,"$4,931,736.40"
83780,1,1,0,6,10,2020,1,1,4012,656,1,"$8,382,464.00"
87781,10,1,1,44,9,2011,1,1,3052,933,1,"$8,789,651.10"
93437,9,1,0,36,7,2009,1,1,3370,850,0,"$9,350,312.90"
51477,1,1,1,26,9,2021,0,1,480,271,1,"$5,152,795.10"
33028,10,0,1,4,2,2016,0,0,6303,211,0,"$3,307,652.60"
78173,4,0,0,68,3,1996,0,0,3923,791,0,"$7,819,707.60"
85424,5,1,1,26,2,2005,1,0,6111,500,1,"$8,548,350.50"
41303,7,0,0,29,2,2021,0,0,2712,625,0,"$4,132,922.10"
96859,1,0,1,84,3,2020,1,0,8672,740,0,"$9,697,543.00"
43455,1,0,1,49,10,2010,0,0,5289,293,0,"$4,353,454.00"
66050,9,1,0,81,3,2018,1,0,7047,433,1,"$6,616,556.80"
56659,8,0,1,85,8,2012,0,0,3855,554,1,"$5,671,005.20"
58597,2,1,1,4,7,2021,1,0,2792,146,1,"$5,867,655.10"
78552,8,1,1,32,8,2008,0,0,8338,747,0,"$7,861,906.80"
36565,10,0,0,19,9,2007,0,0,4363,523,1,"$3,658,403.70"
97843,7,0,0,76,6,2012,1,0,2334,780,0,"$9,790,045.20"
49777,8,1,0,64,8,1990,0,1,1399,880,1,"$4,984,030.00"
94847,2,1,1,6,3,2001,0,1,9311,426,0,"$9,493,047.10"
5886,8,1,1,22,10,1991,1,0,3244,871,0,"$594,670.10"
85083,4,0,0,33,10,1994,1,1,1697,573,1,"$8,511,641.40"
60153,10,0,1,49,6,1994,1,0,1658,519,1,"$6,021,519.40"
13553,7,0,0,65,6,2017,1,1,5143,437,0,"$1,360,671.70"
90797,8,0,0,35,1,1998,0,1,1112,806,1,"$9,082,814.80"
66814,1,1,0,57,10,2018,0,1,95,351,0,"$6,684,800.80"
87182,6,1,1,11,3,2007,1,0,5422,204,0,"$8,723,444.70"
85184,6,1,0,12,2,2008,1,1,6650,415,1,"$8,522,151.80"
22216,3,1,0,21,10,2006,0,0,7509,963,1,"$2,227,097.60"
20967,5,1,1,66,2,2016,1,0,8214,118,1,"$2,103,788.60"
52948,7,1,1,10,9,1994,1,0,190,114,1,"$5,301,685.40"
69328,4,1,0,64,9,1997,1,0,3320,499,0,"$6,939,925.70"
8759,8,0,0,28,8,2003,1,0,2356,651,1,"$879,516.30"
83475,8,1,1,21,6,2003,1,1,8529,713,0,"$8,354,822.30"
68213,1,0,0,46,7,2018,1,1,5504,689,0,"$6,824,757.80"
37041,5,1,1,42,1,1990,1,1,5601,108,0,"$3,712,504.00"
45199,2,1,1,35,9,2017,0,0,6758,363,1,"$4,525,009.70"
64514,2,1,1,7,3,2018,1,0,4548,446,0,"$6,458,929.80"
55484,2,0,1,28,10,1996,1,1,3639,377,0,"$5,555,288.60"
74310,4,1,0,30,4,2004,0,0,8773,200,1,"$7,436,951.40"
75985,1,0,1,68,10,1994,0,0,6106,884,1,"$7,606,736.40"
90110,1,1,0,52,5,1998,1,0,8600,384,0,"$9,019,491.80"
77231,3,1,1,86,4,2008,0,0,7020,185,1,"$7,736,121.80"
33135,8,0,0,77,3,2014,1,1,5397,745,1,"$3,319,402.40"
25662,4,1,0,28,6,1992,0,0,5062,857,1,"$2,572,373.20"
3479,6,0,0,21,6,2016,1,0,6261,484,1,"$349,192.60"
91004,2,1,0,11,1,2009,1,1,1334,460,0,"$9,102,980.90"
41387,10,0,0,37,2,2008,0,0,5738,760,1,"$4,141,466.80"
82616,10,0,0,31,7,2003,0,0,7653,961,0,"$8,262,441.30"
40647,6,1,1,96,3,2007,0,1,8371,372,1,"$4,077,290.70"
9410,10,1,0,99,7,1994,1,0,7053,827,1,"$953,870.40"
81166,1,0,0,33,1,2017,1,0,3061,502,0,"$8,119,282.70"
21459,1,0,1,85,6,2005,1,1,5520,100,1,"$2,156,838.50"
94674,7,1,1,78,5,1991,1,1,8822,590,0,"$9,477,047.10"
76405,4,1,1,71,4,2009,0,1,2611,255,0,"$7,654,143.90"
59302,10,1,1,31,5,2007,1,0,4968,826,1,"$5,940,173.70"
5017,9,1,0,10,10,2005,1,0,7797,880,1,"$505,976.50"
45737,8,1,1,37,5,2011,1,0,7396,134,1,"$4,580,439.10"
77021,5,1,1,27,4,1990,1,1,5405,131,1,"$7,708,657.00"
37563,3,0,0,73,8,1994,0,1,7193,522,0,"$3,758,386.40"
32561,4,0,0,69,10,2016,1,1,5445,206,1,"$3,259,171.60"
97802,10,1,0,68,2,2021,1,1,8877,189,1,"$9,787,101.10"
40792,7,0,0,65,9,2018,1,0,7593,680,0,"$4,083,461.80"
96309,2,1,1,25,6,2011,1,1,6790,164,1,"$9,638,086.10"
34131,2,1,0,19,10,1991,0,1,3503,122,1,"$3,418,759.10"
7427,7,0,0,25,1,2011,1,0,637,878,1,"$743,576.10"
93132,2,1,1,35,9,1998,0,1,2064,315,1,"$9,320,824.80"
792,2,0,1,68,4,2016,1,1,9670,904,1,"$86,613.60"
87446,8,0,0,5,9,2006,1,0,777,217,1,"$8,745,320.60"
12664,2,1,1,27,3,1997,0,0,5096,332,0,"$1,276,391.70"
52101,4,1,1,96,4,1991,0,1,4434,829,1,"$5,223,673.10"
65052,6,0,0,25,7,1992,1,0,6382,976,1,"$6,507,074.20"
96526,7,0,0,97,2,1992,1,0,5207,553,0,"$9,657,476.20"
42943,2,1,1,82,5,1994,0,1,1203,294,1,"$4,303,486.40"
51518,10,0,1,67,2,1999,1,1,9542,124,1,"$5,160,065.90"
28311,5,0,0,25,6,2002,1,0,7463,157,0,"$2,833,875.20"
40081,7,0,0,21,6,2012,1,0,1731,359,1,"$4,009,410.20"
53020,9,0,1,79,6,1996,1,0,5586,637,0,"$5,309,888.60"
5740,5,0,1,66,8,2001,1,0,5294,276,0,"$578,196.10"
91472,8,1,0,30,2,2002,0,1,2505,123,1,"$9,154,295.20"
42820,2,1,0,58,10,2002,0,0,5629,885,0,"$4,284,262.20"
56105,5,1,0,26,8,2013,0,1,6193,425,1,"$5,615,435.30"
52370,8,1,1,68,5,2002,1,1,4829,293,0,"$5,249,769.20"
16998,8,1,1,90,4,2013,0,1,8630,569,0,"$1,711,614.30"
37394,1,0,1,50,8,2013,0,1,5502,369,0,"$3,747,668.30"
39092,7,0,0,39,10,2008,0,0,4754,728,1,"$3,912,190.80"
82310,9,1,0,21,6,2006,0,1,1244,527,0,"$8,235,493.60"
79576,5,0,0,24,6,2011,0,0,3003,895,0,"$7,958,981.10"
73717,9,1,1,39,9,2017,1,1,2569,449,0,"$7,380,635.70"
33851,1,1,0,72,4,2013,1,0,1297,944,0,"$3,390,907.30"
22878,4,0,1,50,2,2014,1,1,7075,885,0,"$2,293,660.40"
30352,8,0,1,32,8,1998,0,1,887,230,1,"$3,040,502.80"
75549,10,1,0,69,5,2013,1,1,72,708,1,"$7,561,347.30"
95568,3,1,0,73,10,2013,1,1,5347,819,1,"$9,566,990.30"
15180,6,0,0,6,6,2003,0,1,1867,614,1,"$1,518,916.30"
57582,8,0,0,55,1,2014,1,0,7345,385,0,"$5,762,906.40"
25112,9,0,0,99,5,1994,0,0,750,303,0,"$2,518,927.40"
12558,8,1,1,40,1,2014,1,0,2566,214,1,"$1,267,518.40"
43262,10,1,1,86,4,2016,0,1,310,677,1,"$4,338,500.60"
15334,10,1,0,43,5,1996,0,1,8275,266,1,"$1,535,869.60"
95409,8,0,0,78,3,2003,0,1,3890,796,1,"$9,544,720.30"
58704,7,1,1,53,2,1996,1,0,6928,440,1,"$5,883,585.60"
14213,5,0,1,32,4,2013,1,1,3651,745,0,"$1,428,141.30"
56007,8,0,1,81,9,2000,0,0,5027,104,0,"$5,604,820.00"
52330,10,1,1,64,1,2017,1,0,1888,705,1,"$5,245,987.70"
74986,9,1,1,94,5,1999,0,0,1878,766,1,"$7,510,238.90"
41043,7,0,0,78,10,1993,1,0,5723,603,1,"$4,105,841.30"
90374,4,0,1,24,3,2016,0,0,4161,102,0,"$9,043,292.60"
73664,8,0,0,96,2,2011,0,1,9940,617,0,"$7,368,733.10"
64693,3,1,0,10,3,2001,0,0,9194,352,1,"$6,472,400.10"
20743,8,1,0,15,5,2011,0,1,3648,835,1,"$2,080,020.10"
1719,10,1,1,31,4,2018,1,1,736,165,1,"$180,524.80"
61920,5,0,1,70,5,2000,0,1,127,867,0,"$6,198,911.00"
79047,7,1,0,58,1,1992,0,0,5833,309,0,"$7,913,249.20"
1344,9,0,0,10,1,2016,0,1,2060,605,0,"$135,751.60"
90170,10,0,1,23,4,2010,1,0,739,919,1,"$9,019,821.00"
92196,9,0,1,84,9,1992,1,0,3300,314,1,"$9,224,397.20"
5065,10,0,0,89,7,1997,1,1,5208,860,0,"$516,232.70"
7923,9,1,1,1,10,2001,1,1,7056,531,1,"$799,303.10"
80237,4,0,0,35,8,2006,1,1,6209,134,1,"$8,025,945.60"
63681,9,0,1,16,7,2005,0,0,1778,520,0,"$6,373,356.50"
33749,7,0,0,38,10,1991,1,0,5688,169,0,"$3,379,097.10"
98664,7,1,1,42,2,2003,1,1,3439,222,0,"$9,876,359.30"
7535,2,0,0,58,2,2012,1,1,5069,229,1,"$756,107.20"
29827,7,1,1,45,6,2013,1,1,8183,197,1,"$2,990,376.30"
39734,8,1,1,81,8,1992,0,0,3606,510,0,"$3,983,895.20"
1097,7,0,0,66,5,2020,1,0,2597,110,1,"$114,412.00"
79629,2,0,0,8,1,2009,1,1,5358,615,0,"$7,964,152.90"
61480,6,0,0,39,7,2021,1,0,2121,643,1,"$6,149,872.10"
89921,5,1,0,2,6,2008,1,0,7541,746,0,"$8,995,782.80"
78256,7,1,0,33,3,2006,1,1,5104,206,1,"$7,832,866.60"
2743,5,0,0,20,2,1996,1,1,8385,474,0,"$276,139.60"
33507,5,0,1,87,2,2013,0,0,221,418,0,"$3,360,225.30"
51859,3,0,0,60,8,2003,0,1,7275,572,0,"$5,190,340.30"
9145,4,1,0,59,5,2009,1,0,8147,841,0,"$919,003.90"
60072,3,1,1,81,1,2013,0,1,619,866,1,"$6,021,514.30"
33099,10,1,1,86,5,2020,1,1,7525,795,1,"$3,322,097.00"
48299,10,0,1,34,5,2010,0,1,1928,846,1,"$4,838,730.00"
72481,6,1,0,71,1,2021,0,1,9080,273,0,"$7,254,308.10"
65822,5,0,0,88,3,2006,0,1,5889,396,0,"$6,585,590.60"
40259,8,0,0,25,8,2003,0,0,2455,864,1,"$4,029,000.30"
43653,1,0,1,72,2,2012,1,1,5654,519,1,"$4,374,203.20"
44008,6,0,0,10,7,1992,0,0,894,817,1,"$4,402,299.20"
6578,1,0,1,27,4,2008,0,0,7746,346,0,"$662,084.80"
25210,3,1,0,34,1,1994,1,0,5454,147,0,"$2,525,784.40"
72580,2,1,1,84,2,1996,1,1,9378,409,0,"$7,269,915.60"
4722,6,0,0,99,1,1995,1,1,806,456,0,"$481,417.50"
52967,8,1,0,54,1,1990,1,1,9331,497,1,"$5,304,068.00"
48046,9,1,1,54,2,2015,1,0,7748,428,1,"$4,818,306.50"
58725,8,0,1,5,10,2018,0,0,8990,831,1,"$5,876,344.80"
80062,8,0,0,90,4,2011,0,0,1797,862,0,"$8,007,951.10"
87547,6,0,0,81,4,2008,0,0,7269,715,1,"$8,756,084.80"
10496,7,0,1,39,4,2007,1,1,7069,473,1,"$1,056,525.70"
53466,10,1,1,22,8,2007,1,0,6083,633,0,"$5,354,379.70"
81164,9,1,1,40,9,2005,0,0,2828,749,1,"$8,122,770.50"
12125,8,0,1,45,7,2004,0,0,8208,204,1,"$1,219,284.40"
73851,9,1,0,8,2,2007,1,0,1690,171,0,"$7,387,211.70"
9327,6,1,1,72,8,2001,1,0,193,651,1,"$942,653.10"
64000,9,0,1,85,6,2012,1,0,9149,389,0,"$6,407,878.20"
4840,10,1,1,70,7,1992,0,1,9078,739,1,"$497,373.20"
48164,6,0,1,36,6,2003,0,1,5361,995,1,"$4,819,035.30"
70087,2,1,1,81,6,2017,0,1,1736,601,0,"$7,025,221.70"
68609,1,1,0,74,4,2000,0,0,8794,912,1,"$6,870,074.00"
92037,9,1,1,66,3,1993,1,1,3416,762,1,"$9,216,204.30"
34477,10,1,0,24,10,1995,0,0,5761,472,0,"$3,454,533.50"
16009,2,1,1,32,10,1992,0,0,8617,360,1,"$1,609,358.20"
66061,4,1,0,61,7,1990,0,1,6571,670,0,"$6,613,492.00"
96142,7,0,1,79,7,2020,1,0,1962,832,1,"$9,622,454.00"
34341,1,0,0,81,5,2017,1,1,1765,727,0,"$3,440,578.70"
52576,5,0,1,16,5,2021,0,0,6790,563,1,"$5,260,049.10"
31149,6,1,0,81,10,2002,0,0,2821,468,0,"$3,122,865.20"
35958,4,1,0,52,1,1995,0,0,1555,362,0,"$3,602,301.50"
4114,8,1,0,14,8,1996,0,0,8440,961,1,"$415,562.60"
39995,5,0,1,79,4,2008,0,0,4683,111,1,"$4,003,367.80"
99227,1,1,1,82,5,1991,0,1,4052,397,0,"$9,936,021.10"
39337,1,0,1,53,7,2017,0,0,9298,185,1,"$3,939,660.70"
77980,3,1,1,60,5,2003,1,1,4579,469,1,"$7,808,460.30"
63092,9,1,1,84,6,2000,1,1,3993,405,1,"$6,319,624.00"
58974,9,0,0,78,9,2008,0,1,7758,278,0,"$5,904,218.80"
91156,10,0,1,47,5,2009,0,1,9405,842,0,"$9,120,679.90"
31045,9,1,0,35,9,1990,1,0,1750,404,0,"$3,109,000.00"
17012,6,0,0,6,4,1999,0,0,8324,189,0,"$1,702,289.90"
21258,5,1,1,30,6,1991,0,0,3175,298,0,"$2,131,166.10"
82808,5,0,0,7,2,2004,1,1,2185,459,1,"$8,282,112.40"
31696,1,0,0,57,6,2005,0,1,1062,562,0,"$3,172,950.50"
76262,5,1,1,86,9,2021,0,1,6248,307,1,"$7,636,698.10"
51127,6,0,0,41,6,2012,0,0,1888,818,1,"$5,116,713.20"
13092,9,1,0,11,2,2009,1,0,4448,567,0,"$1,312,532.90"
84722,5,1,1,51,3,1993,0,0,9686,318,0,"$8,479,242.30"
28787,3,1,0,83,7,2018,0,1,7495,618,0,"$2,889,198.80"
18436,5,1,1,6,9,2002,0,1,6212,811,1,"$1,852,147.20"
3426,10,1,0,11,8,1992,1,0,828,845,0,"$345,268.20"
27193,8,1,1,5,4,2016,1,1,2151,386,1,"$2,726,538.60"
85431,6,1,0,33,2,2016,1,0,8326,195,1,"$8,550,479.60"
11986,8,1,0,100,1,2014,1,0,1441,770,0,"$1,207,946.40"
77744,7,0,0,85,7,1990,0,1,3190,379,0,"$7,781,079.00"
41419,5,0,0,96,1,1992,0,0,8271,309,0,"$4,146,569.20"
88441,3,1,1,65,9,2014,1,0,6096,639,1,"$8,854,284.40"
6506,9,1,0,35,6,2002,1,1,9958,838,0,"$658,467.20"
61562,3,1,0,87,10,1991,1,0,32,873,0,"$6,164,454.10"
69355,5,0,1,93,6,2013,1,0,3625,796,1,"$6,942,882.30"
1453,3,1,1,5,1,2009,0,0,9078,286,0,"$152,267.90"
91524,4,1,1,83,9,2003,0,1,5349,400,0,"$9,157,838.30"
79375,10,1,0,6,7,2013,0,1,4513,222,0,"$7,942,261.30"
15940,6,0,0,15,2,1990,0,1,729,526,0,"$1,595,269.00"
36425,8,1,0,93,8,1996,1,0,6507,629,1,"$3,654,949.60"
83264,2,1,1,20,5,2021,1,1,3072,605,0,"$8,336,224.10"
26018,3,0,1,79,4,2002,0,0,5295,707,1,"$2,608,276.20"
52194,1,0,1,97,5,2017,0,0,2232,970,1,"$5,224,594.70"
72570,3,0,0,97,5,2014,1,1,9856,874,0,"$7,260,082.40"
88671,4,1,0,44,5,1997,0,1,4769,527,1,"$8,871,592.70"
3796,3,1,1,86,2,2004,1,1,4418,412,1,"$389,975.40"
94129,10,0,0,81,1,1998,0,1,6578,254,0,"$9,419,500.80"
60490,5,0,0,80,4,1998,0,1,2930,953,1,"$6,051,979.80"
10206,1,1,0,56,4,2007,0,0,6807,537,1,"$1,024,239.70"
14375,3,0,1,85,10,2019,0,0,9111,402,0,"$1,449,663.90"
42168,6,1,0,80,10,2013,0,1,8869,364,1,"$4,222,857.30"
46695,1,1,1,78,8,1997,0,0,2840,194,1,"$4,680,907.70"
1514,5,1,0,82,2,2001,0,1,1049,354,0,"$156,371.10"
24140,6,0,0,13,6,2014,0,0,8956,562,1,"$2,415,551.40"
68309,7,0,0,83,10,2006,0,1,1714,895,0,"$6,836,397.60"
59288,8,0,1,8,4,2021,1,0,4412,219,0,"$5,934,463.10"
99173,4,1,1,35,3,1992,1,0,4914,248,0,"$9,927,131.20"
20926,7,0,0,34,6,2011,0,0,2379,759,1,"$2,093,781.10"
22567,6,0,0,37,4,2000,0,1,3815,654,0,"$2,257,816.00"
31873,7,1,1,44,6,1997,1,0,9443,393,0,"$3,197,462.70"
83197,6,1,1,68,5,1997,1,0,4439,351,1,"$8,327,908.70"
57229,9,1,0,26,6,2001,1,1,3468,333,1,"$5,729,282.10"
68143,4,0,0,14,8,2018,0,0,2675,994,1,"$6,816,133.80"
21284,8,0,0,63,7,2010,0,0,1589,788,0,"$2,134,558.00"
90360,6,1,0,4,10,2003,0,1,4727,727,0,"$9,039,117.30"
83300,8,1,0,100,4,2001,0,0,3231,423,1,"$8,338,071.10"
79770,10,0,0,57,4,1997,0,0,8501,363,1,"$7,978,838.70"
31239,10,0,0,77,8,1992,1,0,6178,208,1,"$3,130,709.20"
49856,7,1,1,25,7,1997,1,1,7182,125,0,"$4,992,838.70"
24840,4,1,1,82,1,2002,0,0,3619,504,0,"$2,494,109.20"
52526,2,1,1,28,2,2008,1,1,211,485,0,"$5,261,013.80"
12797,1,1,0,26,3,2001,1,0,9030,961,1,"$1,284,541.10"
77128,8,0,0,79,9,1998,0,1,3383,269,1,"$7,721,041.80"
77708,3,0,1,95,7,2015,1,1,2635,546,0,"$7,778,998.50"
42509,4,0,1,83,7,2017,1,1,5212,179,1,"$4,260,579.70"
53436,8,1,1,1,2,2000,1,0,6009,178,1,"$5,352,131.00"
1344,10,0,0,56,6,2020,0,0,3576,404,1,"$140,104.00"
61911,4,0,0,89,3,2000,1,1,8178,410,0,"$6,200,711.00"
82247,7,1,1,34,3,1992,0,0,6593,402,1,"$8,231,274.20"
20447,4,0,1,99,4,2020,1,0,9134,642,1,"$2,056,119.00"
54645,1,0,0,23,4,2007,1,0,6195,645,1,"$5,466,135.70"
61453,2,1,1,86,4,2006,1,0,8951,558,1,"$6,152,438.60"
91978,10,0,1,6,10,1995,1,1,7355,815,1,"$9,201,430.50"
5826,4,0,1,80,8,2003,1,0,3606,922,1,"$590,397.30"
20486,10,0,1,17,7,2013,1,0,9303,876,0,"$2,052,565.30"
9474,7,1,1,84,10,2002,0,1,6994,156,0,"$961,132.20"
98426,9,0,1,74,6,1992,0,1,3934,820,1,"$9,850,377.20"
49072,6,0,0,46,1,2007,1,0,9889,245,1,"$4,910,288.70"
54310,2,1,0,34,5,1998,0,0,763,838,1,"$5,435,355.80"
78289,9,1,1,34,8,1995,0,0,5833,168,0,"$7,834,644.50"
30403,8,1,0,84,4,2017,1,0,8656,490,1,"$3,049,116.70"
62083,5,1,0,63,2,1991,1,0,1709,121,0,"$6,212,807.10"
57405,7,1,1,32,1,2018,0,1,1870,653,0,"$5,747,803.80"
22674,3,0,0,87,10,2003,1,1,2214,471,0,"$2,275,756.30"
51682,9,0,1,100,10,1997,1,0,7572,510,0,"$5,179,120.70"
72001,5,0,0,76,2,2005,1,1,7481,695,1,"$7,207,458.50"
43758,7,0,0,94,6,2008,1,0,9550,441,0,"$4,385,098.80"
63958,2,1,1,97,4,2013,1,1,7067,915,1,"$6,409,487.30"
66049,8,0,0,6,1,1996,0,1,6899,368,1,"$6,605,823.60"
18780,8,0,1,77,8,1994,0,1,4010,767,1,"$1,889,782.40"
88810,9,1,0,11,1,1993,0,0,7900,902,1,"$8,883,384.30"
76936,2,0,0,31,10,1995,1,1,3776,330,0,"$7,696,025.50"
98403,7,1,1,10,6,2014,1,1,2823,399,0,"$9,847,192.40"
30249,9,0,0,53,7,1993,0,0,3720,415,1,"$3,026,833.30"
40588,6,0,1,13,9,2008,1,1,4056,827,0,"$4,064,857.80"
6686,10,0,0,73,4,1999,0,0,3114,898,1,"$674,578.90"
93703,9,1,0,59,4,2012,1,0,7305,869,1,"$9,378,462.20"
86049,5,1,1,49,9,2011,1,1,6318,374,1,"$8,615,471.10"
44728,3,1,0,82,10,1994,0,0,2593,283,1,"$4,482,174.40"
53565,9,1,0,47,3,1990,0,1,9618,273,1,"$5,363,979.00"
74769,9,1,1,30,9,2011,0,1,3835,288,0,"$7,487,371.10"
31131,1,1,0,55,5,2006,1,1,4193,620,0,"$3,119,278.60"
10526,2,1,0,79,8,1997,0,0,9534,359,1,"$1,061,695.70"
98462,6,0,1,38,4,2003,1,1,2792,794,0,"$9,851,011.30"
55094,6,1,0,33,7,2016,0,0,4704,577,0,"$5,513,407.60"
14293,3,0,1,7,6,2013,0,0,9029,761,1,"$1,432,820.30"
45008,8,1,1,48,2,2002,1,0,6870,656,0,"$4,511,521.20"
83857,9,1,1,92,3,2016,0,1,1703,806,0,"$8,398,328.60"
34136,8,1,1,18,9,2001,1,1,6937,112,0,"$3,422,411.10"
88123,3,1,0,43,6,1999,1,0,4371,174,1,"$8,816,802.90"
82244,6,0,1,28,4,2001,0,1,391,936,0,"$8,231,444.10"
49609,4,1,0,34,2,2004,0,0,9450,500,1,"$4,965,921.40"
45790,2,1,1,4,10,2015,1,1,7987,953,0,"$4,583,445.50"
44726,3,0,1,73,7,1991,0,0,1142,496,1,"$4,480,483.10"
23481,6,1,0,26,1,2020,0,0,3552,887,1,"$2,353,320.00"
32633,4,1,1,16,8,2020,1,1,7978,526,0,"$3,269,031.00"
10549,7,0,1,57,3,2005,1,0,774,939,0,"$1,064,177.50"
38279,8,0,0,22,5,2008,1,1,1182,962,1,"$3,828,880.80"
87413,4,1,0,34,6,2010,1,0,1133,774,0,"$8,747,829.00"
34378,6,1,1,56,3,2006,0,1,5422,988,0,"$3,449,885.60"
23548,10,1,1,26,3,1991,1,0,5326,600,1,"$2,363,386.10"
15614,5,0,1,37,10,2001,1,1,7068,667,0,"$1,568,188.10"
89356,8,0,0,18,3,1991,0,1,1305,868,1,"$8,937,435.10"
39022,7,0,0,29,2,2008,1,1,1668,173,1,"$3,905,955.80"
68731,5,1,0,70,8,1993,0,0,1954,938,1,"$6,881,235.30"
12014,9,0,1,1,6,2006,1,0,7206,665,0,"$1,203,385.60"
55709,1,1,0,2,3,2015,1,1,3712,949,1,"$5,574,634.50"
43434,6,1,1,80,8,2017,0,0,8320,931,0,"$4,353,911.70"
70348,5,0,1,43,5,1995,1,1,5865,762,0,"$7,041,313.50"
39610,2,0,0,60,1,2017,1,1,370,976,0,"$3,962,981.70"
84563,9,1,0,66,8,2009,1,0,6720,188,1,"$8,462,338.90"
71061,8,0,0,75,4,1993,1,1,7747,466,1,"$7,109,849.30"
26479,8,1,1,99,7,2009,1,0,4468,210,1,"$2,655,657.90"
3440,7,1,1,72,1,2009,1,0,7498,489,1,"$354,630.90"
5577,6,0,0,79,5,2014,0,0,8539,747,1,"$565,361.40"
78789,9,1,0,52,5,2017,0,1,5808,198,0,"$7,885,033.70"
82517,8,1,0,97,1,2011,0,1,5963,579,0,"$8,262,678.10"
11602,8,0,1,47,9,2008,0,1,3765,402,0,"$1,167,525.80"
37195,1,1,0,54,7,2001,1,1,9265,918,0,"$3,725,955.10"
32862,3,1,1,55,3,1994,0,1,3598,370,1,"$3,296,638.40"
73542,10,1,1,83,9,2021,1,0,3925,417,1,"$7,371,844.10"
24280,5,0,1,17,9,1998,1,0,697,550,0,"$2,433,903.80"
97959,6,0,0,52,10,2002,0,0,4558,672,0,"$9,801,176.20"
42760,1,0,1,23,3,2021,0,1,1703,190,0,"$4,280,171.10"
52429,3,1,1,42,9,2018,0,1,1481,490,0,"$5,253,024.80"
90301,10,0,1,89,7,1999,1,0,7394,262,0,"$9,043,358.90"
89674,10,0,0,5,2,2012,1,1,5673,604,0,"$8,968,371.20"
69242,8,1,0,23,4,2010,0,0,3734,110,0,"$6,927,700.00"
5802,2,0,0,61,1,2010,1,1,542,465,1,"$583,663.00"
53755,5,1,1,52,1,2015,1,0,292,580,0,"$5,385,263.50"
78731,5,0,0,79,6,1991,1,1,5914,742,0,"$7,878,473.10"
22727,2,1,1,84,5,1990,0,1,7185,764,1,"$2,288,176.00"
95490,3,0,0,46,2,2000,1,1,5025,515,1,"$9,553,090.00"
78293,4,0,0,39,9,2004,1,0,5078,701,1,"$7,832,273.40"
856,5,1,1,38,9,2000,0,0,1600,374,1,"$94,449.00"
17225,8,0,0,16,9,2014,1,0,3401,690,0,"$1,723,749.40"
15118,3,1,0,28,2,2014,1,0,6483,944,1,"$1,514,316.40"
51393,9,1,1,68,7,2004,1,1,8696,736,1,"$5,153,610.40"
75284,4,0,0,90,1,2001,1,1,2865,869,1,"$7,531,660.10"
31609,9,1,1,15,1,1994,1,0,2134,174,1,"$3,169,821.40"
28350,1,0,1,82,2,1999,0,1,8713,692,1,"$2,838,367.90"
58314,8,1,1,8,1,2021,0,1,8292,880,0,"$5,835,776.10"
40327,6,0,1,100,1,2013,0,1,8085,951,0,"$4,036,268.30"
9171,4,0,0,9,2,1996,0,1,3760,429,0,"$917,869.60"
152,4,1,1,18,4,2012,1,1,475,879,1,"$22,160.20"
86617,9,0,0,69,1,2021,1,1,9790,234,1,"$8,667,306.10"
72297,6,0,0,98,10,2001,1,1,7479,113,1,"$7,234,718.10"
16361,10,1,1,93,10,1993,0,0,9867,554,0,"$1,647,116.30"
72563,1,0,0,39,2,2018,0,1,421,141,0,"$7,260,015.80"
2749,8,1,1,71,5,2006,0,1,7795,415,0,"$283,521.60"
40987,1,0,0,77,2,1995,0,0,4564,942,0,"$4,105,390.50"
13559,7,0,1,100,5,1990,0,1,8510,186,1,"$1,359,893.00"
36295,9,0,1,3,1,2007,0,1,3177,866,0,"$3,634,585.70"
77280,3,0,1,8,3,2009,1,1,5583,444,1,"$7,734,154.90"
67529,9,1,1,95,9,2019,0,0,815,847,0,"$6,758,563.90"
84902,2,1,1,38,3,2012,0,1,952,161,1,"$8,501,347.20"
41718,5,1,1,50,9,1998,1,1,4080,679,0,"$4,181,244.80"
76298,1,0,0,83,8,2011,1,1,4466,753,0,"$7,633,806.10"
1078,9,1,1,72,4,1992,1,1,3539,901,1,"$120,493.20"
69205,3,1,1,18,2,1991,0,1,410,789,1,"$6,929,406.10"
55974,7,0,1,12,1,2009,1,0,878,225,1,"$5,601,532.90"
6171,9,0,1,5,8,2019,1,1,2474,407,0,"$621,350.90"
90716,2,1,1,26,6,2007,0,1,4299,279,1,"$9,079,770.70"
3394,3,0,0,69,7,2004,0,0,7541,717,0,"$341,544.40"
26312,9,0,1,73,8,1991,0,1,685,687,0,"$2,643,540.10"
999,9,1,0,51,9,2014,0,0,3022,849,1,"$104,359.40"
27610,7,1,1,53,2,1994,1,1,2487,880,0,"$2,768,020.40"
51036,9,0,0,10,1,1998,1,0,434,961,0,"$5,105,099.80"
6995,9,0,1,85,1,2020,0,1,6341,118,0,"$704,035.00"
56025,2,1,0,86,8,2017,0,0,3731,857,0,"$5,608,298.70"
43846,1,0,0,89,1,2005,0,0,827,318,0,"$4,391,747.50"
4039,2,0,0,9,3,1991,0,0,3277,574,1,"$404,475.10"
42208,5,1,0,11,4,2003,0,1,9849,806,1,"$4,224,392.30"
61004,10,0,1,41,6,2008,0,0,6712,387,1,"$6,103,922.80"
8284,1,0,0,21,7,2012,0,1,5937,374,1,"$830,539.20"
3525,9,1,1,29,3,2009,1,0,3547,479,1,"$358,221.90"
12643,4,1,1,78,10,2011,0,1,7673,120,0,"$1,278,163.10"
40513,4,0,1,80,4,1992,0,0,5024,418,0,"$4,058,569.20"
16933,7,0,1,19,10,2010,1,0,3821,437,1,"$1,697,974.00"
26750,8,1,0,74,7,1992,0,1,3650,345,0,"$2,678,911.20"
85100,2,1,0,63,4,1997,1,0,3962,401,0,"$8,517,058.70"
31141,4,0,1,3,10,2020,0,1,3258,514,1,"$3,118,168.00"
79252,2,0,0,61,8,2020,1,0,2277,922,1,"$7,929,634.00"
27444,2,1,1,46,2,2010,0,1,1426,123,1,"$2,757,164.00"
25263,1,1,1,51,2,2004,1,1,9834,183,0,"$2,532,250.40"
48104,1,0,1,58,9,1998,0,1,5228,343,1,"$4,816,257.80"
88167,7,1,0,91,8,1996,0,1,5968,446,1,"$8,823,304.60"
81316,8,1,0,8,5,2006,0,0,8749,765,1,"$8,136,403.60"
11931,10,1,0,14,7,1991,0,0,3791,638,1,"$1,197,776.10"
25473,2,1,1,98,8,2013,0,1,3132,480,1,"$2,555,163.30"
62986,8,0,1,36,7,2002,1,1,895,212,0,"$6,302,874.20"
22004,7,0,1,24,3,2012,1,1,2283,377,0,"$2,206,727.20"
42826,8,1,1,36,1,2019,0,0,9284,603,1,"$4,290,813.90"
32156,5,1,1,78,6,2009,1,1,2413,866,1,"$3,223,835.90"
40694,7,1,1,18,7,1999,0,1,338,724,0,"$4,077,703.90"
94532,6,0,0,28,3,2017,0,1,5959,948,1,"$9,455,571.70"
41269,2,1,1,70,7,2019,0,1,9458,417,1,"$4,136,202.90"
12376,8,0,1,79,1,2009,1,1,3177,562,1,"$1,248,053.90"
29435,9,0,1,19,7,1991,0,0,3899,499,1,"$2,948,686.10"
891,10,1,0,14,7,2020,1,0,6195,826,0,"$94,306.00"
81901,5,1,1,59,6,2012,0,1,7253,472,0,"$8,200,054.20"
8138,8,0,0,39,4,2014,0,1,57,645,1,"$815,961.40"
87901,5,1,0,57,3,2008,1,0,6765,994,1,"$8,798,163.80"
43845,8,0,0,57,3,2019,0,1,302,917,1,"$4,390,445.90"
30858,4,1,1,32,1,1997,0,0,2575,351,1,"$3,093,387.70"
80323,7,1,0,86,8,1995,1,0,5662,349,0,"$8,045,525.50"
56727,10,1,0,99,9,2016,1,0,5838,251,1,"$5,679,000.60"
15765,8,1,0,13,3,2019,1,0,1003,554,0,"$1,582,487.90"
86276,7,1,0,93,10,2008,1,1,895,895,1,"$8,635,652.80"
2011,6,1,1,37,10,2019,1,0,9543,975,0,"$208,435.90"
30187,9,1,1,82,2,2011,1,1,8079,452,0,"$3,031,862.10"
95795,7,0,0,69,7,2012,1,0,2275,770,1,"$9,585,545.20"
72820,9,0,0,69,6,2008,0,0,6740,849,1,"$7,285,517.80"
13550,4,1,0,37,2,2014,1,0,2437,326,1,"$1,362,271.40"
72781,3,0,0,25,2,2019,1,1,2119,270,1,"$7,280,626.90"
80294,3,0,1,67,6,2010,0,0,8307,413,1,"$8,040,382.00"
88086,7,0,1,41,2,2007,1,0,1572,195,0,"$8,817,211.70"
22939,10,0,1,25,6,2012,1,1,3285,923,1,"$2,297,898.20"
68188,10,0,1,48,6,2012,0,1,9355,249,0,"$6,828,051.20"
32244,3,1,1,87,4,2001,0,0,8227,188,0,"$3,239,674.10"
47894,10,1,1,52,6,1996,1,0,7893,961,1,"$4,799,734.60"
16960,6,1,0,28,9,2002,1,1,4044,134,1,"$1,700,327.20"
15330,4,0,0,23,1,2009,1,1,9370,850,1,"$1,535,813.90"
60443,2,0,0,37,8,2017,0,0,1402,960,0,"$6,046,307.70"
26304,6,0,0,23,2,2006,1,1,5209,968,0,"$2,632,641.60"
60619,2,1,1,93,4,2020,0,1,3414,537,0,"$6,076,849.00"
53690,3,0,1,88,8,2000,0,0,783,391,0,"$5,375,387.00"
21104,10,0,1,86,6,2008,0,0,8164,194,1,"$2,117,222.80"
98551,5,0,1,78,8,1992,0,1,1830,206,1,"$9,860,229.20"
61238,7,1,0,39,7,2013,0,1,4070,119,1,"$6,131,806.30"
40846,7,1,1,3,8,2014,1,1,8833,711,0,"$4,089,009.40"
90262,8,0,1,45,10,2008,0,0,3904,447,0,"$9,035,172.80"
30322,8,0,0,7,7,2015,0,0,1680,360,0,"$3,032,885.50"
35503,10,1,1,5,8,1992,0,1,7685,459,1,"$3,557,443.20"
56701,6,1,1,36,1,2009,0,0,7864,706,0,"$5,679,272.90"
27786,10,0,1,45,2,2001,1,0,5008,519,1,"$2,783,279.10"
17685,3,0,1,46,4,1997,1,1,4525,153,0,"$1,772,972.70"
36871,1,0,1,71,4,2005,1,1,7399,507,1,"$3,692,818.50"
66070,8,1,1,10,4,1997,1,0,9697,375,1,"$6,616,285.70"
78004,4,1,1,96,10,1990,1,1,4527,329,1,"$7,816,750.00"
11998,5,1,1,53,9,1996,1,1,5529,979,1,"$1,208,637.60"
27176,6,0,1,26,7,1993,0,0,6042,452,1,"$2,724,809.30"
79517,10,1,0,45,2,2000,1,1,8360,190,1,"$7,955,735.00"
99367,9,0,1,21,9,2003,1,1,9239,856,1,"$9,942,514.30"
94222,9,0,0,75,8,1990,0,0,5350,305,0,"$9,424,799.00"
30144,4,1,1,94,3,2019,0,1,7886,253,0,"$3,024,682.90"
84688,10,0,0,45,8,2017,1,1,5093,645,0,"$8,472,631.70"
58623,5,0,1,15,7,1996,0,0,3185,755,1,"$5,866,256.60"
97380,2,1,1,7,5,2006,0,0,6798,997,1,"$9,745,017.60"
16668,6,1,0,68,10,2018,0,1,4303,513,0,"$1,673,885.80"
73212,7,1,0,70,6,2020,1,1,3789,984,1,"$7,329,443.00"
18053,5,0,0,5,1,2000,1,0,174,675,0,"$1,805,820.00"
3205,5,1,0,4,10,2004,1,0,9186,580,0,"$323,978.40"
62506,3,0,0,54,5,2003,0,0,3573,635,1,"$6,252,728.30"
8394,8,1,1,23,4,2011,0,1,7546,548,0,"$847,621.10"
88637,9,0,0,50,2,2009,1,1,755,801,1,"$8,866,500.90"
85275,5,1,0,97,6,2006,1,0,7590,484,0,"$8,540,701.60"
24420,7,0,0,27,6,2001,1,1,501,293,1,"$2,444,385.10"
52912,5,1,1,15,2,2001,0,0,2340,687,1,"$5,301,627.10"
6708,5,1,0,12,5,1991,0,1,2487,307,1,"$674,285.10"
30514,8,1,0,73,4,2014,1,1,7080,538,1,"$3,061,149.40"
87543,10,0,1,10,6,2017,0,0,4940,623,1,"$8,758,617.70"
48324,6,1,0,80,9,2001,1,0,7317,806,1,"$4,840,107.10"
43247,3,0,0,9,8,2019,1,0,9115,269,0,"$4,326,266.90"
48932,1,1,1,4,3,2015,0,1,257,349,1,"$4,900,232.50"
926,4,1,0,94,1,2017,1,1,5063,716,0,"$105,869.70"
61039,10,0,1,89,8,2020,1,0,8374,295,0,"$6,113,757.00"
57967,5,1,1,68,10,1998,0,0,5172,644,1,"$5,802,218.80"
24313,3,1,0,53,8,2003,1,0,1365,437,1,"$2,438,137.30"
65546,7,1,0,21,8,2011,1,0,1708,585,0,"$6,559,358.10"
58284,10,1,0,73,8,2006,1,1,4127,753,1,"$5,838,204.60"
65417,9,0,0,82,9,1994,0,0,5200,891,0,"$6,550,299.40"
67724,3,1,1,32,1,1991,0,1,9339,751,0,"$6,780,960.10"
62039,2,0,0,41,7,2006,1,0,1876,905,0,"$6,205,356.60"
55369,4,1,0,52,4,2020,0,0,4601,336,0,"$5,546,033.00"
27592,4,0,1,24,5,2019,0,1,9886,246,0,"$2,765,037.90"
99757,7,1,1,34,4,1995,0,1,132,313,1,"$9,983,872.50"
56256,6,1,1,84,8,2001,0,1,3473,931,1,"$5,639,542.10"
79718,9,0,0,89,7,1998,0,1,4743,439,1,"$7,973,973.80"
77913,6,0,0,82,3,2010,0,0,6930,561,1,"$7,794,411.00"
11169,4,1,1,97,9,1990,0,1,2978,171,0,"$1,135,694.00"
15723,6,0,1,5,4,2017,0,0,2554,253,1,"$1,576,275.70"
40806,10,1,1,71,7,2014,0,1,6778,716,1,"$4,089,457.40"
39348,9,1,1,65,4,1990,1,0,6637,139,0,"$3,945,410.00"
17762,1,1,0,40,10,1999,0,0,6834,457,0,"$1,782,317.90"
16006,10,1,0,81,7,2014,1,1,5205,431,0,"$1,606,879.40"
49026,10,0,0,12,8,2011,1,0,6192,318,1,"$4,904,339.10"
43905,7,0,1,49,9,2014,1,1,1108,191,1,"$4,396,172.40"
45323,10,1,1,60,7,1999,1,1,4067,779,0,"$4,537,806.90"
37656,9,0,0,87,8,2000,0,0,3590,703,0,"$3,773,756.00"
96151,8,1,1,100,3,1993,0,0,481,224,0,"$9,629,194.30"
61788,8,0,0,39,7,2000,1,0,1256,341,0,"$6,183,155.00"
4933,9,0,0,3,5,1995,0,0,8050,296,1,"$494,065.50"
36905,4,0,0,96,7,2004,0,0,9950,705,0,"$3,694,640.40"
5589,8,1,1,64,3,2010,0,0,2946,547,0,"$571,738.00"
83526,1,1,1,84,10,2002,0,0,4920,533,1,"$8,368,737.20"
62166,4,1,1,42,6,2009,0,1,800,911,1,"$6,222,231.90"
82953,8,0,0,94,1,1992,1,0,9535,634,1,"$8,301,213.20"
97895,5,0,1,45,4,2013,1,0,5932,783,0,"$9,796,308.30"
69265,3,0,1,83,9,1998,1,1,6004,803,0,"$6,931,554.80"
85476,4,1,0,44,7,1992,0,1,6698,692,1,"$8,553,019.20"
50251,1,1,1,53,5,1999,1,1,1647,141,1,"$5,037,541.90"
11484,3,1,0,4,2,2006,0,0,4233,682,1,"$1,153,872.60"
17315,6,1,0,80,2,2001,1,1,5949,666,1,"$1,740,209.10"
36511,2,1,0,12,6,1994,0,1,5545,312,0,"$3,653,650.40"
88307,8,1,1,11,5,2005,0,1,9220,613,0,"$8,837,519.50"
27900,6,1,0,96,3,2005,1,1,5210,622,1,"$2,796,434.50"
78199,8,0,1,15,10,2003,1,0,4837,569,1,"$7,825,365.30"
21912,5,0,0,42,8,2020,1,1,8105,366,0,"$2,195,690.00"
9374,2,0,1,64,1,1998,0,1,3792,490,0,"$948,170.80"
89490,2,0,0,47,4,2003,1,0,7956,762,0,"$8,951,286.30"
43204,9,0,0,60,7,2015,0,1,7185,945,0,"$4,322,921.50"
16357,2,1,1,15,10,1997,1,0,6899,464,1,"$1,640,789.70"
88997,4,1,0,84,2,2003,1,0,6367,404,1,"$8,909,466.30"
36705,4,0,1,23,2,2010,0,1,2585,450,1,"$3,676,738.00"
63751,8,1,1,37,4,1991,0,0,4432,833,1,"$6,383,612.10"
98419,10,0,0,18,7,2017,0,1,2894,731,1,"$9,844,171.70"
21167,9,1,0,66,4,2013,0,0,4548,625,0,"$2,121,941.30"
11629,5,1,1,64,6,2010,0,0,320,201,0,"$1,173,671.00"
60278,10,0,1,38,10,2020,1,1,1956,269,1,"$6,032,040.00"
84619,3,1,0,35,9,2006,1,1,7529,482,1,"$8,468,432.60"
33779,3,1,1,46,6,2009,0,1,6656,881,1,"$3,387,381.90"
85134,6,0,1,94,10,2018,0,0,9053,846,0,"$8,522,625.80"
70137,10,0,0,85,2,1998,0,1,4538,893,1,"$7,018,139.80"
94839,7,1,0,94,3,2001,1,0,408,120,0,"$9,488,360.10"
13735,6,0,1,1,8,2001,1,0,3610,690,1,"$1,378,845.10"
42940,4,1,0,95,9,2012,1,0,880,460,1,"$4,302,940.20"
55144,6,1,1,87,7,2011,1,1,2299,724,0,"$5,525,409.10"
63505,10,1,0,5,9,1999,1,0,1791,547,1,"$6,354,413.90"
31869,6,1,0,51,6,2012,0,0,1412,333,1,"$3,191,873.20"
79857,3,0,0,46,10,2018,1,1,4707,469,1,"$7,988,061.80"
21796,5,0,1,8,3,2009,1,0,2344,302,1,"$2,184,961.90"
5724,1,1,1,24,5,2007,1,1,4580,479,1,"$580,503.70"
79837,5,0,1,61,3,2019,0,0,6045,939,0,"$7,991,469.90"
68856,2,1,1,57,6,2019,0,1,7138,725,1,"$6,893,304.90"
6473,10,0,1,35,9,1992,0,0,822,568,1,"$651,720.20"
20159,4,1,1,54,4,2001,0,0,6989,283,1,"$2,024,367.10"
76995,1,0,1,50,2,2007,1,1,7098,688,1,"$7,706,348.70"
51461,6,1,1,28,4,2017,1,0,1861,198,1,"$5,152,982.70"
57104,3,1,1,49,2,2017,1,0,1420,640,1,"$5,717,757.70"
64834,6,1,0,17,7,2013,0,0,3719,546,1,"$6,490,258.30"
60162,3,1,0,9,9,2014,1,1,874,101,1,"$6,020,751.40"
88942,5,1,0,68,3,1993,0,0,2778,183,0,"$8,900,440.30"
35551,9,1,1,4,5,1999,0,0,1082,510,1,"$3,562,999.90"
63076,10,1,1,54,6,2019,1,1,8663,670,1,"$6,318,959.90"
69073,10,0,1,7,1,2011,1,1,7827,830,0,"$6,911,097.10"
62979,10,1,0,85,7,1996,1,0,4145,905,1,"$6,301,868.60"
97328,5,0,1,83,4,1990,1,1,8767,218,0,"$9,739,502.00"
83520,3,0,0,78,8,2000,1,1,4440,807,1,"$8,354,366.00"
77791,1,1,0,67,5,2009,1,0,2582,854,1,"$7,786,745.90"
45215,3,1,0,40,8,2007,1,0,5896,964,0,"$4,528,000.70"
12012,9,0,0,83,9,2018,0,1,2412,140,0,"$1,210,218.80"
55113,1,1,1,12,8,2016,0,1,2108,936,0,"$5,519,790.60"
39298,2,0,1,40,3,2008,0,0,9636,583,0,"$3,934,536.80"
83705,10,0,0,27,10,2008,0,0,6632,757,0,"$8,372,582.80"
84039,2,1,0,82,8,1995,1,1,344,571,0,"$8,415,253.50"
61089,10,1,0,14,7,1991,0,1,8139,359,0,"$6,112,177.10"
73080,2,1,0,28,2,1990,0,1,2800,687,1,"$7,311,244.00"
31501,4,0,1,67,7,2013,0,0,5054,139,1,"$3,157,956.30"
39170,7,1,1,41,10,2005,0,1,2427,187,1,"$3,926,220.50"
41000,10,0,1,8,7,1991,1,0,7245,668,0,"$4,101,893.10"
27803,2,0,1,75,7,2008,1,0,2798,228,0,"$2,784,033.80"
13910,2,1,1,80,3,2015,0,1,1194,103,1,"$1,404,398.50"
91275,7,0,1,21,6,1999,1,1,5497,224,0,"$9,133,455.90"
60018,8,1,0,64,5,1992,1,1,554,336,1,"$6,008,211.20"
3237,4,1,0,99,9,2008,0,1,7466,202,0,"$333,538.80"
65946,1,0,1,63,8,2015,0,1,5802,740,1,"$6,597,608.50"
84696,5,0,1,25,4,1991,0,1,6935,541,0,"$8,472,972.10"
8392,8,1,0,97,1,1998,1,1,5071,844,0,"$848,992.80"
29063,9,1,1,100,9,2020,0,1,2467,294,1,"$2,916,890.00"
84148,2,1,0,100,10,2005,1,1,9349,864,0,"$8,418,964.50"
67210,5,0,1,68,9,2018,0,1,4144,613,1,"$6,731,422.80"
61129,6,1,1,33,3,2008,1,0,8553,440,0,"$6,121,496.80"
63416,2,0,0,72,8,2016,1,1,3566,141,1,"$6,347,507.60"
12636,3,0,1,28,2,2019,1,1,9656,481,0,"$1,269,858.90"
70806,5,0,1,62,10,2011,1,1,7008,310,0,"$7,089,274.10"
29589,3,1,1,53,5,1999,0,0,4510,923,1,"$2,968,021.90"
14621,5,0,0,41,4,1996,0,0,9586,633,0,"$1,465,123.60"
28281,1,0,0,33,1,1998,0,0,8210,839,1,"$2,829,887.80"
1832,4,0,1,76,8,1992,1,1,1757,937,0,"$190,497.20"
77216,5,0,0,57,5,2007,1,1,578,456,1,"$7,723,483.70"
80909,4,0,0,37,9,2019,1,1,1151,627,1,"$8,094,783.90"
64411,6,0,0,28,5,2016,0,0,5730,905,1,"$6,443,803.60"
42490,10,0,1,20,3,2012,1,1,4773,706,1,"$4,252,006.20"
32724,4,0,0,27,4,2021,0,0,6354,757,1,"$3,273,920.10"
4502,8,0,1,90,6,2002,0,1,6372,977,1,"$462,779.20"
95464,7,1,0,88,7,2010,1,1,5369,293,1,"$9,552,982.00"
27541,7,1,0,75,2,1996,1,0,3935,856,1,"$2,765,257.60"
42648,4,1,0,61,3,2010,1,1,8489,533,1,"$4,271,244.00"
80002,7,1,0,76,2,2015,1,1,5678,135,1,"$8,007,425.50"
99145,4,1,1,48,8,2011,1,0,3903,852,0,"$9,923,111.10"
70574,3,0,0,72,2,2016,1,0,4972,758,0,"$7,064,747.60"
8096,7,1,0,27,6,1992,0,1,2672,762,0,"$815,549.20"
12757,2,0,1,89,7,1992,1,1,9361,291,1,"$1,287,195.20"
29480,2,1,1,77,1,2018,0,1,4555,574,1,"$2,958,907.80"
85503,7,0,1,20,8,1997,0,1,5317,488,1,"$8,553,712.70"
77851,6,0,0,98,9,1999,1,0,5658,147,0,"$7,788,297.90"
35352,6,1,1,18,2,2020,1,0,8670,471,1,"$3,540,142.00"
96720,10,1,1,27,9,1994,0,0,9849,778,1,"$9,680,680.40"
6629,3,0,1,32,1,2004,1,0,8331,293,0,"$666,360.40"
2210,6,1,1,51,7,2019,1,0,440,202,0,"$230,691.90"
32476,2,1,0,32,6,2006,0,0,7818,900,0,"$3,251,348.60"
70837,1,1,1,35,1,2013,0,1,9709,272,0,"$7,089,763.30"
54042,10,1,1,76,6,2008,1,0,2160,112,0,"$5,419,304.80"
98939,6,0,1,13,9,2000,0,1,1449,662,0,"$9,899,616.00"
62871,4,1,0,30,1,2007,1,1,7769,462,1,"$6,290,336.70"
67959,2,0,1,3,5,2005,0,0,9689,965,0,"$6,798,522.50"
70614,2,0,1,9,10,1994,1,0,8522,628,0,"$7,064,089.40"
12877,7,0,0,64,1,2021,0,0,4350,311,0,"$1,291,196.10"
90947,2,1,0,8,3,2020,0,0,6379,595,1,"$9,098,966.00"
58619,4,1,0,61,2,2014,1,1,7249,171,0,"$5,867,256.40"
55617,4,1,1,55,10,2019,1,1,2478,147,0,"$5,572,546.90"
59318,10,1,0,23,1,2001,0,0,7247,561,1,"$5,938,361.10"
31505,1,0,1,6,5,1991,0,1,729,534,1,"$3,153,329.10"
4280,1,1,1,41,4,2018,0,1,6036,117,1,"$437,389.80"
25394,4,0,1,83,7,2019,1,0,7256,570,1,"$2,543,531.90"
8353,9,0,1,88,8,2021,1,0,3371,561,1,"$847,023.10"
55871,4,0,0,91,8,2000,1,1,678,851,1,"$5,588,933.00"
81440,9,1,0,50,10,2011,1,0,530,715,1,"$8,150,830.10"
32037,6,1,0,15,6,2013,0,1,1969,970,1,"$3,206,943.30"
80426,6,1,1,99,5,2003,0,0,1905,137,0,"$8,053,552.30"
90339,9,0,0,3,8,2007,0,0,4282,552,0,"$9,034,852.70"
86848,3,1,0,56,5,1992,1,1,9493,224,1,"$8,691,290.20"
97435,5,1,0,67,3,1990,0,0,2229,197,1,"$9,752,191.00"
28760,5,1,0,3,5,2013,0,1,8705,681,1,"$2,878,626.30"
18209,3,1,0,60,1,2017,1,1,6216,315,1,"$1,829,917.70"
628,6,1,0,75,6,2020,0,0,7428,150,0,"$68,498.00"
85637,5,0,0,19,9,2008,0,0,7098,946,0,"$8,565,946.80"
70630,9,1,1,99,7,2012,0,0,2449,278,1,"$7,073,702.20"
32282,2,0,0,97,6,2003,1,1,672,532,1,"$3,234,723.30"
96877,9,1,0,94,1,1992,0,0,9944,481,1,"$9,692,657.20"
71673,10,0,1,28,5,2012,1,1,608,275,1,"$7,172,397.20"
48130,2,1,0,9,9,1995,0,1,5002,187,0,"$4,815,765.50"
86247,1,0,0,70,10,2021,0,1,9631,560,1,"$8,630,082.10"
56361,3,1,0,22,1,1995,0,0,110,229,1,"$5,639,699.50"
50336,8,1,1,97,10,1996,1,0,5190,451,0,"$5,041,774.60"
69440,10,1,0,80,7,2005,1,1,588,974,0,"$6,951,545.50"
58882,6,1,0,60,10,2008,0,0,1708,313,1,"$5,894,427.80"
33131,5,1,1,95,8,2000,1,1,6469,758,1,"$3,320,746.00"
12463,10,0,0,51,6,1990,1,1,9892,951,0,"$1,247,764.00"
3166,3,1,1,73,2,2009,0,1,2737,820,1,"$327,022.90"
19084,9,1,1,96,3,2002,1,1,5774,954,1,"$1,917,423.20"
22348,5,0,0,34,9,2013,0,1,5562,327,0,"$2,238,999.30"
65050,2,0,1,54,4,2003,0,1,5764,330,0,"$6,508,789.30"
29721,6,0,1,76,3,2001,0,0,5160,136,1,"$2,981,160.10"
50793,3,0,1,21,9,2015,0,0,4263,860,1,"$5,082,950.50"
68186,3,1,1,99,4,1993,0,0,9946,229,0,"$6,835,138.30"
11253,4,0,1,2,3,2017,0,0,8762,787,1,"$1,129,352.70"
41987,2,0,1,26,1,2015,1,0,6361,283,0,"$4,203,907.50"
12425,9,0,0,85,5,2013,1,0,6387,652,1,"$1,248,831.30"
55434,10,1,0,97,9,2015,1,0,9485,774,0,"$5,547,739.50"
52353,6,1,0,81,6,2021,1,0,4645,705,1,"$5,246,946.10"
93918,9,1,1,80,2,2019,1,0,383,525,1,"$9,404,641.90"
64312,10,1,1,89,10,2012,0,0,9550,268,1,"$6,438,512.20"
36558,7,0,1,24,4,2004,0,1,3190,337,0,"$3,659,640.40"
68575,5,1,0,26,8,2014,1,0,6193,811,0,"$6,864,163.40"
67665,8,1,1,61,9,2004,1,1,2212,825,0,"$6,773,957.40"
24415,1,1,1,79,6,2002,0,1,7712,153,0,"$2,452,866.20"
65222,9,1,1,98,3,2021,0,1,476,637,1,"$6,532,384.10"
46276,4,0,1,67,5,2004,1,0,9148,736,0,"$4,632,070.40"
71398,2,0,1,83,4,1992,0,1,6475,138,1,"$7,143,594.20"
64894,10,1,0,28,1,2002,0,1,8207,218,0,"$6,495,345.20"
50556,7,1,0,34,1,2021,1,0,4398,666,0,"$5,061,327.10"
9776,5,0,1,74,4,2002,0,0,2334,503,0,"$984,138.20"
96347,4,0,1,55,6,2018,1,1,9802,682,1,"$9,637,701.80"
78357,5,1,0,98,4,2016,1,0,2629,842,1,"$7,839,653.60"
2744,9,1,1,4,9,1998,0,0,1359,475,1,"$278,798.80"
90703,1,1,1,88,3,2014,1,1,7611,183,1,"$9,082,664.40"
57415,8,1,1,43,3,2020,1,1,7766,260,1,"$5,752,367.00"
85486,10,0,1,46,7,1993,0,0,4228,388,0,"$8,553,308.30"
90981,8,1,1,89,4,2013,0,1,3249,429,1,"$9,107,657.30"
12989,7,0,0,95,4,2017,1,0,4646,642,0,"$1,306,641.70"
89561,3,1,1,92,1,1993,0,0,1171,982,0,"$8,968,239.30"
28828,1,1,1,11,8,1998,1,0,852,507,1,"$2,893,152.80"
50956,9,0,0,25,9,2008,0,1,3939,370,0,"$5,096,675.80"
13082,7,1,0,48,7,2005,0,1,6406,892,1,"$1,316,514.50"
30645,5,0,1,28,9,2011,0,1,7360,674,0,"$3,068,569.10"
87669,10,1,1,23,3,2000,0,0,5640,520,1,"$8,777,427.00"
3577,6,1,1,94,10,1993,1,1,1661,536,0,"$366,957.30"
92943,2,1,0,9,6,1994,0,1,990,967,0,"$9,300,361.40"
34721,10,0,0,55,3,2012,1,0,8493,434,1,"$3,474,091.20"
34764,3,0,1,80,2,2020,1,1,7869,972,0,"$3,484,320.00"
51329,6,0,0,63,4,1990,1,1,7702,745,0,"$5,137,918.00"
77198,5,0,1,76,3,2020,0,0,5289,844,1,"$7,728,649.00"
59560,2,0,0,69,10,1999,1,1,3889,843,1,"$5,960,180.90"
28561,7,0,1,11,6,1999,0,1,9667,381,1,"$2,862,521.90"
24323,10,1,1,46,10,1995,0,1,5226,682,0,"$2,439,231.50"
74383,8,0,0,14,5,1992,1,1,6646,984,0,"$7,439,935.20"
93734,7,1,1,62,4,1999,0,1,2504,325,0,"$9,385,146.90"
30342,8,0,0,91,10,2020,1,1,7782,494,1,"$3,039,602.00"
69629,7,1,1,95,8,2016,1,0,8397,934,0,"$6,972,311.60"
70494,7,1,1,98,3,2005,0,0,5652,160,0,"$7,059,376.50"
2609,8,0,1,88,10,2012,0,0,7248,545,0,"$270,146.20"
95610,3,1,0,28,9,2003,1,0,3708,659,1,"$9,567,484.30"
26046,8,0,0,52,6,2002,0,0,7397,770,0,"$2,609,010.20"
65309,6,0,0,27,9,1991,0,1,1967,143,1,"$6,532,309.10"
17872,5,1,0,89,2,1992,0,1,5328,997,0,"$1,791,761.20"
46735,9,1,1,28,10,2014,1,1,930,218,1,"$4,682,390.40"
50560,3,0,0,49,6,2002,1,0,6472,800,0,"$5,058,512.20"
19714,1,1,1,47,7,2016,1,1,839,931,1,"$1,983,648.60"
41132,8,1,1,53,8,2004,1,0,3108,133,1,"$4,122,535.40"
47615,4,0,0,77,7,2006,0,0,4618,371,1,"$4,768,372.60"
16187,9,1,1,22,5,2014,1,1,8179,587,1,"$1,626,142.40"
31616,3,0,1,35,7,2008,0,1,4466,790,1,"$3,166,791.80"
6551,6,1,1,3,4,2018,1,0,5284,267,0,"$662,414.80"
34162,8,1,1,78,9,2018,1,0,9530,142,1,"$3,426,173.80"
23123,6,1,1,24,8,2004,1,1,2847,497,0,"$2,319,772.40"
65118,4,1,1,34,1,2001,0,1,6403,414,1,"$6,521,916.10"
52287,5,1,1,33,6,2003,0,1,4820,422,1,"$5,233,872.30"
86437,10,1,0,71,9,2011,1,0,5509,178,1,"$8,651,644.10"
53662,10,1,1,61,2,2013,1,1,1995,766,1,"$5,371,947.30"
27327,10,0,0,68,9,1994,1,1,8888,351,1,"$2,739,443.40"
13160,3,1,0,76,9,1996,0,1,9049,567,1,"$1,323,840.60"
99278,8,1,0,84,8,2016,0,0,3816,509,0,"$9,937,148.60"
8493,6,0,1,71,1,1990,0,0,2561,758,1,"$856,106.00"
16101,3,1,1,36,1,2013,1,0,1772,115,0,"$1,621,185.30"
1054,10,1,0,9,7,2008,0,1,9222,516,1,"$108,029.80"
40511,10,1,1,18,7,1996,1,0,8694,691,1,"$4,060,278.60"
62060,9,0,0,29,9,2010,0,0,1718,629,0,"$6,207,859.00"
35968,10,0,1,72,8,2010,1,1,4207,143,1,"$3,602,388.00"
89136,1,0,0,84,8,2017,1,0,3786,678,0,"$8,920,113.70"
16416,1,0,0,98,3,2012,0,1,9495,554,0,"$1,650,531.20"
92582,4,1,0,65,8,2002,1,1,729,558,0,"$9,268,566.20"
91239,1,1,1,28,6,2000,1,1,2326,113,0,"$9,133,551.00"
94257,3,1,0,78,1,2011,0,0,7725,887,1,"$9,435,819.10"
6048,8,1,0,43,7,1991,1,0,6009,244,0,"$609,426.10"
66222,2,0,1,99,2,2001,1,0,6361,140,1,"$6,627,187.10"
7917,3,0,1,51,8,2019,1,1,10000,676,1,"$800,462.90"
60498,4,0,1,79,7,1991,0,0,7002,652,1,"$6,058,305.10"
17635,2,1,1,20,5,2004,0,0,6956,451,0,"$1,770,551.40"
56414,8,1,0,24,1,2004,1,0,576,770,0,"$5,646,944.40"
55984,1,0,1,51,3,1999,0,1,4997,213,0,"$5,604,992.90"
97184,10,0,1,60,4,2012,0,1,5927,256,0,"$9,725,732.20"
17673,7,0,0,51,10,2013,1,0,6748,268,1,"$1,768,662.30"
87561,2,0,0,34,7,1997,0,1,1493,184,1,"$8,759,873.70"
69323,7,0,1,51,4,2005,1,1,2795,290,1,"$6,937,072.50"
76373,9,0,1,32,8,1995,0,1,4171,182,1,"$7,641,233.50"
7362,3,0,0,16,1,2000,0,0,6445,631,1,"$738,168.00"
15822,8,0,1,16,3,1995,1,0,1695,829,1,"$1,584,936.50"
74688,1,0,0,73,7,2019,0,1,2289,325,0,"$7,475,875.90"
15713,7,0,0,68,10,2006,0,0,6405,924,1,"$1,576,682.60"
79092,1,1,1,78,7,1999,1,0,4549,902,0,"$7,920,131.90"
51018,10,0,1,73,3,1999,1,1,8565,664,0,"$5,108,683.90"
19039,3,0,1,63,7,2012,1,1,215,806,0,"$1,910,454.20"
68660,5,1,1,50,9,2018,1,0,8539,764,0,"$6,875,785.80"
81404,4,1,0,8,5,2003,0,0,3559,170,0,"$8,145,005.30"
84825,5,0,0,68,8,2015,1,0,1942,400,0,"$8,484,171.50"
77086,3,0,1,92,5,1996,1,1,1357,908,0,"$7,714,958.60"
18834,4,0,1,34,4,2021,0,1,3958,927,1,"$1,887,913.10"
30018,10,1,1,29,3,2003,1,1,6324,753,1,"$3,008,092.30"
11351,7,0,0,99,3,1992,1,0,3688,693,1,"$1,139,512.20"
80309,6,0,1,50,9,2011,0,0,6134,847,1,"$8,039,284.10"
12983,6,1,1,19,2,2017,1,0,7650,114,0,"$1,305,339.70"
31706,10,0,1,86,7,2016,0,1,1064,246,0,"$3,178,060.60"
84568,3,1,1,86,6,2021,1,0,6935,236,1,"$8,467,953.10"
77604,9,0,1,47,3,2019,1,0,5010,335,0,"$7,767,659.90"
23118,6,1,1,81,2,2012,1,0,8213,479,0,"$2,326,378.20"
52851,5,0,0,43,6,2021,0,1,3583,145,0,"$5,287,766.10"
69364,1,1,1,2,1,1992,0,1,9897,154,0,"$6,943,393.20"
53645,5,0,0,14,2,2015,1,0,9030,885,0,"$5,366,189.50"
37819,7,0,0,93,1,2020,0,0,1779,822,0,"$3,791,037.00"
61578,5,1,1,35,7,1999,1,1,4185,812,0,"$6,170,525.90"
14443,6,1,1,13,1,2000,0,1,5924,597,0,"$1,452,025.00"
42469,5,0,1,77,7,2016,0,0,6642,992,0,"$4,258,191.60"
12148,2,1,0,63,7,1997,0,0,1751,650,1,"$1,218,447.70"
43552,4,0,0,70,5,2021,0,0,8136,591,1,"$4,357,922.10"
88589,7,0,0,81,8,2001,0,1,3643,201,0,"$8,866,678.10"
35133,3,1,0,60,6,2005,1,1,5587,727,0,"$3,521,964.50"
38502,10,1,1,11,10,2010,1,1,8276,407,0,"$3,861,362.00"
77747,6,1,1,72,10,2014,0,1,4829,455,0,"$7,786,197.40"
28459,7,0,0,4,7,2012,1,1,3570,318,0,"$2,846,923.20"
34668,8,1,1,12,7,2002,0,1,3476,503,1,"$3,475,230.20"
64335,3,0,0,83,9,2020,1,0,7301,802,0,"$6,435,779.00"
22875,10,1,0,95,7,1994,0,0,6394,542,0,"$2,295,511.40"
42242,3,1,1,64,7,2019,0,1,8973,683,1,"$4,238,504.90"
99872,5,0,0,27,6,1992,0,1,1440,683,0,"$9,989,326.20"
51963,10,1,0,7,8,2020,0,0,7115,312,1,"$5,200,015.00"
49411,8,0,1,8,3,2002,0,1,3249,969,0,"$4,944,414.20"
37852,8,0,1,77,4,2009,0,0,846,419,0,"$3,790,538.90"
11694,6,1,1,64,6,2021,1,0,2573,294,1,"$1,185,882.10"
71593,10,0,0,34,1,2005,1,1,1418,547,1,"$7,160,694.50"
14639,7,1,0,99,8,2021,0,0,4267,423,1,"$1,467,522.10"
17723,9,1,1,82,2,2007,1,1,2154,631,0,"$1,781,409.70"
88759,10,0,1,94,8,2012,0,1,2261,156,0,"$8,882,062.20"
59260,7,1,1,35,1,2018,1,1,1832,452,0,"$5,932,371.80"
25333,8,0,1,16,2,2013,0,0,6852,622,1,"$2,538,258.30"
81572,8,0,0,86,2,1995,1,0,7330,643,0,"$8,163,755.50"
89167,9,1,0,49,6,2013,1,1,1458,924,0,"$8,923,665.30"
59108,5,0,0,84,3,1992,0,0,3231,651,1,"$5,913,599.20"
76932,1,0,0,80,9,2010,1,0,2074,236,1,"$7,698,911.00"
98250,10,1,0,13,10,2002,1,0,6344,869,1,"$9,830,956.20"
55429,8,0,1,16,4,2011,1,1,4549,130,0,"$5,547,619.10"
39750,10,0,1,41,7,2012,0,1,7936,888,0,"$3,982,103.20"
92846,10,0,1,45,2,2005,1,1,3227,135,1,"$9,289,625.50"
42623,3,1,0,18,8,2019,1,0,2114,218,1,"$4,268,615.90"
26428,4,1,1,94,4,2002,1,0,577,698,1,"$2,655,761.20"
98547,8,0,1,51,2,2018,1,0,8356,489,1,"$9,860,566.80"
68391,3,0,0,10,8,2009,1,0,2529,253,1,"$6,840,640.90"
49939,10,1,1,67,10,2010,0,0,8910,501,0,"$5,006,544.00"
63822,6,0,1,30,8,2011,0,0,1607,679,1,"$6,388,329.10"
1853,1,0,0,29,4,2020,0,1,7001,596,1,"$188,275.00"
87908,3,1,0,99,2,2006,1,0,41,464,0,"$8,797,517.60"
50223,8,0,0,80,9,2016,1,0,5747,839,0,"$5,030,381.60"
14598,3,0,1,2,4,1990,1,1,6653,150,0,"$1,465,055.00"
27728,1,1,1,52,9,2021,1,1,8468,890,1,"$2,784,047.10"
33947,2,1,1,83,9,2003,0,1,8462,638,0,"$3,403,675.30"
25802,10,0,0,63,5,2013,1,0,4676,157,1,"$2,581,922.30"
71623,3,1,0,30,4,2018,0,0,9136,531,0,"$7,167,463.80"
53629,6,1,1,9,8,1992,0,1,2160,317,0,"$5,366,623.20"
79555,7,0,0,6,3,1990,1,0,8575,413,0,"$7,956,251.00"
35060,10,0,1,82,4,2013,0,1,5150,323,0,"$3,513,606.30"
19298,4,0,0,4,4,2016,1,0,6432,106,0,"$1,930,595.60"
35788,1,1,1,37,3,2018,0,0,6969,600,1,"$3,586,313.80"
742,8,0,1,62,5,1992,0,0,2364,964,1,"$79,288.20"
4306,2,0,1,65,8,1999,1,1,8230,840,1,"$440,424.90"
85397,6,1,1,17,2,1996,0,0,5573,418,1,"$8,544,806.60"
19598,2,1,1,2,2,2015,1,0,4821,772,0,"$1,965,660.50"
79338,2,1,1,80,3,2014,1,1,1908,447,0,"$7,943,850.40"
919,10,1,1,23,6,1992,0,1,5465,110,0,"$100,175.20"
57764,2,1,1,91,4,1995,1,1,4558,442,0,"$5,785,302.50"
91266,1,0,0,21,10,1992,1,1,7969,880,1,"$9,128,050.20"
7201,8,0,1,59,4,2004,1,1,7783,299,1,"$728,462.40"
64297,10,0,0,96,5,2004,0,0,8524,663,0,"$6,433,264.40"
21054,1,0,1,46,5,2012,1,0,1348,142,1,"$2,111,055.20"
84213,7,1,0,59,2,1997,1,0,7598,424,0,"$8,429,482.70"
82928,3,1,0,70,10,2007,1,1,489,427,1,"$8,297,655.70"
17847,9,1,1,15,4,2010,1,0,5249,782,1,"$1,790,044.00"
85420,5,1,0,18,1,2013,1,1,8078,911,0,"$8,547,192.30"
58571,9,1,1,96,7,1996,1,1,2821,845,0,"$5,871,811.60"
39066,7,0,1,27,5,2001,0,1,9286,337,1,"$3,914,366.10"
76971,2,0,1,82,4,1992,1,1,9440,477,1,"$7,704,323.20"
72509,4,1,1,98,9,2015,1,0,6997,819,1,"$7,262,915.50"
78498,10,1,1,99,7,1993,1,0,4422,624,0,"$7,865,584.30"
67360,8,1,0,77,9,1994,1,1,297,413,0,"$6,748,344.40"
85926,4,1,1,35,4,2012,0,0,6592,543,0,"$8,601,212.20"
67302,7,1,0,37,5,2013,0,0,6416,349,1,"$6,736,275.30"
2783,9,0,1,42,5,2014,1,1,2993,905,0,"$285,274.40"
54096,7,1,1,81,7,2009,1,0,3228,753,1,"$5,421,215.90"
98102,6,0,0,36,8,1990,1,1,2931,940,1,"$9,812,451.00"
2065,3,1,0,81,4,2002,0,1,7468,851,1,"$216,333.20"
2908,8,1,1,79,1,2018,0,0,98,690,1,"$301,147.80"
89144,6,1,1,52,6,2002,0,0,243,119,1,"$8,920,858.20"
94196,9,1,1,25,2,1996,0,1,8589,968,1,"$9,427,245.60"
17818,8,0,1,32,5,1998,0,1,2631,329,0,"$1,785,818.80"
26050,3,0,1,48,2,1991,1,0,9143,195,0,"$2,612,716.10"
92688,5,0,0,41,4,1994,1,0,8919,814,1,"$9,271,540.40"
63304,1,1,0,81,4,1997,0,1,9788,503,1,"$6,342,245.70"
84827,2,0,1,62,3,2018,1,0,9239,911,0,"$8,487,673.80"
75762,5,0,0,10,4,2014,0,1,9116,119,1,"$7,577,001.40"
30513,8,0,1,86,2,1996,0,0,1223,699,1,"$3,062,130.60"
91604,9,1,1,57,8,2018,0,1,7951,489,1,"$9,169,471.80"
68365,10,0,1,79,7,1990,1,1,8246,636,1,"$6,846,772.00"
96037,6,1,0,4,4,1993,0,0,2963,341,0,"$9,606,569.30"
63137,7,0,1,46,4,1994,0,0,1446,617,1,"$6,319,616.40"
98951,5,1,0,46,1,2012,0,1,9413,230,1,"$9,905,156.20"
69623,7,0,0,54,7,2007,0,0,2459,471,1,"$6,966,322.70"
75689,4,0,0,32,2,2006,1,0,6914,581,0,"$7,571,270.60"
16147,4,0,1,63,1,1990,1,0,1730,722,1,"$1,620,485.00"
73739,8,1,1,10,6,2009,1,0,1187,595,1,"$7,382,091.90"
93361,8,1,0,7,4,1996,0,0,3520,920,0,"$9,340,382.60"
59300,3,0,1,81,8,2016,0,0,5786,298,1,"$5,934,782.60"
5988,6,1,1,10,5,2009,0,0,7391,487,1,"$606,466.90"
15009,10,1,0,9,7,1999,1,0,2164,950,1,"$1,506,018.90"
1863,1,1,1,81,10,2000,1,1,7113,298,0,"$197,006.00"
28700,7,1,0,18,8,2005,0,1,5230,843,1,"$2,873,058.50"
1012,2,0,0,81,8,1991,1,1,5343,683,0,"$106,809.10"
28238,1,0,1,51,1,2010,1,0,2933,392,0,"$2,828,215.00"
10069,2,0,0,40,8,1990,1,1,6982,621,1,"$1,010,749.00"
12279,7,1,0,75,5,2010,1,0,672,946,1,"$1,237,678.00"
61924,5,0,1,21,9,2003,0,1,4010,525,1,"$6,198,532.30"
54550,7,0,1,59,8,1997,0,1,4482,486,0,"$5,460,811.70"
84491,8,1,1,16,1,1996,0,1,6653,323,0,"$8,457,523.60"
4007,9,1,0,11,4,2020,0,1,339,245,0,"$404,732.00"
55238,5,0,1,63,8,2018,1,1,5472,947,1,"$5,527,940.80"
47794,6,0,1,78,2,2014,1,0,7795,957,1,"$4,784,670.40"
37944,6,0,1,54,9,1995,1,0,7627,153,1,"$3,799,916.50"
14434,8,1,0,54,7,1993,1,0,5877,749,1,"$1,453,434.30"
12193,3,0,0,6,2,2006,0,1,1586,781,0,"$1,220,166.60"
41757,5,0,0,31,2,2016,0,1,4331,194,0,"$4,177,546.60"
84609,10,1,1,29,8,2006,1,0,1459,205,0,"$8,469,601.60"
7517,9,1,0,59,7,2004,1,1,1063,456,0,"$756,764.40"
89974,4,1,1,43,2,1990,1,0,8372,431,0,"$9,008,989.00"
56191,3,1,1,51,8,2005,1,1,5181,358,0,"$5,625,288.50"
36799,7,0,1,56,9,1992,0,1,9053,623,0,"$3,685,628.20"
60555,6,1,1,17,5,2016,1,0,2639,506,0,"$6,065,217.60"
80582,5,1,0,74,3,2011,1,0,2241,146,1,"$8,067,342.10"
28964,2,0,1,54,6,2004,0,1,9920,560,1,"$2,905,336.40"
45467,7,0,1,29,9,2006,0,0,368,182,1,"$4,551,038.60"
80039,4,1,1,45,6,1996,1,0,6447,581,1,"$8,009,219.60"
94744,8,0,1,12,6,2010,1,1,252,212,1,"$9,477,533.00"
23494,3,1,1,61,1,2014,1,1,509,542,1,"$2,361,737.40"
8908,10,1,0,58,9,1997,0,0,5619,999,0,"$896,834.70"
8416,9,1,1,99,1,2013,1,0,7932,124,0,"$850,814.30"
50070,9,0,1,47,4,1995,0,1,2411,766,1,"$5,010,998.50"
18286,6,0,0,78,9,2016,0,1,7738,738,1,"$1,833,185.60"
67798,7,0,0,87,4,2013,1,0,5019,839,1,"$6,783,470.30"
71025,3,0,0,23,4,2010,1,1,5948,464,0,"$7,104,405.00"
23088,6,0,0,55,5,2000,0,1,778,774,0,"$2,313,705.00"
96923,10,1,0,2,3,2008,1,1,9683,392,0,"$9,694,422.80"
22587,10,1,1,29,3,1998,0,0,5533,652,0,"$2,266,626.80"
81793,2,0,0,73,10,2018,0,0,7377,472,1,"$8,184,784.80"
92698,2,1,0,28,9,2006,0,0,6673,275,1,"$9,274,536.60"
61241,4,0,0,45,3,2019,0,1,6684,766,0,"$6,125,986.90"
21068,8,1,1,85,5,1990,1,1,9868,935,0,"$2,118,534.00"
84154,1,0,0,83,3,2008,0,1,7318,890,0,"$8,419,569.80"
63437,1,1,1,78,10,2000,0,0,4062,156,1,"$6,351,922.00"
34441,8,0,1,1,6,2002,0,0,1045,836,0,"$3,447,690.20"
70634,4,0,0,7,5,2002,0,1,6044,370,1,"$7,064,676.20"
16174,9,1,0,100,4,2010,1,1,6699,550,1,"$1,632,405.00"
53330,4,0,0,8,6,2002,1,1,4562,820,0,"$5,334,440.20"
49092,5,1,1,81,5,2002,0,0,4429,198,0,"$4,923,130.20"
39899,6,0,0,41,3,2006,0,0,1746,418,1,"$3,993,466.60"
44994,7,0,1,71,1,1997,0,1,970,701,0,"$4,507,755.70"
31088,9,0,1,40,9,2003,0,0,2370,943,1,"$3,116,014.30"
9447,4,0,1,9,8,1995,0,0,6319,854,1,"$949,332.50"
83936,1,0,1,25,8,1995,0,1,1460,601,0,"$8,399,014.50"
82910,3,0,0,73,7,1995,0,1,9869,273,1,"$8,295,330.50"
43215,1,1,0,4,9,1998,1,1,1384,535,0,"$4,323,726.80"
21597,5,0,0,74,6,2015,1,0,5714,649,0,"$2,161,065.50"
958,9,1,0,15,4,2016,1,1,575,740,1,"$99,445.60"
11904,7,0,1,55,2,1993,1,0,9794,813,1,"$1,198,851.30"
63693,1,1,0,94,8,2005,0,1,4171,574,1,"$6,379,693.50"
15555,5,0,0,66,2,2014,0,0,4754,398,0,"$1,558,805.40"
88308,1,1,0,35,7,2014,1,1,524,637,1,"$8,838,121.40"
72161,9,0,0,94,7,1998,0,0,9148,765,0,"$7,225,761.80"
48684,7,0,0,87,10,1995,1,1,3821,127,0,"$4,870,243.50"
37494,9,0,0,66,3,2006,0,0,507,447,0,"$3,752,888.60"
87587,6,0,0,59,7,2011,0,0,4857,713,1,"$8,761,570.10"
19507,8,1,0,55,6,2010,1,1,690,760,0,"$1,955,298.00"
63600,10,1,1,20,6,2018,0,1,305,101,0,"$6,369,418.80"
73482,10,0,0,33,5,2013,0,0,6813,900,1,"$7,351,375.30"
43020,10,0,1,75,9,2012,0,1,2367,946,1,"$4,306,904.20"
58949,10,0,0,36,9,1996,1,0,9186,380,0,"$5,897,197.60"
84431,5,0,0,35,6,1996,1,0,3882,727,0,"$8,445,624.60"
26299,1,0,0,82,10,2020,1,1,1857,224,0,"$2,638,300.00"
73073,2,0,1,54,8,2003,0,0,5066,305,0,"$7,317,758.30"
73031,8,0,1,59,10,1993,0,1,8249,966,1,"$7,309,235.30"
13283,1,1,0,95,9,1998,0,0,749,411,0,"$1,334,061.80"
5086,7,0,0,99,1,2003,1,0,5717,145,1,"$516,329.30"
15880,9,0,0,26,2,2016,1,0,9337,811,1,"$1,591,475.60"
99093,10,1,0,34,8,2012,0,1,7447,207,0,"$9,914,508.20"
56701,6,1,1,34,2,2008,0,0,9778,396,0,"$5,673,882.80"
9920,1,0,1,16,8,1997,1,1,6475,398,1,"$996,888.70"
7228,6,1,1,86,2,1992,1,1,7826,695,1,"$737,118.20"
18684,8,1,0,42,7,1990,0,0,501,897,0,"$1,877,347.00"
36297,7,1,1,60,7,2017,1,0,1214,387,0,"$3,637,736.70"
29753,7,1,1,68,4,2017,1,1,1025,524,1,"$2,986,236.70"
16915,5,1,0,82,8,2006,0,1,5580,600,0,"$1,701,274.60"
11593,4,1,0,57,9,1997,0,0,490,195,0,"$1,166,355.70"
76658,5,1,1,7,8,2020,1,1,9433,286,1,"$7,674,076.00"
28436,6,0,1,90,6,1999,1,1,3497,366,0,"$2,848,381.90"
22461,7,0,1,70,3,2019,1,0,5513,943,1,"$2,255,310.90"
59071,5,0,0,24,7,2012,1,1,7221,742,0,"$5,909,009.20"
78010,1,1,1,100,8,1994,1,1,9159,286,0,"$7,809,768.40"
14079,9,1,1,81,1,1991,1,1,3291,276,1,"$1,419,421.10"
68726,10,1,1,44,5,2004,1,1,381,378,1,"$6,881,563.40"
37856,5,1,0,85,7,1998,1,0,5501,647,1,"$3,792,661.80"
2789,8,1,0,55,2,2014,1,0,4719,310,1,"$283,446.40"
11512,8,0,0,59,6,2012,0,1,8834,279,0,"$1,152,954.20"
82377,3,1,0,1,9,1997,0,0,1171,336,1,"$8,241,773.70"
99648,2,0,1,39,8,1996,0,1,6343,453,0,"$9,971,099.60"
68269,10,0,1,41,6,2017,0,0,2860,867,1,"$6,835,405.70"
48831,2,0,1,29,9,2015,0,0,634,634,1,"$4,889,109.50"
96228,4,1,0,76,2,2017,1,0,759,724,1,"$9,627,177.70"
36936,9,1,0,65,2,2002,0,0,1375,688,1,"$3,697,084.20"
93217,2,0,0,95,5,1997,0,1,4686,696,0,"$9,328,799.70"
70715,4,1,0,45,3,2001,0,1,1556,741,1,"$7,076,608.10"
33512,6,1,0,46,8,2007,1,0,1795,587,0,"$3,355,634.70"
61587,4,1,0,93,8,2011,1,1,19,281,0,"$6,167,753.10"
32910,4,1,1,15,10,2010,0,1,6957,697,1,"$3,301,042.00"
64963,5,1,0,55,3,2014,0,1,3190,317,1,"$6,500,685.40"
35519,5,1,1,28,2,2003,0,1,2339,910,0,"$3,558,953.30"
56501,8,0,0,27,7,2000,1,1,4877,798,0,"$5,651,274.00"
35005,9,1,1,2,4,2011,0,0,248,807,1,"$3,507,342.10"
44969,3,0,0,61,2,1995,1,0,438,422,0,"$4,502,396.50"
16460,9,1,0,98,10,2009,0,0,1016,792,0,"$1,660,482.90"
9155,10,1,1,67,1,1994,1,1,4976,471,0,"$922,517.40"
52646,3,1,0,30,6,2001,1,0,6433,911,1,"$5,272,375.10"
74623,10,1,0,99,7,2019,1,0,9494,549,1,"$7,477,062.90"
24547,5,1,1,50,2,2006,1,1,640,727,1,"$2,463,506.60"
64492,1,1,1,31,3,2014,1,0,5273,324,1,"$6,459,748.40"
45989,10,1,1,74,5,2008,1,1,5937,354,1,"$4,611,619.80"
79549,3,1,1,4,4,2014,0,0,4168,513,1,"$7,961,296.40"
82284,7,0,1,90,4,2015,1,0,3292,850,1,"$8,236,956.50"
48240,8,1,0,94,1,2004,0,1,993,909,1,"$4,831,157.40"
663,5,0,0,9,3,1990,0,1,2348,260,0,"$67,550.00"
46505,4,1,0,11,2,2013,0,0,8982,741,0,"$4,654,841.30"
47651,7,0,0,54,7,2014,0,0,8258,996,1,"$4,768,941.40"
85811,7,1,1,91,5,1999,1,0,8142,552,1,"$8,594,337.90"
60936,7,1,0,33,8,2016,1,0,7581,577,0,"$6,098,399.60"
42407,7,0,0,86,2,2021,1,1,9083,639,0,"$4,247,458.10"
84181,1,0,1,3,1,2000,0,1,3900,345,0,"$8,420,281.00"
86680,8,0,1,4,4,2001,1,1,90,171,1,"$8,672,197.10"
4690,6,1,1,7,2,2014,1,0,8543,987,1,"$474,716.40"
49779,7,1,1,31,5,2006,1,1,1112,883,0,"$4,986,710.60"
32204,4,0,1,3,6,2001,0,0,3308,654,0,"$3,226,023.10"
6547,6,0,0,20,7,2021,0,0,719,884,1,"$657,002.10"
5801,6,1,0,74,1,2006,0,0,8627,857,1,"$587,160.60"
49033,9,0,1,92,10,2020,1,0,4774,731,1,"$4,913,241.00"
22468,3,0,0,21,10,2013,0,0,7138,337,0,"$2,248,298.30"
73885,8,0,1,31,7,2019,1,0,6657,562,0,"$7,393,278.90"
10252,6,0,1,22,3,2017,0,0,8455,994,0,"$1,030,176.70"
57639,10,1,1,40,8,2002,1,0,8125,973,0,"$5,769,167.20"
3802,5,0,0,98,4,1991,0,1,3153,619,1,"$388,147.10"
68862,4,1,0,12,9,2017,0,1,3064,962,0,"$6,891,082.70"
30312,9,1,0,78,6,1996,1,0,2308,930,1,"$3,038,342.60"
1256,4,1,0,9,9,2008,0,1,4159,390,0,"$130,440.80"
74893,8,1,0,87,8,2020,1,1,4898,355,0,"$7,494,261.00"
99125,9,1,0,16,1,1998,0,1,9298,556,0,"$9,916,436.80"
99104,9,1,1,64,2,2001,1,1,8965,327,1,"$9,922,700.10"
31644,1,0,1,42,4,2013,1,1,3968,842,1,"$3,169,499.30"
84789,3,0,1,27,6,1992,0,0,9782,857,0,"$8,484,814.20"
71807,2,1,0,87,6,1996,0,1,6710,415,1,"$7,193,582.60"
57412,8,1,0,6,9,2013,0,1,4079,538,1,"$5,747,107.30"
14921,1,0,0,64,2,1995,0,1,3884,431,1,"$1,496,575.50"
65830,10,1,0,4,6,2017,0,1,2759,205,0,"$6,587,835.70"
84872,4,1,1,78,10,2005,0,1,7968,836,0,"$8,500,395.50"
30877,10,1,0,5,5,2001,0,1,4957,829,0,"$3,089,945.10"
9642,5,1,0,59,10,2021,1,0,9423,949,1,"$971,897.10"
53798,1,0,1,52,4,1993,1,1,1249,461,1,"$5,386,875.30"
82733,4,1,1,87,10,2018,1,0,2073,869,0,"$8,287,927.80"
99670,1,1,0,55,6,2009,1,1,9428,140,1,"$9,974,144.90"
95968,7,1,1,59,8,2019,1,0,7779,749,0,"$9,609,048.90"
31357,9,1,0,76,9,2017,1,1,3115,248,1,"$3,141,062.70"
5012,5,1,1,64,6,2018,1,0,8597,735,0,"$511,059.80"
32088,10,0,0,87,1,2018,1,0,51,527,0,"$3,216,535.80"
99355,8,1,1,68,8,1994,0,0,6968,950,1,"$9,940,016.40"
98940,10,1,1,65,3,2015,0,1,5891,877,0,"$9,899,873.50"
78916,7,1,0,8,8,2009,1,0,7306,242,0,"$7,897,498.90"
31844,10,0,0,57,6,2008,1,0,7904,624,1,"$3,190,358.80"
46367,9,1,1,10,1,2014,1,1,3806,469,1,"$4,641,159.40"
73889,2,1,1,93,3,1996,1,1,3758,469,1,"$7,403,420.60"
27769,5,1,1,54,10,2012,1,1,162,869,0,"$2,791,895.20"
19911,1,1,1,22,4,2016,0,1,5802,623,0,"$1,997,090.60"
44513,10,0,1,49,4,2013,1,1,425,813,0,"$4,457,776.30"
54631,5,1,1,43,6,2006,0,1,3289,686,0,"$5,471,295.60"
49806,2,1,0,6,7,2021,1,0,1547,504,1,"$4,983,577.10"
3289,10,0,0,72,10,1992,0,1,5883,261,1,"$330,701.20"
17109,5,0,1,35,1,2020,0,0,2929,831,1,"$1,719,159.00"
65046,5,0,0,48,5,2001,1,1,9300,877,1,"$6,506,466.10"
47264,10,1,1,50,3,1993,0,1,9201,707,0,"$4,737,385.30"
13898,8,0,0,41,1,2007,1,1,1816,534,1,"$1,393,356.70"
9750,3,0,1,85,3,1999,1,1,8075,831,1,"$982,119.90"
60238,6,0,0,98,7,2010,1,0,7210,782,1,"$6,028,617.00"
39591,8,1,1,55,9,2021,1,0,1971,266,1,"$3,967,203.10"
58046,7,1,1,29,5,2001,0,1,9252,779,1,"$5,811,902.10"
54694,1,1,0,73,8,1996,0,0,7413,347,0,"$5,478,956.60"
26864,6,0,0,86,4,2001,1,0,6504,191,0,"$2,692,368.10"
71657,7,0,1,42,3,2012,1,0,6036,577,0,"$7,170,264.20"
43524,7,0,0,28,10,2003,0,1,9143,815,0,"$4,354,494.30"
65357,3,0,0,6,1,1990,0,0,959,821,0,"$6,536,555.00"
1664,9,1,1,25,7,1992,1,1,8348,950,0,"$174,007.20"
18349,6,1,1,47,8,1997,1,1,5649,313,1,"$1,844,863.70"
47870,1,1,1,59,1,2018,0,0,3903,933,0,"$4,795,565.80"
61761,4,0,0,10,4,2014,1,0,2530,942,0,"$6,177,711.40"
99266,6,1,1,39,10,2016,0,1,3627,871,1,"$9,932,775.60"
85512,2,1,1,73,10,1994,1,0,4707,302,0,"$8,560,263.40"
97392,4,0,1,83,9,2016,1,1,2771,167,0,"$9,746,606.60"
91440,8,0,0,95,1,1994,0,1,6253,743,1,"$9,150,599.40"
51813,8,0,0,97,5,2009,1,1,5255,278,1,"$5,187,344.90"
22601,3,1,1,6,8,2012,1,1,4345,139,1,"$2,268,497.20"
34901,10,0,0,32,7,2010,0,0,9079,296,0,"$3,493,455.00"
74300,5,1,0,14,9,1991,0,1,8604,109,1,"$7,436,179.10"
6178,4,0,1,41,5,2019,1,1,9278,763,1,"$625,784.90"
42873,5,1,1,95,2,1999,0,0,445,689,0,"$4,295,566.90"
38172,6,0,1,69,4,1997,0,1,8394,432,1,"$3,822,350.70"
25624,10,1,0,91,7,1992,1,0,846,277,0,"$2,566,661.20"
78765,2,1,0,51,7,2011,1,0,3294,463,1,"$7,886,131.10"
28911,10,1,1,55,8,1991,0,1,1565,953,0,"$2,902,639.10"
58492,10,1,1,87,3,2005,0,1,8483,829,1,"$5,860,459.50"
38075,2,0,1,28,3,1995,0,1,9309,420,0,"$3,812,421.50"
41371,7,0,0,64,1,2013,0,0,605,458,1,"$4,139,663.30"
35522,4,0,1,5,6,1994,0,0,3373,839,1,"$3,554,423.40"
52856,3,1,0,1,9,2013,0,1,7308,540,0,"$5,289,891.30"
28988,4,1,0,38,6,2014,0,0,9968,977,1,"$2,907,130.40"
56555,4,1,1,78,1,1990,0,0,9438,901,1,"$5,668,603.00"
52254,8,0,0,91,2,2005,0,1,7979,677,0,"$5,230,022.50"
32879,9,0,1,74,2,2021,1,1,8045,229,0,"$3,299,134.10"
25012,1,1,0,2,4,2014,0,1,4770,735,1,"$2,503,623.40"
4865,4,1,0,8,7,1999,1,0,9281,932,1,"$491,173.90"
49395,5,0,0,10,7,2015,1,0,6387,415,0,"$4,941,101.50"
10606,4,0,1,16,9,1996,0,1,6543,957,1,"$1,064,850.60"
63724,2,1,1,16,4,2012,1,1,189,648,0,"$6,378,709.20"
33956,9,0,1,46,7,2001,0,0,8896,480,1,"$3,404,280.10"
82900,7,0,0,71,7,2001,0,0,8720,235,0,"$8,292,317.10"
93319,9,1,0,61,8,2018,1,0,4258,362,0,"$9,338,497.80"
95160,3,1,0,27,1,2001,1,0,756,233,0,"$9,522,790.10"
59498,9,0,0,24,9,1998,0,1,4482,927,1,"$5,952,425.80"
148,9,0,0,11,9,1992,1,1,6618,939,1,"$16,799.20"
67709,1,1,0,2,10,1992,0,0,2723,535,1,"$6,776,316.20"
93224,9,0,1,85,1,2019,1,0,1871,765,0,"$9,329,864.90"
76183,7,0,0,41,2,1996,0,1,2290,648,0,"$7,620,092.60"
37132,2,0,0,38,1,2009,1,0,6546,797,1,"$3,714,296.90"
66993,7,1,1,72,1,2016,0,1,548,954,1,"$6,710,225.60"
82244,10,0,1,24,5,2000,1,1,4073,355,0,"$8,228,737.00"
29370,10,0,0,45,4,2002,0,1,3746,797,0,"$2,938,725.20"
66129,8,0,0,48,4,2020,0,0,6552,670,1,"$6,615,134.00"
29846,8,0,0,14,8,1998,0,0,3839,580,0,"$2,985,095.80"
64108,4,0,1,98,3,1992,1,1,7326,898,0,"$6,423,668.20"
2850,5,1,0,37,3,2012,1,0,3800,984,0,"$290,875.20"
35652,3,0,0,33,3,1996,1,0,9009,716,0,"$3,569,151.60"
10932,5,0,0,49,8,2007,0,0,5345,377,1,"$1,094,185.70"
58914,9,1,1,73,2,2017,0,1,5801,869,0,"$5,899,786.70"
12018,10,1,0,88,9,2006,0,1,6066,563,1,"$1,213,311.60"
91395,4,0,0,25,9,2008,0,0,6930,165,0,"$9,141,900.80"
73956,9,1,0,90,5,2006,1,1,5045,493,0,"$7,400,410.60"
49421,7,0,0,10,7,2020,1,1,8763,746,0,"$4,943,342.00"
55529,2,1,1,84,3,2008,0,0,6197,931,1,"$5,558,926.80"
43547,7,0,1,12,1,2016,1,0,5388,267,1,"$4,358,059.60"
28554,7,0,0,45,4,2012,0,0,4742,155,1,"$2,856,686.20"
85341,8,1,0,36,3,2004,0,1,8479,884,1,"$8,538,869.40"
60826,8,1,0,30,2,2016,0,0,8428,296,0,"$6,087,968.60"
1863,2,1,1,22,5,2010,1,0,2578,490,0,"$190,783.00"
59476,4,1,0,41,2,2018,0,0,6291,800,1,"$5,950,982.80"
85493,7,1,1,11,7,2013,0,1,1747,758,1,"$8,557,738.30"
5808,8,0,0,16,5,2014,1,1,3004,797,1,"$582,907.40"
50673,4,1,1,5,3,2015,0,1,6732,974,1,"$5,076,210.50"
62802,3,0,1,53,8,2020,0,1,991,866,1,"$6,283,765.00"
67977,7,1,0,22,5,2009,0,1,3897,937,0,"$6,803,875.90"
61217,1,1,1,65,2,2015,1,0,3710,905,0,"$6,134,485.50"
40207,1,1,1,48,1,2018,1,1,2099,778,1,"$4,029,373.80"
69142,4,0,0,63,7,2005,1,1,8568,340,0,"$6,916,927.50"
80596,3,0,1,74,2,1999,0,0,2388,984,1,"$8,065,721.90"
54473,8,1,0,40,3,2015,1,0,4560,835,0,"$5,452,279.50"
51271,4,1,1,90,7,1993,0,0,5684,686,0,"$5,139,928.30"
14809,10,0,1,28,10,2015,1,0,5452,823,0,"$1,486,480.50"
59144,7,1,1,36,7,2020,0,1,5313,130,1,"$5,922,786.00"
7791,5,1,0,17,10,1998,1,0,5524,780,1,"$785,517.80"
54266,4,0,0,5,4,1997,1,1,9620,601,1,"$5,427,669.70"
59547,5,0,1,84,2,2016,1,0,2680,946,0,"$5,967,994.60"
32813,3,1,1,3,1,1990,1,0,9189,618,1,"$3,286,268.00"
34154,5,0,0,89,2,1998,0,1,308,538,1,"$3,423,970.80"
50093,7,0,1,52,7,2001,1,0,9193,413,0,"$5,014,755.10"
57133,8,1,1,5,8,2019,1,0,4136,469,1,"$5,718,350.90"
72829,7,0,0,63,4,2020,1,0,7696,417,0,"$7,287,180.00"
44461,9,1,1,24,6,2015,1,0,6427,532,1,"$4,454,468.50"
81789,10,1,0,28,8,1995,1,1,2452,780,1,"$8,184,845.50"
87821,8,1,0,59,7,2004,0,1,3079,776,1,"$8,788,809.40"
38704,4,1,1,65,1,1998,0,1,4998,960,1,"$3,882,049.80"
50478,6,0,0,11,8,2015,1,0,5532,711,1,"$5,048,822.50"
72170,3,0,1,86,7,2020,1,0,1139,627,0,"$7,229,974.00"
42770,1,0,1,42,9,2002,0,1,2424,896,1,"$4,281,356.20"
2226,7,1,0,4,5,2000,0,1,4784,711,1,"$224,310.00"
73741,1,0,1,36,6,2007,0,0,5012,314,1,"$7,377,791.70"
55785,9,1,0,91,5,2010,1,1,1954,632,0,"$5,590,650.00"
53812,4,0,1,61,10,1999,1,1,4090,976,0,"$5,390,255.90"
70492,10,0,0,48,10,2019,1,1,7131,676,0,"$7,054,127.90"
70577,10,0,1,88,9,2005,1,0,8860,128,1,"$7,064,452.50"
37879,8,1,1,95,7,2004,0,1,3443,851,0,"$3,804,577.40"
36559,3,0,0,47,9,2007,0,0,3961,325,0,"$3,658,559.70"
97087,9,1,0,38,2,2008,1,1,6678,719,1,"$9,716,102.80"
62816,9,1,1,56,6,2010,1,1,7894,116,0,"$6,295,641.00"
54843,10,0,0,16,2,2015,0,1,8934,703,1,"$5,486,701.50"
79853,4,0,0,17,3,1994,1,1,5601,975,0,"$7,987,746.40"
23119,10,1,0,14,2,2004,1,0,4103,410,1,"$2,316,639.40"
10320,6,1,0,43,2,2002,0,1,1545,692,0,"$1,038,005.20"
17353,3,0,0,77,1,1993,1,1,1509,628,0,"$1,740,330.30"
73196,5,0,1,48,5,2011,0,0,7389,114,1,"$7,325,901.10"
83934,7,1,1,31,3,2001,0,0,555,999,0,"$8,400,357.10"
99177,9,1,0,57,2,2004,0,1,9729,403,1,"$9,926,523.40"
84466,4,1,1,73,10,2011,0,1,6674,986,0,"$8,456,570.10"
50619,5,1,1,33,10,2019,0,0,9207,314,0,"$5,071,031.90"
76541,5,1,0,4,9,2000,0,1,1272,166,1,"$7,656,647.00"
64105,1,0,1,96,6,1991,0,0,4995,462,1,"$6,419,376.10"
39786,4,0,0,55,3,2021,0,0,5675,677,1,"$3,984,007.10"
52370,5,0,1,23,8,1997,1,0,9018,625,1,"$5,242,857.70"
21722,4,0,0,25,8,2020,0,1,9978,951,1,"$2,173,827.00"
62686,9,0,1,71,2,1994,1,1,4240,759,1,"$6,272,659.40"
64087,6,1,0,29,4,2010,1,1,8720,404,0,"$6,414,075.00"
25972,6,1,0,11,2,2021,1,0,641,838,0,"$2,600,292.10"
10830,5,0,1,65,8,2006,0,1,5829,439,0,"$1,093,719.60"
82065,7,1,1,90,10,2012,0,0,8017,767,0,"$8,217,209.20"
66972,6,0,1,52,3,2009,1,1,7292,967,0,"$6,701,382.90"
96871,6,0,0,77,8,1996,0,0,7309,122,1,"$9,690,783.60"
52554,9,0,1,58,6,2011,0,1,180,363,0,"$5,260,061.10"
76017,3,0,0,81,3,2005,1,1,810,877,0,"$7,603,441.50"
76097,6,0,1,51,3,2020,1,0,3337,337,0,"$7,616,002.00"
99254,1,1,0,77,10,2004,0,0,8706,690,1,"$9,931,071.40"
26952,1,0,0,54,10,2006,1,1,3036,477,0,"$2,698,982.60"
36968,4,1,1,92,7,2002,1,1,2785,381,1,"$3,711,515.20"
71610,6,1,0,100,2,1990,1,0,4871,745,1,"$7,169,819.00"
50252,8,1,0,92,10,2014,0,1,662,278,1,"$5,033,342.40"
78254,10,0,0,71,9,1990,0,1,6303,422,0,"$7,831,345.00"
11933,5,1,1,21,3,2005,0,1,8801,140,0,"$1,201,065.50"
58069,1,1,1,55,7,2004,0,0,4432,671,0,"$5,819,120.40"
47580,3,0,1,90,7,1995,1,1,2195,441,1,"$4,768,584.50"
45747,10,0,0,40,4,1992,0,1,7612,535,1,"$4,579,479.20"
38515,2,1,1,94,1,2003,1,0,5275,596,1,"$3,865,010.30"
91204,9,1,1,10,2,1990,0,1,1974,994,1,"$9,127,495.00"
38425,5,1,1,88,10,2015,0,0,7704,837,0,"$3,858,124.50"
20537,4,0,0,44,1,1994,0,1,7671,610,0,"$2,056,267.40"
67462,2,1,0,98,3,2008,1,1,5585,655,0,"$6,754,742.80"
32282,10,1,0,9,7,2008,0,1,8348,944,1,"$3,231,758.80"
63380,5,1,0,53,7,1994,0,0,495,687,0,"$6,341,950.40"
49322,4,0,0,97,3,2017,1,0,3508,600,0,"$4,940,658.70"
72935,2,0,1,27,4,2012,1,1,1099,113,0,"$7,298,657.20"
34410,9,1,0,28,2,2015,1,1,1461,568,0,"$3,445,264.50"
40790,1,0,0,54,8,2002,0,1,9799,745,1,"$4,080,340.20"
65260,8,1,0,83,10,1996,0,1,1777,683,0,"$6,534,195.60"
43189,2,0,1,39,6,1990,0,0,7762,928,1,"$4,326,117.00"
40416,5,1,1,92,9,1990,0,0,289,895,1,"$4,050,909.00"
31202,10,0,0,37,4,1993,0,1,1116,368,1,"$3,121,833.30"
72688,8,1,0,45,6,2019,0,1,1941,378,1,"$7,275,937.90"
27119,5,0,1,25,1,2000,1,1,380,647,0,"$2,717,313.00"
24916,10,0,0,55,3,2010,1,0,2931,523,1,"$2,496,771.00"
88545,7,0,1,8,4,1993,1,1,5715,586,1,"$8,860,039.30"
92102,1,0,0,88,4,1999,1,1,6612,340,0,"$9,213,411.90"
90204,5,0,1,8,8,2017,0,1,4559,889,1,"$9,025,058.70"
97867,8,1,1,66,4,1997,1,0,3965,805,0,"$9,799,102.70"
70197,5,0,1,52,6,2000,0,1,3200,177,0,"$7,027,634.00"
60153,5,0,1,46,8,1992,0,1,5712,207,1,"$6,018,727.20"
71824,4,0,0,82,10,1997,1,0,543,901,0,"$7,190,229.70"
96478,3,1,0,95,7,1993,0,0,2204,847,1,"$9,661,311.30"
93756,3,0,1,14,8,2001,0,0,5339,627,1,"$9,378,616.10"
99170,1,1,1,85,3,2014,1,1,8170,728,0,"$9,924,309.40"
11778,9,0,1,95,2,2001,0,1,2254,833,1,"$1,185,823.10"
91109,4,0,0,46,7,2005,1,1,1221,930,0,"$9,113,552.50"
71985,2,0,1,83,10,2016,0,0,5614,568,1,"$7,207,321.60"
10978,1,1,1,79,4,1998,0,0,5786,427,1,"$1,108,254.80"
24086,6,0,1,3,10,2014,0,1,8094,907,1,"$2,410,817.40"
92058,4,0,1,44,6,1997,1,1,9933,839,1,"$9,212,309.70"
32017,2,0,1,26,10,2010,0,1,1912,863,0,"$3,205,104.00"
36564,8,0,0,5,5,2010,0,1,2823,220,1,"$3,657,736.00"
96719,1,1,1,73,3,2020,1,0,9415,928,1,"$9,685,049.00"
79851,9,1,1,38,3,1998,1,1,3647,997,0,"$7,995,217.80"
79673,8,0,1,99,7,1992,1,1,6484,906,1,"$7,981,527.20"
40200,10,1,1,69,5,2006,0,1,8674,386,0,"$4,028,239.60"
54936,8,0,0,94,8,2002,0,1,4655,352,0,"$5,502,510.20"
65975,1,1,0,63,6,1992,1,1,6457,785,0,"$6,603,622.20"
66713,3,0,0,25,10,2006,1,1,7410,399,1,"$6,673,050.60"
80415,5,1,0,69,6,2007,1,0,4326,360,1,"$8,053,263.70"
48057,4,1,1,50,2,2011,1,0,6503,121,1,"$4,811,373.10"
45140,2,0,0,59,8,1993,1,1,7134,319,1,"$4,520,881.30"
70896,2,0,0,96,6,1990,1,0,497,869,0,"$7,098,171.00"
20492,5,1,1,77,4,1993,1,1,833,475,0,"$2,062,026.30"
82196,10,1,1,28,1,1990,0,1,5632,167,0,"$8,227,719.00"
83530,10,0,1,55,2,1999,1,1,9247,394,0,"$8,358,735.90"
57838,10,1,1,74,4,2002,1,0,4170,286,0,"$5,793,020.20"
12632,10,1,0,94,1,2012,0,1,2646,633,1,"$1,271,361.20"
13254,6,1,0,58,1,2014,0,0,1937,506,1,"$1,333,885.40"
90078,7,1,1,36,7,2004,0,1,6583,310,0,"$9,016,393.40"
54765,7,0,0,12,1,2013,0,1,6543,101,0,"$5,478,329.30"
4596,8,1,0,96,5,2014,1,0,3971,394,0,"$465,858.40"
19575,6,0,0,75,9,2013,1,0,4566,306,1,"$1,959,201.30"
77661,7,1,0,56,5,2013,0,0,6681,713,0,"$7,775,177.30"
5239,7,1,0,52,4,1993,0,1,3509,421,1,"$529,032.30"
65630,8,1,0,28,2,2020,0,0,6187,290,0,"$6,566,530.00"
62478,6,0,0,33,9,2000,0,0,736,980,1,"$6,249,752.00"
63434,7,0,1,51,3,2003,0,1,524,556,0,"$6,351,082.30"
16003,9,1,0,32,3,1995,1,0,6293,171,1,"$1,606,578.50"
49942,1,1,0,57,3,1990,1,1,4558,585,0,"$5,001,819.00"
1405,8,1,1,16,4,1998,0,1,6851,538,0,"$148,112.80"
15232,7,1,0,100,6,1994,0,1,3372,816,1,"$1,528,469.40"
96577,6,1,0,88,9,2010,1,0,9459,395,0,"$9,662,991.00"
11986,6,1,1,75,1,2001,1,0,2322,555,0,"$1,204,666.10"
41392,4,1,1,61,9,1991,1,0,1803,491,0,"$4,151,181.10"
57118,1,1,1,49,5,2018,1,1,5712,353,0,"$5,718,957.80"
74880,5,1,0,53,6,2003,0,1,4015,425,0,"$7,497,502.30"
50989,5,0,1,61,7,2012,0,0,9441,326,1,"$5,105,808.20"
65752,1,0,1,76,4,2020,1,1,2809,724,0,"$6,583,468.00"
49786,3,0,1,32,9,2004,1,0,5478,563,0,"$4,984,145.40"
96381,4,1,0,44,3,1997,0,0,4337,817,0,"$9,642,408.70"
53097,4,1,0,77,5,2005,0,1,428,737,0,"$5,315,665.50"
50846,2,1,1,79,1,2001,0,1,2903,660,1,"$5,091,984.10"
61856,4,1,0,97,1,1999,1,0,8735,887,1,"$6,199,110.90"
2685,4,1,1,35,1,2010,1,0,5553,188,0,"$274,819.00"
24021,2,1,0,4,7,1997,1,0,804,354,1,"$2,407,456.70"
72068,2,1,1,95,6,1992,0,0,3751,991,0,"$7,221,629.20"
74729,2,1,1,59,9,2000,1,1,5584,274,1,"$7,486,919.00"
45242,8,0,0,56,9,2003,1,0,529,120,1,"$4,527,632.30"
350,3,0,0,40,7,2020,1,1,9872,345,0,"$37,972.00"
42179,3,0,0,40,3,1999,1,1,9985,442,1,"$4,221,359.90"
71973,8,0,1,9,3,2012,0,1,2596,575,1,"$7,201,696.20"
19237,2,0,0,89,3,2012,0,1,4135,888,1,"$1,931,115.20"
98728,4,1,1,13,3,2011,0,1,4040,538,0,"$9,880,299.10"
38044,3,1,1,8,9,2007,0,0,5926,944,0,"$3,812,193.70"
20862,5,1,1,62,6,2007,1,0,1330,543,0,"$2,098,549.70"
72815,4,0,1,37,9,2015,1,1,9419,376,1,"$7,287,721.50"
72510,3,1,0,6,7,2021,0,1,6583,788,1,"$7,255,056.10"
51474,9,1,1,27,1,2000,0,1,8908,999,0,"$5,157,614.00"
46945,2,1,0,50,3,1993,1,0,9900,652,0,"$4,702,996.30"
13714,10,1,0,3,1,2005,0,0,8417,704,1,"$1,373,673.50"
29749,9,0,1,14,2,2003,1,0,8565,717,1,"$2,981,571.30"
80167,2,1,0,31,2,2018,1,1,4641,748,1,"$8,021,140.80"
63829,1,0,0,52,6,2021,0,0,1612,535,1,"$6,388,502.10"
57372,6,1,1,87,5,1998,1,0,3125,630,1,"$5,748,423.80"
46195,9,0,0,67,9,1990,1,1,4603,678,0,"$4,622,073.00"
55049,5,1,0,30,3,2005,1,0,4434,468,0,"$5,509,865.50"
8256,7,1,0,59,1,2005,0,0,1713,510,1,"$831,710.50"
68311,1,1,1,26,8,2005,1,1,635,746,1,"$6,839,967.50"
89885,3,0,0,40,3,2004,1,0,6599,487,1,"$8,992,850.40"
38535,6,0,0,78,7,2015,1,1,1175,103,0,"$3,855,421.50"
18109,7,1,1,26,3,2000,1,1,574,774,0,"$1,820,065.00"
18487,5,0,0,89,2,2009,0,0,5262,228,1,"$1,856,865.90"
42276,3,0,0,100,3,2006,0,0,9884,586,0,"$4,229,850.60"
48344,6,0,0,20,10,2004,1,1,1072,564,1,"$4,836,340.40"
68573,7,1,0,97,4,2014,1,1,1709,691,1,"$6,861,756.40"
43577,8,1,1,39,2,1993,0,0,6517,298,1,"$4,366,538.30"
8584,9,1,1,98,6,1999,1,0,9855,615,1,"$873,709.90"
56240,8,0,0,45,5,2007,1,1,8495,727,0,"$5,627,160.70"
44976,4,0,0,70,3,1997,1,1,9885,526,1,"$4,504,969.70"
53653,8,1,1,1,6,1990,0,0,4507,412,1,"$5,371,906.00"
52384,9,0,1,95,9,2012,0,0,3525,230,1,"$5,247,146.20"
54907,7,1,1,65,5,2003,0,1,7442,874,0,"$5,495,099.30"
92106,2,1,1,86,6,2014,0,0,8205,621,1,"$9,224,115.40"
53404,3,0,0,42,4,1999,1,0,802,225,1,"$5,343,461.90"
3033,8,1,0,74,3,1997,1,1,8290,200,0,"$312,271.70"
78992,2,1,0,68,10,1996,1,1,2628,243,1,"$7,903,591.60"
41726,8,0,1,25,3,2016,0,0,8887,131,0,"$4,174,598.60"
30674,5,0,0,57,5,2010,0,0,3949,489,0,"$3,072,660.00"
982,9,0,0,96,8,1990,0,0,224,350,0,"$101,341.00"
86160,1,0,1,7,4,2004,0,1,5221,168,1,"$8,618,638.40"
5389,5,0,1,25,8,2017,0,1,2030,939,0,"$543,793.70"
79114,10,1,1,70,5,2004,0,0,6519,995,0,"$7,923,653.40"
43042,5,0,0,93,6,2004,1,1,4004,393,1,"$4,311,510.40"
36195,6,1,1,76,7,2000,1,0,255,648,0,"$3,634,512.00"
38500,2,1,0,76,2,1994,0,1,9151,723,0,"$3,859,493.40"
12508,7,1,0,53,7,1991,1,1,3399,431,0,"$1,258,036.10"
94799,2,1,0,24,6,2012,0,1,8512,190,0,"$9,484,566.20"
13192,5,0,1,77,6,2008,1,0,3588,685,1,"$1,327,004.80"
57369,1,0,1,34,10,2017,1,1,6725,685,1,"$5,740,996.70"
27474,5,1,0,13,4,1997,0,1,9588,211,0,"$2,752,632.70"
60056,10,1,1,30,6,2010,0,0,6640,831,0,"$6,014,878.00"
63977,1,1,1,50,10,1995,1,1,8802,249,0,"$6,407,296.50"
4087,6,0,1,22,10,2012,0,0,1660,433,1,"$414,319.20"
99474,6,0,0,81,1,2016,0,0,4360,852,0,"$9,952,430.60"
59085,6,0,1,49,8,2014,1,1,349,101,1,"$5,915,775.40"
11877,4,0,1,9,3,2019,1,0,14,499,0,"$1,189,428.90"
48659,8,1,0,46,1,2009,0,0,2291,933,0,"$4,872,302.90"
47144,5,1,0,94,4,1992,1,1,3264,601,0,"$4,723,888.20"
69764,2,1,1,73,6,2008,0,0,8607,874,0,"$6,986,164.80"
40116,10,0,0,42,5,1997,1,1,1194,722,1,"$4,015,069.70"
46292,10,1,0,46,10,1992,1,1,6387,425,0,"$4,635,389.20"
77359,9,1,0,71,3,1990,1,0,7247,199,1,"$7,744,185.00"
32455,6,0,0,17,4,2017,1,0,2256,939,1,"$3,247,206.70"
34395,2,1,0,7,5,1999,1,1,1417,449,0,"$3,442,821.90"
4922,3,1,1,8,4,2019,0,1,8694,453,1,"$498,519.90"
60515,5,1,1,34,6,2018,0,1,2271,710,0,"$6,061,337.80"
36842,3,0,0,19,5,1990,1,1,9049,910,1,"$3,685,346.00"
21669,6,0,0,65,5,2005,0,0,1700,419,1,"$2,171,545.50"
37956,4,0,0,50,3,2016,0,0,7947,576,0,"$3,799,201.60"
19745,8,0,0,28,2,2003,0,1,5194,934,1,"$1,977,004.30"
22822,8,0,0,55,9,2010,1,0,5197,590,1,"$2,285,071.00"
75339,5,1,1,55,9,2015,1,1,6978,590,1,"$7,545,974.50"
45038,2,0,0,46,9,2020,1,0,4792,982,0,"$4,507,412.00"
17595,10,1,1,99,10,2021,1,0,4123,253,0,"$1,770,417.10"
55518,4,0,1,70,4,1993,1,0,8964,471,0,"$5,559,599.30"
77032,1,1,0,68,1,2020,1,1,3925,725,1,"$7,708,083.00"
61347,1,0,1,19,2,2021,1,1,5213,876,1,"$6,139,920.10"
3418,1,1,0,30,3,1993,1,1,5115,915,0,"$347,934.30"
29233,4,1,1,5,7,2007,1,1,1527,103,0,"$2,927,647.70"
26193,6,0,0,7,5,2013,0,1,1033,421,0,"$2,620,565.30"
45781,4,0,1,18,2,2014,1,1,927,830,0,"$4,584,350.40"
77465,6,1,1,42,1,1995,1,0,6722,286,1,"$7,753,128.50"
76357,9,1,0,97,7,2002,0,0,5899,235,0,"$7,641,043.20"
54528,3,1,1,41,4,2017,1,1,3501,231,0,"$5,465,714.70"
71930,3,1,1,87,5,2005,1,0,4619,949,0,"$7,208,762.50"
93803,8,0,1,38,10,2000,1,1,2369,214,1,"$9,387,508.00"
50262,4,0,1,55,6,2003,1,1,8015,209,1,"$5,034,452.30"
12387,9,1,0,55,4,2017,0,0,1393,789,0,"$1,242,765.70"
42904,4,1,1,70,7,2005,0,0,4680,699,0,"$4,302,680.50"
31421,8,0,1,28,2,2005,1,0,9438,357,0,"$3,148,839.50"
16894,4,0,0,88,1,2011,0,0,8415,301,0,"$1,697,483.10"
49044,4,1,0,91,2,2005,1,0,7430,437,1,"$4,914,350.50"
82950,10,1,1,46,10,1994,1,0,9187,847,0,"$8,301,059.40"
96654,8,1,1,34,7,2016,1,1,130,680,1,"$9,672,602.60"
23210,10,1,0,52,8,2014,1,1,9776,255,1,"$2,329,090.40"
2789,2,0,0,21,6,1991,0,1,5157,872,0,"$281,030.10"
64720,9,1,0,18,9,1990,0,1,5702,453,1,"$6,478,034.00"
22459,5,0,0,14,8,1991,0,1,8836,727,1,"$2,246,811.10"
96791,4,0,0,63,7,2009,0,1,1240,383,1,"$9,680,369.90"
23608,8,0,0,31,3,1995,1,1,6410,720,0,"$2,364,456.50"
13688,5,0,0,19,4,1991,0,0,6489,117,0,"$1,369,377.10"
72070,6,0,1,98,3,1999,1,0,2666,316,0,"$7,220,918.90"
86607,3,1,0,98,3,2017,1,0,5389,381,0,"$8,669,030.70"
95817,8,0,1,25,5,1995,0,1,6697,840,1,"$9,588,183.50"
3506,2,0,1,51,2,1991,1,1,4712,310,0,"$356,564.10"
37448,10,1,0,67,7,1997,1,0,1605,680,1,"$3,751,951.70"
36988,4,0,1,87,9,2007,1,1,7454,546,1,"$3,705,539.70"
998,2,0,1,90,5,2008,0,0,8604,348,0,"$104,702.80"
9493,5,0,0,27,1,2009,1,1,9660,241,0,"$951,804.90"
72370,1,0,0,89,10,2003,1,1,4618,856,1,"$7,242,934.30"
73049,4,0,0,65,3,2005,1,0,7064,568,1,"$7,306,250.50"
91370,4,1,1,6,9,2009,0,1,2687,565,1,"$9,146,210.90"
55045,5,0,1,30,4,2004,1,1,5733,464,0,"$5,511,210.40"
17989,4,1,0,11,5,2017,0,0,5679,172,1,"$1,802,630.70"
53749,7,1,1,1,9,1997,1,0,2336,969,0,"$5,381,679.70"
32694,8,0,1,60,9,2009,1,0,1421,635,0,"$3,274,621.90"
24261,4,1,1,44,7,2003,0,1,7476,678,0,"$2,437,565.30"
27394,5,1,1,66,5,2012,1,0,9345,959,1,"$2,754,889.20"
99432,3,1,0,36,4,2015,0,0,6843,591,1,"$9,947,325.50"
67229,1,0,0,18,10,2016,1,0,7856,754,0,"$6,725,201.60"
89186,2,0,0,5,1,2021,0,0,5759,283,1,"$8,919,497.10"
93313,7,1,0,66,10,2018,1,1,2702,809,0,"$9,338,654.80"
53671,6,1,0,95,10,2017,1,1,5731,139,0,"$5,378,022.70"
62318,5,1,0,29,5,2007,0,0,4844,281,0,"$6,235,136.70"
79422,2,1,1,4,3,1995,0,0,2686,305,0,"$7,952,304.50"
11093,1,0,1,71,2,1997,1,1,8059,287,1,"$1,117,189.70"
23321,7,1,0,37,2,1991,0,0,7618,253,0,"$2,335,697.10"
19198,3,0,0,46,8,2003,0,1,2995,918,1,"$1,921,930.30"
78216,3,1,1,89,6,2010,1,1,2643,351,0,"$7,832,429.00"
14750,6,1,0,12,9,2014,1,1,5905,643,1,"$1,478,391.40"
61098,4,0,1,48,8,2008,0,0,2276,459,0,"$6,115,352.80"
63111,1,1,0,89,9,1996,0,0,7826,630,0,"$6,314,137.60"
43250,2,0,1,55,7,2019,1,0,6059,851,1,"$4,334,802.90"
88168,9,1,1,57,2,2020,1,1,973,953,1,"$8,825,815.00"
37506,7,0,0,94,7,2016,1,1,4468,172,0,"$3,753,651.60"
64269,5,0,0,26,2,2000,0,0,5225,606,1,"$6,428,786.00"
7490,4,1,0,3,10,1996,1,0,4328,121,0,"$753,009.60"
97121,9,0,1,100,8,2012,1,1,5700,956,1,"$9,717,727.20"
14185,6,1,0,94,7,2002,1,1,5155,799,1,"$1,422,531.20"
86682,2,0,0,80,4,1996,1,0,2126,654,0,"$8,674,009.60"
34282,8,1,0,94,9,1991,0,0,7021,971,1,"$3,440,156.10"
89022,5,1,0,44,10,2004,0,1,4759,123,0,"$8,904,794.40"
91543,1,1,0,77,9,2013,1,0,1902,211,1,"$9,166,876.30"
54993,3,1,0,70,2,2017,0,1,4944,360,0,"$5,503,799.70"
85795,10,1,1,22,4,1990,0,1,8852,915,0,"$8,587,486.00"
64079,8,0,0,50,8,2019,0,0,7255,388,1,"$6,412,901.90"
80116,6,0,1,14,7,2000,0,0,7964,402,1,"$8,015,692.00"
52866,8,0,1,40,8,2004,0,1,933,384,0,"$5,293,836.40"
68375,3,0,0,74,2,1994,0,0,3854,168,1,"$6,838,539.40"
55802,9,1,1,32,7,2011,0,0,1112,459,0,"$5,588,172.10"
62117,3,0,0,3,8,1995,1,0,5600,426,0,"$6,212,439.50"
50890,3,0,1,90,4,2020,0,0,180,117,1,"$5,094,287.00"
44248,10,1,0,28,4,2018,0,0,2192,666,1,"$4,431,469.80"
76326,8,0,0,83,4,2004,0,0,4050,248,0,"$7,635,872.40"
56778,3,0,0,67,6,2005,0,1,3260,511,0,"$5,679,689.50"
80225,1,0,0,67,6,2002,1,1,656,932,1,"$8,025,744.20"
69320,8,1,0,45,6,2017,0,1,3636,476,1,"$6,939,825.70"
24962,10,0,0,6,1,2014,1,0,1251,260,0,"$2,497,425.40"
91964,10,1,1,93,7,2013,1,1,6032,950,1,"$9,209,295.30"
40787,3,0,1,88,9,2011,0,1,359,107,1,"$4,091,282.10"
28053,10,1,1,22,6,1991,1,0,9531,574,1,"$2,815,718.10"
90172,10,0,0,65,2,1999,0,0,7383,623,0,"$9,023,549.90"
816,4,0,1,48,3,2003,0,0,3587,726,0,"$87,585.30"
751,7,1,0,71,6,1992,1,1,1252,631,1,"$82,123.20"
87627,7,0,1,89,9,1999,0,1,2149,146,1,"$8,769,190.90"
16786,7,1,0,36,10,2007,0,0,802,262,0,"$1,684,521.70"
74832,8,1,1,69,3,1992,0,1,3427,209,1,"$7,492,714.20"
12920,8,0,1,83,9,2016,1,0,5166,948,1,"$1,305,319.60"
54879,4,1,0,6,10,1999,1,1,7739,818,1,"$5,492,312.90"
62083,4,0,1,81,5,1994,1,0,7667,392,0,"$6,218,129.40"
96814,7,0,1,9,7,1999,1,0,2678,481,0,"$9,687,090.90"
38301,9,1,1,53,8,2004,0,0,2522,336,0,"$3,841,237.40"
78947,10,0,0,94,1,1992,1,0,1965,698,0,"$7,900,369.20"
44836,5,0,1,88,10,2000,1,0,8687,986,0,"$4,493,247.00"
5488,4,1,0,35,3,1992,0,1,6778,442,0,"$554,027.20"
99886,10,1,1,37,8,2003,0,0,4600,210,0,"$9,999,687.30"
57072,8,0,0,32,6,2013,0,0,3694,317,1,"$5,710,445.30"
93684,10,1,0,35,2,2016,0,0,6716,291,1,"$9,373,516.60"
96978,7,0,0,68,1,1991,0,1,5754,497,0,"$9,703,653.10"
3624,10,1,0,1,4,1999,0,0,7887,702,0,"$365,077.90"
78000,6,0,0,25,5,2000,1,0,6386,978,0,"$7,801,225.00"
25972,8,1,1,98,8,1996,1,0,5998,815,1,"$2,605,855.60"
93922,8,0,1,89,8,2011,0,1,9492,998,0,"$9,403,863.10"
61039,8,1,1,69,1,1995,0,0,4909,666,1,"$6,114,260.50"
84404,4,1,1,98,8,2001,0,0,9795,325,1,"$8,456,155.10"
73622,10,1,0,54,1,2020,1,0,4412,417,0,"$7,365,758.00"
81012,6,1,0,7,3,2012,0,0,6946,585,1,"$8,104,126.20"
73687,2,1,1,49,3,2001,0,0,7113,181,1,"$7,376,903.10"
93952,1,1,1,10,2,2015,1,1,8302,910,0,"$9,403,674.50"
82120,9,0,1,62,1,2001,1,0,9335,170,1,"$8,216,635.10"
2351,9,1,0,51,1,2018,0,0,4104,723,0,"$239,411.80"
38132,7,1,0,16,2,1996,0,1,7592,112,0,"$3,818,556.60"
42808,9,1,1,67,2,1996,1,0,8536,855,0,"$4,290,930.60"
70722,5,0,0,55,7,2016,0,1,9738,454,1,"$7,076,626.60"
46134,10,1,1,23,6,2004,1,1,7647,666,1,"$4,624,090.40"
92044,1,0,1,28,3,2001,0,1,4700,754,1,"$9,210,929.10"
12583,4,1,1,79,5,2001,0,1,2683,519,0,"$1,267,192.10"
38048,6,0,0,74,9,2010,1,0,4814,346,0,"$3,808,313.00"
48546,6,1,1,60,1,1993,0,0,782,547,1,"$4,860,634.30"
94228,2,0,1,62,10,1994,0,0,815,836,0,"$9,430,661.40"
55825,10,1,0,25,1,2001,1,1,441,905,0,"$5,585,288.10"
7773,3,1,1,85,1,2007,0,0,5057,391,0,"$792,566.70"
24180,3,1,0,93,7,1991,1,0,1857,463,0,"$2,425,595.10"
30502,2,1,1,77,6,1998,1,1,9151,146,0,"$3,062,069.80"
30346,4,1,0,80,5,2000,1,1,2677,114,1,"$3,047,721.00"
20311,10,1,1,87,1,2017,0,1,1558,931,0,"$2,039,188.70"
70936,2,0,0,21,3,2006,0,0,8370,884,0,"$7,094,370.60"
56416,7,1,1,99,7,2021,1,1,3804,243,0,"$5,653,890.10"
26073,10,0,1,23,10,2006,0,0,1018,420,1,"$2,612,190.60"
79182,6,1,1,9,3,1993,0,0,9600,428,0,"$7,922,295.30"
39627,8,0,0,44,2,2008,1,0,2974,982,0,"$3,964,708.80"
97677,10,1,0,35,2,1994,0,0,4887,810,0,"$9,772,148.40"
34013,6,1,0,95,1,2014,0,1,7960,331,1,"$3,411,660.40"
55620,3,1,1,90,6,2002,1,1,3282,470,0,"$5,573,469.20"
77421,7,0,0,6,10,2011,0,1,6219,194,1,"$7,743,163.10"
50844,4,0,1,83,2,1995,1,1,7366,706,1,"$5,092,707.50"
94541,3,1,0,67,4,2003,0,1,6902,501,0,"$9,460,440.30"
10976,10,1,1,77,1,2001,0,1,237,334,1,"$1,108,155.10"
52697,10,1,0,60,3,2009,1,1,8452,133,1,"$5,278,045.90"
38860,9,1,0,70,8,1991,0,1,5171,628,1,"$3,894,132.10"
98501,1,1,0,51,5,2002,1,1,2911,520,1,"$9,856,475.20"
49300,2,0,1,46,9,2019,1,0,2512,708,0,"$4,936,882.90"
8562,6,1,0,33,3,2015,0,1,5275,755,0,"$860,330.50"
51585,5,0,1,8,7,2010,0,1,268,831,1,"$5,163,838.00"
55038,9,1,0,45,3,2007,0,0,9300,172,0,"$5,510,722.70"
74166,6,1,1,16,2,1990,0,0,6208,116,1,"$7,423,668.00"
43885,9,1,0,3,7,2010,0,0,3497,424,1,"$4,393,918.00"
55391,4,0,1,7,1,1991,0,1,566,777,0,"$5,544,879.10"
9551,5,0,0,33,1,1992,1,1,3816,591,0,"$956,658.20"
17655,1,0,0,58,1,2012,1,0,4895,297,0,"$1,769,201.20"
28743,9,1,0,49,4,2000,0,1,2192,989,0,"$2,881,705.00"
12744,8,1,0,4,3,2016,1,0,1453,713,0,"$1,279,063.60"
34109,7,0,1,19,8,2003,1,0,5930,628,0,"$3,416,596.30"
55971,10,0,0,30,10,2001,0,1,4596,284,0,"$5,600,410.10"
8163,5,0,1,45,7,1992,1,0,5815,948,0,"$825,054.20"
4463,8,0,1,39,2,2012,0,1,7372,578,1,"$453,762.20"
51890,2,1,1,37,8,2020,0,1,9905,442,0,"$5,194,644.00"
88616,9,0,1,37,1,1999,1,1,8685,382,1,"$8,868,266.90"
61104,5,1,1,51,4,1997,0,1,1649,144,1,"$6,124,108.70"
31832,3,1,1,85,1,2003,0,1,706,266,0,"$3,193,411.30"
12683,3,1,1,7,1,2019,1,0,1409,950,0,"$1,275,226.90"
37375,8,1,0,66,2,2015,0,1,6681,881,1,"$3,745,925.50"
10310,7,1,0,93,9,2016,1,0,6055,434,1,"$1,041,341.60"
38300,8,0,0,8,5,2005,1,1,2464,463,1,"$3,831,178.50"
91524,8,1,1,43,5,1998,1,1,4642,945,0,"$9,160,076.80"
41155,7,1,0,51,5,2012,1,1,1335,671,0,"$4,121,258.20"
97732,4,0,0,19,7,2014,0,1,4115,735,0,"$9,774,150.40"
5431,9,1,1,13,2,2011,0,1,9049,470,1,"$548,835.10"
97452,9,1,1,54,1,1992,0,1,9092,419,0,"$9,751,753.20"
88935,8,1,1,28,5,2002,1,1,5359,680,0,"$8,903,298.20"
61243,1,0,1,75,10,1993,1,1,9318,362,0,"$6,132,501.30"
41367,7,1,1,37,10,1994,1,1,9966,628,1,"$4,147,892.40"
95269,1,0,0,44,8,2018,0,1,9071,755,0,"$9,529,625.80"
6501,7,1,1,39,6,1991,1,0,7598,297,1,"$658,653.10"
44229,7,1,0,39,3,1993,1,1,9789,230,0,"$4,429,834.30"
10745,8,1,0,14,4,1995,1,1,8212,338,0,"$1,080,749.50"
33647,5,0,1,78,5,2020,0,1,6228,700,1,"$3,373,938.00"
35930,4,0,1,27,3,2012,1,0,4611,470,0,"$3,598,810.20"
37961,4,1,0,85,2,2011,1,1,2733,170,0,"$3,806,007.10"
40639,2,1,1,42,10,2013,0,1,6672,546,1,"$4,074,524.30"
18866,4,0,0,44,1,1998,0,1,1059,720,0,"$1,890,711.80"
69101,6,1,0,2,7,2017,0,1,9455,506,1,"$6,914,075.70"
94109,8,0,1,83,2,2014,0,0,8095,227,0,"$9,417,855.40"
43366,6,1,1,44,1,2015,0,1,6043,729,0,"$4,346,233.50"
85181,10,0,1,98,6,2020,0,0,9945,574,0,"$8,530,230.00"
51340,8,0,0,73,2,1999,0,0,9791,711,1,"$5,138,145.90"
48870,3,0,1,69,2,2013,1,0,772,413,0,"$4,894,474.30"
2167,7,1,0,93,8,1990,1,1,1100,676,1,"$226,782.00"
88926,6,0,0,23,5,2012,1,1,7979,109,0,"$8,893,969.20"
65472,10,0,1,5,9,2001,1,0,7004,283,0,"$6,549,900.10"
60060,1,0,0,60,3,2010,0,0,2016,707,0,"$6,010,411.00"
43295,8,0,1,22,9,1995,1,0,1676,643,1,"$4,335,970.50"
65322,3,1,0,94,3,2010,0,1,9337,806,1,"$6,537,327.00"
43084,3,1,0,27,10,2018,0,1,7387,388,0,"$4,312,866.80"
51419,4,0,0,92,10,2014,1,1,4990,924,1,"$5,145,979.40"
31464,5,1,0,21,10,1992,0,0,28,497,1,"$3,148,466.20"
9503,1,1,0,8,4,2016,0,1,8790,603,1,"$955,903.60"
33272,10,0,1,88,7,2020,1,0,8224,455,1,"$3,332,408.00"
32257,6,1,1,84,1,2006,0,0,1191,190,0,"$3,239,971.60"
61217,2,1,0,18,5,2012,0,0,1592,494,0,"$6,126,771.20"
75887,10,0,1,51,2,2003,1,1,4181,978,1,"$7,592,702.30"
73064,10,1,1,49,10,1994,0,0,7086,392,0,"$7,312,103.40"
10648,9,0,0,90,10,2012,1,1,7528,131,1,"$1,071,651.20"
4149,8,0,1,19,5,2001,1,0,2606,326,1,"$420,560.10"
75350,3,0,1,64,5,2021,0,1,2329,382,1,"$7,539,904.10"
70345,6,0,0,2,8,2015,0,0,3695,826,1,"$7,035,087.50"
39723,8,0,1,84,1,1995,0,1,1030,223,0,"$3,981,216.50"
96429,7,1,1,49,7,2004,0,1,4092,650,1,"$9,650,188.40"
20001,3,1,0,48,8,2013,0,0,7270,919,1,"$2,007,477.30"
163,2,0,0,29,3,1990,1,0,6022,391,1,"$17,363.00"
77882,9,0,1,76,7,1993,0,1,2355,747,1,"$7,797,780.30"
89492,5,0,1,68,9,2003,0,0,7276,351,0,"$8,957,726.30"
94972,3,0,1,23,2,1990,0,0,9628,151,0,"$9,500,113.00"
38606,6,1,0,14,1,1999,0,1,3026,554,1,"$3,864,489.90"
4389,4,0,0,22,4,1991,0,1,4112,993,1,"$441,287.10"
9088,6,0,0,93,9,2008,0,0,6869,555,1,"$913,263.80"
64256,1,0,1,87,2,1994,0,1,3051,807,1,"$6,438,154.40"
88976,7,1,0,74,3,2011,0,1,4176,357,1,"$8,906,213.10"
8910,2,1,0,93,5,2012,1,0,3097,223,0,"$898,488.20"
13851,2,0,0,83,1,2019,0,1,2448,961,0,"$1,392,391.90"
15928,7,1,1,81,2,2017,0,0,9165,195,1,"$1,603,995.70"
67849,5,0,1,94,1,1996,1,0,4405,719,0,"$6,792,498.60"
91073,8,0,0,50,9,2018,0,1,6760,976,0,"$9,111,251.80"
91458,2,0,0,49,8,1991,1,0,2763,108,1,"$9,149,688.10"
46478,8,1,1,31,2,2003,0,1,1813,916,0,"$4,657,996.30"
62592,3,1,0,30,10,2017,0,0,6845,833,0,"$6,262,694.70"
60680,9,0,0,80,6,2012,1,1,8520,855,1,"$6,075,501.20"
85659,5,0,0,17,10,2015,1,1,8825,743,1,"$8,567,586.50"
35188,8,0,0,52,1,2010,1,0,4392,639,1,"$3,523,563.00"
91123,8,0,0,47,5,2008,1,0,6089,622,0,"$9,116,372.80"
78117,6,1,1,84,4,1997,0,1,1732,331,1,"$7,825,898.70"
98689,4,1,1,55,4,2009,0,0,3462,882,0,"$9,874,062.90"
1720,9,1,1,83,8,1991,1,1,70,126,1,"$183,918.10"
14345,7,1,1,99,10,1997,1,1,1617,857,1,"$1,445,853.70"
30914,3,0,0,2,4,1996,1,1,5768,307,1,"$3,092,163.60"
4099,1,0,0,84,3,2000,1,0,7950,741,0,"$413,304.00"
23478,8,1,0,5,2,2019,1,0,5728,263,1,"$2,351,874.90"
1086,5,1,0,81,2,2011,0,1,64,375,1,"$116,061.10"
45181,9,1,1,39,8,1994,1,0,6735,530,0,"$4,525,938.40"
176,8,0,0,15,3,2000,0,0,2325,536,0,"$18,985.00"
79680,9,0,0,100,8,2018,0,1,3404,632,0,"$7,975,851.80"
32776,2,0,1,71,5,2001,0,1,8324,737,0,"$3,283,690.10"
88755,1,1,1,5,7,2011,1,0,1759,288,1,"$8,882,476.10"
95096,5,0,0,83,5,2009,1,1,7667,801,1,"$9,515,861.90"
77212,4,0,1,16,9,2012,1,1,8919,692,1,"$7,727,317.20"
46910,3,1,1,99,6,1994,0,0,4093,890,1,"$4,706,368.40"
75487,1,0,1,97,7,2011,1,0,9162,442,0,"$7,558,644.10"
41090,5,0,1,39,3,2010,0,0,8963,316,0,"$4,114,595.00"
87111,7,1,0,71,10,2008,1,1,4567,708,1,"$8,716,894.80"
87353,1,1,1,47,3,1991,1,1,5013,108,0,"$8,745,540.10"
29664,8,1,0,87,8,2006,1,1,1108,891,1,"$2,975,680.60"
23184,8,1,1,100,9,1997,0,1,7131,762,1,"$2,335,644.70"
65482,2,1,1,21,6,1996,1,1,134,171,0,"$6,556,065.60"
81602,1,1,1,46,6,2017,0,1,5471,144,1,"$8,169,478.70"
48129,5,1,1,76,7,1994,1,1,7889,514,0,"$4,823,162.40"
2684,1,0,1,19,3,2010,0,1,2676,936,1,"$272,104.00"
17563,6,1,0,95,8,2013,0,1,4369,555,0,"$1,762,997.30"
37853,3,0,1,54,6,2019,0,1,1210,332,1,"$3,792,902.90"
25147,5,1,0,81,7,2014,0,1,4068,225,0,"$2,521,731.40"
23843,5,0,1,87,6,1999,1,1,2961,919,1,"$2,391,434.90"
68369,10,1,0,19,7,2010,1,1,3330,292,0,"$6,843,646.00"
11583,10,0,1,9,6,2012,0,0,8636,549,0,"$1,161,984.20"
9559,10,0,0,76,1,2020,1,1,4966,849,0,"$963,514.00"
38611,8,1,1,53,7,2020,1,0,308,810,0,"$3,870,229.00"
17618,1,1,1,36,6,1992,1,0,8906,943,1,"$1,771,805.20"
73903,1,1,0,35,2,2017,0,0,250,718,0,"$7,397,590.70"
24484,8,1,0,21,9,2000,0,1,6601,236,0,"$2,452,550.00"
32442,2,1,1,51,7,2004,1,1,9834,289,0,"$3,252,838.40"
38826,6,1,0,91,8,2001,1,1,2901,464,1,"$3,890,080.10"
65340,4,0,0,34,4,2004,0,0,5481,836,1,"$6,536,254.40"
93638,9,1,1,62,4,1992,0,1,6134,694,1,"$9,378,471.20"
61146,2,1,1,54,5,2021,1,1,4572,433,0,"$6,125,077.10"
24004,9,1,1,99,9,2003,1,0,1372,446,0,"$2,414,637.30"
83588,10,1,1,57,4,1994,1,1,2598,108,1,"$8,369,526.40"
85820,6,1,1,70,9,2002,1,0,2238,998,1,"$8,588,402.20"
39799,8,1,0,76,8,1993,0,1,5411,281,0,"$3,984,987.30"
84355,5,0,1,22,10,1999,1,1,4851,736,1,"$8,439,985.90"
59747,1,1,1,13,7,1994,1,1,4173,973,0,"$5,984,506.40"
6009,10,1,1,59,9,2016,0,0,8867,158,0,"$612,067.60"
5965,3,0,0,88,10,2017,1,0,9846,243,1,"$601,173.70"
78079,6,1,0,98,6,2001,1,1,3136,989,1,"$7,820,045.10"
48378,5,1,1,19,6,2000,0,1,7572,498,0,"$4,848,213.00"
94695,2,1,1,1,1,1992,1,1,5398,509,0,"$9,478,421.20"
48642,5,1,0,87,3,2020,0,0,3600,145,0,"$4,869,835.00"
11524,3,1,1,65,8,2018,1,0,9789,331,0,"$1,161,912.80"
97539,10,1,0,88,10,1990,1,1,4165,447,0,"$9,761,326.00"
825,2,0,1,23,4,2008,0,0,8622,584,1,"$87,430.80"
64365,6,1,1,27,8,2018,1,1,204,957,1,"$6,444,610.80"
68063,4,1,0,51,4,1990,0,1,9550,379,1,"$6,813,816.00"
41848,4,1,1,99,1,1992,0,1,2330,861,0,"$4,200,544.20"
78741,6,0,1,60,2,2005,0,0,9057,402,0,"$7,880,701.50"
16824,10,1,1,72,8,2010,1,0,4287,984,0,"$1,695,808.00"
51203,7,0,0,58,9,2010,1,0,8413,359,0,"$5,123,643.00"
97108,7,0,0,88,7,2008,0,1,1103,555,0,"$9,714,782.80"
69261,5,1,1,29,5,2008,0,1,6518,546,1,"$6,935,036.80"
89425,5,1,1,47,9,2002,0,1,3695,439,0,"$8,952,287.20"
26792,3,1,1,32,5,2003,1,0,4687,327,1,"$2,684,819.30"
91443,1,0,0,61,7,2002,1,0,9240,549,1,"$9,148,710.20"
89470,4,0,0,4,8,2005,0,1,6633,321,1,"$8,947,834.50"
53313,3,0,0,47,6,2003,0,0,2127,793,0,"$5,335,501.30"
93913,6,0,1,15,6,2009,0,1,9940,744,0,"$9,396,713.90"
31042,10,0,0,53,6,2003,1,0,907,162,1,"$3,109,396.30"
9329,6,0,0,18,10,2018,0,1,2898,176,0,"$934,231.80"
42272,1,1,0,15,4,2017,1,0,6622,733,0,"$4,232,650.70"
30588,1,1,0,73,9,1998,0,1,9841,457,0,"$3,064,993.80"
99742,6,1,1,51,9,2013,1,1,6762,760,1,"$9,984,910.30"
33065,4,1,1,22,3,1998,1,0,733,305,0,"$3,314,847.80"
22702,1,0,0,49,10,1995,1,0,6442,122,1,"$2,271,827.50"
31885,10,1,1,68,2,2005,1,0,1974,732,1,"$3,202,805.50"
64602,5,1,0,65,5,1996,0,1,2656,434,1,"$6,467,513.60"
75853,8,1,0,63,6,2004,1,1,4768,256,0,"$7,591,050.40"
5409,7,0,0,70,3,2017,1,1,7475,142,0,"$546,201.70"
80699,9,1,0,88,10,2009,0,1,1740,372,0,"$8,074,576.90"
8607,7,0,0,14,4,1992,0,1,1627,504,0,"$862,453.20"
75057,1,1,1,63,5,2017,0,1,9394,275,1,"$7,518,049.70"
70919,8,1,1,44,10,1997,1,1,8742,177,1,"$7,101,031.70"
29710,7,1,0,67,8,2015,0,1,9951,1000,1,"$2,978,583.50"
61798,7,0,0,54,1,2013,1,0,9956,361,0,"$6,182,113.30"
6313,9,1,0,67,6,2014,1,0,7458,651,1,"$641,055.40"
60375,7,0,0,65,9,2004,0,1,8852,664,0,"$6,038,750.40"
69421,10,0,1,9,2,2014,1,0,8080,665,1,"$6,945,284.40"
89086,5,0,0,16,10,2019,1,0,2269,885,1,"$8,909,993.90"
68603,1,0,0,23,9,2020,0,1,5026,209,0,"$6,861,289.00"
12448,9,0,0,44,2,2003,1,0,1095,168,1,"$1,249,624.30"
37945,8,0,0,79,8,2001,0,0,1684,917,0,"$3,799,158.10"
34867,5,0,1,69,5,1991,0,0,6839,809,1,"$3,491,110.10"
16547,3,1,1,40,5,2008,1,1,2183,119,0,"$1,659,757.80"
58218,10,1,1,46,6,2004,1,0,1556,831,0,"$5,834,539.40"
28790,10,0,1,45,2,2005,0,0,6294,655,1,"$2,882,833.50"
92822,1,1,0,9,10,1999,1,0,1193,975,0,"$9,287,119.90"
89217,7,1,1,77,4,1991,1,0,2892,331,1,"$8,929,604.10"
65822,3,0,0,59,7,2006,1,0,6182,946,0,"$6,588,632.60"
617,7,1,0,27,4,2013,0,0,2834,638,0,"$67,453.30"
37171,10,0,0,18,5,2012,1,0,3008,440,1,"$3,719,105.20"
82918,3,0,0,10,10,1999,0,0,8930,871,0,"$8,292,659.90"
4130,5,1,1,41,6,2021,1,1,7601,896,1,"$421,621.10"
95145,1,1,0,50,9,2020,0,1,6696,284,0,"$9,519,958.00"
58864,4,0,1,1,3,2014,1,0,7302,105,0,"$5,891,413.40"
94363,2,0,1,23,9,1999,1,1,5668,589,0,"$9,440,706.90"
78204,10,0,0,46,8,2012,1,1,1830,783,1,"$7,822,501.20"
71588,6,0,0,21,7,2012,1,0,1540,318,1,"$7,161,052.20"
68579,6,1,0,70,2,1997,0,1,3523,352,0,"$6,868,611.70"
19174,2,0,1,54,3,1996,1,1,7078,192,0,"$1,923,170.60"
90646,7,0,0,82,1,1997,0,1,4615,585,1,"$9,071,481.70"
81430,9,1,0,54,6,2020,1,0,7294,924,1,"$8,147,920.00"
99428,10,0,0,68,6,2018,0,0,5468,572,1,"$9,947,775.80"
60815,1,0,0,97,10,2015,1,0,6517,800,1,"$6,089,911.50"
95591,4,1,1,39,5,1993,1,1,3338,958,1,"$9,569,415.30"
47497,4,1,0,72,5,2009,0,1,6683,630,0,"$4,761,272.90"
65725,4,0,1,95,9,2000,0,0,9052,890,1,"$6,582,022.00"
21360,9,1,0,60,7,1991,1,1,8744,374,0,"$2,139,458.10"
56559,6,1,0,60,4,1990,1,0,9091,366,0,"$5,661,049.00"
45440,8,0,1,98,10,2002,0,0,9249,597,0,"$4,550,279.20"
13112,7,1,1,26,9,1993,1,1,1633,362,1,"$1,318,665.30"
68276,3,0,0,31,4,2012,0,0,1793,696,0,"$6,829,756.20"
64518,3,0,1,61,6,2020,1,1,4171,125,0,"$6,455,071.00"
56093,10,1,1,11,10,2008,0,0,5012,226,0,"$5,619,471.80"
84653,2,0,0,20,8,1997,0,1,8123,851,1,"$8,467,089.70"
96169,5,0,1,13,3,2019,1,1,2255,559,1,"$9,620,987.90"
57789,4,1,1,24,6,2008,1,0,5651,105,0,"$5,787,699.80"
93091,10,1,1,43,9,1993,0,1,5077,144,1,"$9,317,741.30"
87190,2,1,0,14,7,2013,0,1,8633,406,0,"$8,724,894.30"
38998,10,1,1,31,3,1996,1,0,2855,238,1,"$3,910,733.60"
97134,1,1,0,68,4,2019,0,1,8966,602,1,"$9,718,663.90"
39309,6,1,1,32,3,2001,0,0,9448,344,1,"$3,939,850.10"
70751,4,1,0,93,8,2003,0,1,4567,721,0,"$7,084,089.30"
63086,7,0,0,49,2,2013,0,0,9450,333,0,"$6,312,576.30"
25472,2,0,1,44,3,2003,0,1,2869,892,0,"$2,552,592.30"
3514,10,0,1,21,6,2013,1,1,1565,975,0,"$357,856.30"
99134,7,1,1,32,9,1998,0,0,9316,517,1,"$9,919,472.80"
82653,9,0,1,37,6,1992,0,0,6390,480,1,"$8,270,829.20"
3723,7,1,0,31,10,2010,0,0,5815,240,1,"$378,299.00"
28232,3,0,1,18,10,1997,1,0,1632,143,0,"$2,827,201.70"
46838,3,0,1,51,8,2020,1,1,7312,306,1,"$4,691,794.00"
90562,7,1,1,7,1,2002,1,0,2562,580,0,"$9,066,552.20"
562,4,0,1,97,5,2003,1,0,887,178,0,"$65,326.30"
5603,1,1,0,73,10,1992,1,0,746,627,1,"$566,684.20"
61704,8,1,0,11,6,2012,1,1,638,565,1,"$6,176,111.20"
49579,1,1,1,37,10,1996,0,1,2301,658,1,"$4,967,775.60"
59885,2,1,1,25,4,2010,1,0,2803,944,1,"$5,995,883.00"
72109,2,1,0,41,8,1995,0,1,7934,446,0,"$7,220,099.50"
41965,8,0,1,61,4,2000,1,1,4173,216,0,"$4,204,881.00"
94216,8,1,1,75,9,1996,0,0,4216,209,0,"$9,432,083.60"
39166,5,0,1,86,5,2008,1,0,4613,570,1,"$3,924,397.80"
9923,3,0,0,46,10,1994,0,0,1340,477,1,"$995,743.40"
49374,4,0,0,63,6,2000,1,1,3356,555,0,"$4,944,387.00"
76316,5,0,0,56,1,1995,0,0,9431,566,1,"$7,634,333.50"
26089,6,1,1,6,2,2013,1,1,4029,554,0,"$2,615,548.30"
98045,2,1,1,62,10,1995,1,0,7184,691,1,"$9,818,036.50"
69594,5,0,0,58,3,2021,0,1,6899,215,0,"$6,963,010.10"
56966,5,0,1,17,7,1992,0,0,8974,373,0,"$5,701,030.20"
64795,5,1,1,64,10,1996,1,1,8261,304,0,"$6,489,157.60"
39574,2,1,1,54,1,2018,0,0,2806,619,0,"$3,969,486.80"
49014,1,0,0,62,3,2014,1,0,38,743,1,"$4,908,129.40"
17034,5,1,1,89,2,2006,1,1,832,417,1,"$1,717,170.60"
18742,8,0,1,10,1,2015,1,1,9836,387,0,"$1,879,684.50"
98794,6,0,0,91,2,2021,1,0,4648,662,1,"$9,886,677.10"
72207,4,1,1,33,2,1996,0,0,6041,471,0,"$7,230,004.60"
54881,10,0,1,72,10,1998,1,0,7585,446,0,"$5,494,411.80"
12873,8,0,0,12,5,2010,1,1,4165,497,1,"$1,288,333.00"
66263,8,0,1,4,7,2020,0,0,9244,371,1,"$6,628,369.00"
26965,10,1,1,19,6,2002,1,1,9662,149,1,"$2,703,481.20"
9433,6,0,0,1,3,2015,0,0,6558,196,0,"$944,025.50"
95293,1,0,0,43,4,1993,1,1,7547,772,0,"$9,534,163.30"
86619,3,0,0,7,4,1990,1,1,255,222,1,"$8,663,060.00"
8677,1,0,1,61,1,1996,0,0,927,839,0,"$875,920.60"
83153,6,0,1,84,7,2014,0,0,7479,956,1,"$8,326,391.40"
81892,10,1,1,69,10,2015,0,0,9180,230,1,"$8,204,629.50"
21293,10,0,0,24,1,2007,1,0,2560,242,0,"$2,131,214.70"
43636,2,1,1,11,1,2007,1,0,4347,561,0,"$4,373,848.70"
1254,7,0,1,12,3,2018,0,1,817,873,1,"$127,840.80"
96953,9,1,0,55,9,2014,0,1,9651,730,0,"$9,703,052.40"
92877,3,1,1,57,3,1993,0,0,5428,170,1,"$9,293,826.30"
37312,7,0,1,9,4,2000,1,0,8764,319,1,"$3,735,539.00"
44075,10,1,1,27,2,2005,0,1,5450,755,0,"$4,416,478.50"
55845,7,0,1,76,2,2020,1,1,718,927,0,"$5,593,543.00"
68565,10,0,1,21,2,1996,1,1,9995,708,0,"$6,862,474.60"
87484,3,0,1,27,1,2015,0,1,7495,332,1,"$8,750,467.50"
89220,9,1,0,64,9,2014,1,1,6972,361,0,"$8,928,266.40"
31525,8,0,1,58,1,1992,1,0,4833,462,0,"$3,161,366.20"
52579,6,1,1,2,6,2013,0,1,1496,778,1,"$5,263,918.30"
30803,5,1,0,49,10,2004,0,0,3551,968,1,"$3,085,897.40"
82120,5,1,1,33,4,2018,0,0,9276,156,0,"$8,223,358.80"
71171,10,1,1,44,1,2001,1,1,5734,873,0,"$7,127,415.10"
579,8,0,1,20,2,1994,0,1,5060,710,1,"$63,718.40"
89204,10,0,0,19,1,1994,0,0,4087,742,1,"$8,921,053.40"
5904,6,0,1,1,7,2018,0,0,9801,490,1,"$595,108.80"
92629,3,0,0,15,8,2003,0,0,5983,618,1,"$9,263,965.30"
77553,7,0,0,99,10,2005,0,1,4072,406,1,"$7,763,278.50"
3542,2,1,1,92,8,1998,1,1,6923,414,1,"$363,918.80"
10749,1,1,1,71,7,2000,0,0,4757,889,1,"$1,085,899.00"
38021,1,1,1,82,2,1991,1,1,8601,955,0,"$3,817,885.10"
97193,5,0,1,18,2,2009,0,1,3810,488,0,"$9,723,642.90"
13309,1,1,0,73,8,2004,1,0,1620,843,0,"$1,337,541.40"
10708,5,0,1,93,6,1998,1,1,9347,209,0,"$1,076,965.80"
77460,8,0,1,23,9,2008,0,1,9289,951,1,"$7,753,079.80"
94133,8,0,0,71,5,2012,1,1,9978,143,0,"$9,415,634.20"
99869,7,0,1,15,7,2001,1,1,5894,826,0,"$9,990,641.10"
66370,9,0,0,20,3,2002,0,0,5358,962,0,"$6,638,720.20"
74780,6,0,0,3,2,2005,1,1,3421,276,0,"$7,479,141.50"
89925,9,0,1,50,7,1992,1,1,4584,918,1,"$8,999,987.20"
28808,8,1,1,13,10,2010,1,0,75,755,0,"$2,888,357.00"
28640,6,0,1,98,2,1990,0,0,4829,865,0,"$2,870,927.00"
15517,9,0,0,27,9,2001,0,0,7754,991,1,"$1,554,406.10"
11059,8,0,1,85,9,2011,0,1,9216,888,1,"$1,113,128.10"
86183,6,1,1,31,10,2010,0,0,8389,637,0,"$8,624,347.00"
19408,2,1,1,50,6,2013,0,0,4385,180,0,"$1,953,014.30"
26958,2,1,1,40,2,2001,0,1,9038,575,0,"$2,706,761.10"
45859,5,0,1,69,2,2008,0,1,3926,362,0,"$4,595,196.80"
55845,5,0,0,41,7,2019,0,1,704,315,0,"$5,588,845.90"
43304,4,0,1,72,2,2009,1,1,3471,674,0,"$4,337,442.90"
79511,10,0,0,48,5,2007,0,0,6230,643,1,"$7,953,040.70"
88501,3,0,0,54,3,1992,1,0,6277,234,1,"$8,853,507.20"
75616,5,1,0,80,10,2006,1,0,3725,247,0,"$7,571,050.60"
18368,2,0,0,7,9,2002,1,0,637,362,0,"$1,837,769.20"
5375,4,1,1,58,3,2010,0,0,2524,120,0,"$550,909.00"
6707,8,0,1,4,4,2001,1,1,4976,429,1,"$673,817.10"
92190,10,1,0,72,10,1995,0,1,5402,142,0,"$9,225,418.50"
25432,5,1,0,46,7,2011,1,0,9273,426,1,"$2,550,518.10"
37793,10,0,1,55,4,1996,1,1,7075,555,0,"$3,786,136.60"
60854,5,1,0,30,7,2019,0,0,8561,434,1,"$6,092,125.90"
91531,5,1,0,12,8,2007,0,1,7085,974,0,"$9,157,941.70"
68876,7,1,0,25,7,1990,1,0,7964,634,1,"$6,891,640.00"
7608,2,1,0,6,7,2019,0,1,7675,951,1,"$764,900.90"
68717,2,0,1,13,10,2004,0,0,5345,605,1,"$6,877,356.40"
65723,9,1,1,24,6,2008,1,0,1917,236,0,"$6,578,284.80"
80039,7,0,0,39,4,1990,0,0,7828,700,1,"$8,008,148.00"
62744,4,0,1,26,9,1990,0,1,6211,307,1,"$6,279,042.00"
33624,1,1,1,29,1,2016,1,0,256,723,0,"$3,371,675.60"
7939,9,1,1,75,4,1995,0,1,4950,770,1,"$806,234.50"
62854,9,0,0,71,6,2006,1,0,6993,137,1,"$6,289,045.60"
51757,3,0,0,35,1,2002,1,0,2500,510,1,"$5,177,725.20"
32497,6,0,1,20,7,2018,0,0,8808,167,1,"$3,253,783.80"
32267,6,1,1,59,8,2019,0,0,4674,179,0,"$3,235,159.90"
92490,7,1,0,23,3,2009,1,1,6831,650,1,"$9,254,979.90"
72677,3,1,0,57,10,2019,0,1,3202,787,1,"$7,274,269.90"
68744,10,1,1,77,5,2013,0,0,1008,146,1,"$6,883,722.30"
87436,1,1,0,77,5,2005,0,0,6671,360,0,"$8,753,875.50"
80776,2,0,1,38,8,1990,1,1,4193,847,1,"$8,086,132.00"
30472,6,1,0,34,7,2001,1,1,7093,686,0,"$3,053,446.10"
52141,9,0,1,40,1,1999,1,1,6502,866,0,"$5,218,700.90"
51777,9,1,1,38,1,2007,1,0,6619,105,0,"$5,186,005.70"
40280,4,1,0,56,7,2002,1,1,4126,522,0,"$4,036,659.20"
79457,5,1,0,18,4,1992,1,0,1393,338,0,"$7,949,180.20"
93568,3,1,0,31,5,2017,0,0,2633,317,1,"$9,362,309.70"
656,3,0,1,12,3,2016,0,0,5947,707,1,"$68,528.60"
28997,9,1,0,28,3,1992,0,1,8232,873,1,"$2,906,243.20"
97147,9,0,1,98,9,1995,1,1,5468,595,1,"$9,722,196.50"
69411,8,1,0,25,2,2013,0,0,5047,303,0,"$6,945,253.30"
38190,2,0,1,92,5,2012,0,1,6916,411,1,"$3,828,288.20"
81473,3,1,1,1,3,1990,1,0,8513,615,1,"$8,154,129.00"
23682,2,1,0,97,10,2007,1,1,4705,115,0,"$2,381,051.70"
81448,9,0,0,24,10,1996,1,0,200,190,1,"$8,146,243.60"
16127,4,0,1,6,8,2005,1,1,3055,286,0,"$1,615,094.50"
61486,4,1,1,39,4,1995,0,1,629,231,1,"$6,155,982.50"
96526,10,0,0,65,5,2005,0,1,7174,617,0,"$9,657,380.50"
55287,10,0,0,7,1,2017,0,1,3623,267,0,"$5,529,453.70"
86820,3,0,0,34,1,2012,1,0,5812,765,0,"$8,683,419.20"
93373,8,1,1,74,7,1990,0,1,4750,552,0,"$9,348,395.00"
33098,1,1,1,13,10,2021,0,0,3844,380,0,"$3,318,507.10"
69898,9,0,1,77,1,1992,1,0,8394,920,1,"$6,994,429.20"
11401,10,1,0,99,6,2013,1,1,6823,169,0,"$1,152,914.30"
66705,2,0,0,11,6,2007,1,1,4489,310,0,"$6,672,336.70"
38947,7,0,1,21,4,2018,0,1,6357,751,1,"$3,900,872.80"
65205,1,1,0,19,1,2004,0,0,9346,467,0,"$6,523,874.40"
19339,7,1,0,81,3,2003,1,0,9699,889,1,"$1,939,172.30"
23971,2,1,1,59,1,2005,0,0,9045,461,1,"$2,402,438.50"
50944,9,0,1,11,4,2013,1,0,6963,893,0,"$5,099,151.30"
43283,3,0,1,43,8,2002,1,0,6595,642,1,"$4,336,072.20"
29323,8,1,1,7,8,2000,0,1,4994,846,0,"$2,938,369.00"
81362,2,0,1,72,7,1994,1,1,6047,716,1,"$8,144,502.40"
8941,5,0,0,94,5,2012,0,0,7273,987,0,"$902,785.20"
34967,7,1,0,49,4,2009,1,0,8103,418,0,"$3,501,658.90"
66555,10,1,1,36,10,2020,1,1,847,184,1,"$6,664,457.00"
85985,1,1,1,34,1,2005,0,0,6166,303,1,"$8,608,190.50"
85645,9,1,0,1,3,1998,1,1,1660,426,0,"$8,570,147.80"
39215,9,1,0,21,10,1994,0,0,5706,415,0,"$3,927,273.40"
56643,2,1,0,58,4,2018,1,1,6952,504,0,"$5,673,199.80"
60479,8,0,0,11,6,2016,0,1,6393,679,0,"$6,049,532.60"
20348,9,0,0,75,10,2021,0,0,209,240,1,"$2,037,902.10"
66371,1,0,1,75,5,2012,0,1,5198,367,0,"$6,646,262.20"
31291,3,1,0,27,8,2012,1,1,1969,689,0,"$3,134,903.20"
7330,9,0,0,95,9,2014,1,0,4957,690,0,"$740,586.40"
41502,6,0,0,63,9,2016,1,1,6507,307,1,"$4,155,333.60"
23027,3,1,0,35,5,2013,1,1,4215,497,1,"$2,309,849.30"
53371,2,0,1,97,2,2003,0,0,3552,822,0,"$5,346,532.30"
26997,6,1,1,99,1,2001,1,1,409,715,1,"$2,712,687.10"
16806,2,1,0,19,6,1998,0,1,5645,997,0,"$1,686,882.80"
44304,5,0,0,63,10,2002,0,0,5377,146,1,"$4,436,179.20"
66563,3,1,1,53,7,2005,1,1,2867,623,0,"$6,665,417.50"
89812,4,0,1,14,7,2002,0,1,7195,467,0,"$8,986,041.20"
39302,4,0,0,67,6,2016,0,0,8316,170,0,"$3,933,732.60"
44799,10,0,1,71,5,2003,0,0,7341,408,1,"$4,489,422.30"
36268,2,0,1,65,2,1997,1,0,7419,260,1,"$3,633,523.70"
86676,4,0,1,12,2,1999,1,1,6119,970,0,"$8,672,062.90"
83120,4,0,0,7,1,2005,0,0,2074,121,1,"$8,313,030.50"
25341,8,1,1,47,1,2014,0,0,5010,990,1,"$2,544,899.40"
25105,10,0,1,33,7,2006,0,0,9587,238,0,"$2,515,100.60"
54090,10,1,1,36,7,1996,1,0,4321,923,0,"$5,418,306.60"
80610,8,0,1,93,1,2007,1,0,7915,753,1,"$8,071,729.70"
65507,7,0,0,90,3,2004,0,0,5622,890,0,"$6,557,760.40"
27204,6,1,0,2,10,1997,0,1,5833,574,0,"$2,726,114.70"
79025,6,1,0,42,9,2014,0,0,750,728,1,"$7,908,018.40"
3452,10,0,1,76,8,2001,0,0,6823,106,0,"$355,370.10"
21550,4,1,0,100,7,2013,0,0,8350,990,1,"$2,164,424.30"
11657,2,0,1,21,5,2012,1,0,4859,999,0,"$1,170,585.20"
28103,5,1,1,15,1,1993,0,0,884,279,0,"$2,815,163.30"
47957,5,1,1,47,1,2017,0,0,6806,259,0,"$4,801,705.70"
63519,7,1,1,31,2,2006,0,1,1001,938,1,"$6,358,243.60"
76021,9,1,1,12,5,1990,0,1,9738,727,0,"$7,607,661.00"
88259,3,0,0,96,2,1998,0,1,8896,572,0,"$8,832,355.80"
82787,1,1,1,80,10,2014,0,0,27,551,0,"$8,289,297.40"
56517,5,0,1,25,5,1999,0,1,6575,631,0,"$5,657,851.90"
29096,3,0,1,45,2,1996,1,1,9210,652,0,"$2,913,547.60"
36216,10,0,0,69,3,1999,0,0,405,695,1,"$3,622,946.90"
5139,1,1,1,51,5,1998,0,0,8060,517,1,"$525,841.80"
25487,8,1,1,76,10,2002,0,0,4815,435,1,"$2,562,661.20"
35733,1,0,0,3,9,2003,0,0,2304,899,0,"$3,573,868.30"
16735,9,0,1,80,9,2010,1,1,2664,759,0,"$1,677,084.00"
56202,1,0,0,89,5,2001,0,0,8228,254,0,"$5,629,550.10"
12426,7,1,1,40,2,2020,0,0,5838,901,1,"$1,253,371.00"
33984,3,0,1,41,10,1990,0,0,1083,452,1,"$3,402,691.00"
98651,2,0,0,48,10,2004,0,1,994,565,1,"$9,870,164.40"
5117,5,1,0,30,3,2018,0,1,9147,926,1,"$517,775.80"
56800,6,0,1,12,9,1999,0,1,6298,539,1,"$5,683,058.90"
90904,2,0,1,53,10,2009,0,0,3625,940,1,"$9,093,802.90"
26923,4,0,0,57,1,2004,0,1,9177,145,0,"$2,698,265.40"
15734,10,1,0,24,3,2003,1,1,792,401,1,"$1,579,608.30"
17513,5,0,1,73,5,1996,0,0,3196,263,1,"$1,761,977.60"
14052,2,0,1,67,6,2013,1,1,1285,987,1,"$1,411,943.30"
19727,3,1,1,82,5,1996,1,0,1637,527,0,"$1,984,798.60"
77423,4,1,1,16,1,1996,1,1,564,329,0,"$7,749,477.60"
65904,5,0,1,47,1,2002,0,0,1605,155,1,"$6,596,494.20"
29001,4,1,1,72,10,1994,0,0,1526,202,0,"$2,912,635.40"
32361,1,1,0,57,10,2018,0,0,7036,685,0,"$3,240,276.80"
93174,8,0,1,53,8,1997,0,0,3133,879,1,"$9,325,575.70"
71192,7,0,1,89,7,2021,0,0,5726,239,1,"$7,129,401.10"
68128,8,0,1,18,5,1999,1,0,3823,856,0,"$6,817,710.90"
98923,4,0,1,33,8,2015,1,0,1393,224,0,"$9,897,661.50"
72196,7,1,1,12,6,2013,0,0,8722,608,0,"$7,225,665.30"
99278,8,0,1,41,5,2004,1,0,9887,513,1,"$9,932,606.40"
30896,10,0,0,40,4,2014,1,0,2375,353,0,"$3,092,891.40"
50293,5,1,0,99,6,1994,1,0,847,166,1,"$5,038,042.40"
18229,9,0,1,84,3,2001,1,1,6915,243,1,"$1,832,795.10"
79224,1,0,0,84,7,2008,0,0,9128,648,1,"$7,926,948.80"
91975,5,0,0,24,4,2012,1,1,9533,473,1,"$9,198,849.20"
36387,8,1,1,17,9,1993,1,1,6573,577,0,"$3,642,700.30"
32136,5,1,1,82,7,2012,1,1,1924,694,0,"$3,227,676.20"
20995,5,1,0,29,2,2015,0,0,2240,487,1,"$2,103,067.50"
94361,6,1,0,42,10,2020,1,0,2139,848,1,"$9,442,418.00"
53019,8,1,0,8,5,2004,1,1,4970,106,0,"$5,306,854.40"
8609,6,1,1,55,5,2012,0,0,351,482,1,"$867,508.20"
64245,4,1,1,5,2,2012,0,1,4341,559,1,"$6,430,465.20"
28192,6,0,0,12,4,2000,1,1,9495,999,0,"$2,820,880.00"
14933,7,1,1,100,1,2020,1,1,4788,587,0,"$1,500,885.00"
54323,10,0,1,83,5,2015,0,0,6116,970,0,"$5,442,454.50"
92204,1,1,0,33,4,2008,0,1,2390,516,0,"$9,226,065.80"
3314,1,1,1,3,8,2014,0,0,9251,978,1,"$336,316.40"
17466,10,0,0,51,6,2005,0,0,6862,444,0,"$1,751,126.50"
17389,6,1,0,30,1,2008,1,0,1922,387,0,"$1,744,561.80"
23444,2,0,1,62,1,2019,0,1,3821,348,1,"$2,349,143.90"
24097,5,0,1,31,1,1991,1,1,1222,218,0,"$2,416,228.10"
59850,1,1,0,18,8,2006,0,0,3447,670,1,"$5,990,534.60"
88387,10,1,0,40,3,1994,0,0,2808,494,1,"$8,845,142.40"
17671,2,1,1,88,6,2001,0,0,8916,775,1,"$1,777,405.10"
8537,8,1,0,49,8,1998,1,1,3152,238,0,"$859,540.80"
19183,10,0,0,41,10,2004,1,0,7151,470,1,"$1,919,702.40"
74178,4,1,0,36,5,2016,0,1,5497,872,1,"$7,424,829.60"
10562,4,1,0,14,7,2014,0,0,7767,542,0,"$1,058,582.40"
77339,9,0,1,50,4,2008,1,1,6408,748,1,"$7,741,650.80"
9842,9,1,0,1,1,2009,0,0,7593,520,1,"$987,460.90"
39477,5,0,0,22,7,1993,1,0,2103,859,0,"$3,948,983.30"
22482,7,0,0,87,1,1997,0,0,9933,926,1,"$2,256,703.70"
26592,3,0,1,49,9,1992,1,0,6614,752,1,"$2,667,272.20"
27008,7,0,1,96,4,2013,0,0,1759,665,0,"$2,714,052.30"
48768,10,1,1,86,6,2016,0,0,2302,411,0,"$4,887,404.60"
81967,1,1,0,86,4,2003,0,0,1913,163,0,"$8,208,953.30"
94845,2,1,1,98,2,2000,1,1,5484,122,1,"$9,494,690.00"
22451,1,0,1,37,9,1990,0,1,3714,557,0,"$2,250,405.00"
89087,6,0,1,44,7,2007,1,0,8225,852,0,"$8,914,578.70"
4881,2,0,0,96,3,2007,0,0,6456,712,1,"$493,342.70"
31484,6,1,0,73,10,2010,0,0,517,861,0,"$3,158,232.00"
42616,6,0,1,97,4,1996,0,0,7206,489,1,"$4,272,292.60"
99840,9,1,0,40,5,2002,0,0,8071,701,1,"$9,988,738.20"
67360,10,0,1,42,8,2003,0,0,6775,448,0,"$6,742,928.30"
70010,3,1,1,29,9,2011,1,1,9689,900,0,"$7,008,509.10"
23228,10,0,0,18,2,2013,0,1,3513,563,1,"$2,324,503.30"
67055,3,1,0,70,8,2011,0,0,4388,693,1,"$6,712,487.10"
39758,1,1,1,2,5,2011,1,0,9954,823,1,"$3,983,187.10"
47618,1,1,0,98,6,1996,1,1,7883,137,0,"$4,765,943.60"
39897,7,1,1,34,5,2019,1,1,6857,877,0,"$3,998,497.90"
49729,6,1,0,89,10,1991,1,1,1545,443,1,"$4,984,739.10"
86564,4,1,1,17,2,2014,0,0,5488,175,1,"$8,664,807.40"
7426,1,0,0,59,6,2013,0,1,6817,786,0,"$748,575.30"
97110,3,0,0,77,1,1993,0,0,1464,428,0,"$9,718,256.30"
83738,6,0,1,39,6,2010,0,1,824,424,0,"$8,379,855.00"
77716,1,0,0,28,1,2006,1,0,2286,968,1,"$7,773,638.60"
88251,6,0,0,30,6,2011,1,0,6309,336,1,"$8,828,611.10"
38800,2,0,0,53,4,2003,1,1,6536,149,0,"$3,883,353.30"
54789,2,0,0,47,8,2005,0,1,1180,442,1,"$5,480,117.50"
99099,1,1,1,31,9,2005,1,1,4838,535,1,"$9,915,651.50"
77018,4,0,0,63,10,2015,1,1,6578,540,0,"$7,704,215.50"
69707,3,1,1,58,8,2005,0,0,1397,458,0,"$6,977,217.50"
84211,3,0,1,66,5,1996,1,0,4313,133,0,"$8,426,333.60"
59752,6,0,1,86,5,1995,0,0,4550,246,1,"$5,987,095.50"
37815,5,0,0,26,8,2005,0,1,5008,518,1,"$3,783,946.50"
18681,9,1,1,18,3,2001,1,1,1036,356,1,"$1,876,356.10"
28285,9,1,0,97,1,2006,0,0,8041,118,0,"$2,840,774.60"
59773,5,0,0,18,5,1999,1,0,7426,757,1,"$5,978,589.90"
87566,5,1,0,15,8,2008,0,0,4781,354,0,"$8,759,575.80"
58801,7,1,1,100,3,2016,1,1,3810,136,0,"$5,891,738.60"
6454,1,0,0,63,2,1996,0,1,9136,365,1,"$646,692.60"
87590,5,1,0,29,2,2021,0,1,5863,635,0,"$8,764,908.10"
25532,8,0,0,25,1,2006,1,1,6959,235,1,"$2,555,050.60"
15791,3,1,1,7,1,1996,1,0,785,322,0,"$1,583,248.60"
32737,6,0,0,98,1,1995,1,0,9526,942,0,"$3,278,517.50"
74097,7,0,0,29,5,2003,1,1,1337,588,0,"$7,411,597.30"
24995,7,1,1,95,10,2009,0,1,6515,837,0,"$2,511,825.90"
13591,4,1,0,28,6,1990,1,1,1561,735,0,"$1,367,021.00"
77100,1,1,1,63,7,2004,0,1,6924,107,1,"$7,719,293.40"
21189,4,0,0,83,7,1994,0,1,8252,209,0,"$2,126,521.40"
28195,8,0,0,80,6,1995,0,0,1274,984,1,"$2,826,549.50"
92363,6,0,1,68,9,2013,1,1,2054,551,1,"$9,242,507.30"
31752,3,1,1,27,3,1997,1,1,244,576,0,"$3,181,933.70"
94966,4,1,0,56,6,2010,0,0,1360,237,1,"$9,505,250.00"
35493,10,1,1,100,5,1997,1,1,8212,777,1,"$3,558,407.70"
78152,3,0,1,21,1,2005,1,0,5218,562,0,"$7,819,761.50"
13874,5,1,0,8,7,1992,0,1,4886,325,0,"$1,393,115.20"
74893,5,0,0,37,6,2015,1,1,4325,195,0,"$7,490,630.50"
36314,3,1,1,42,7,2008,0,0,5745,146,0,"$3,638,453.80"
34804,3,0,1,37,6,1991,0,1,5165,256,0,"$3,484,349.10"
33783,10,1,1,7,4,1993,1,1,928,824,1,"$3,384,758.30"
47739,9,0,1,40,4,2007,1,1,9446,955,0,"$4,782,451.70"
39108,1,1,0,67,10,2020,0,0,9251,568,0,"$3,915,608.00"
36823,7,0,1,36,1,2002,0,0,5808,989,1,"$3,687,131.20"
88221,2,0,1,51,10,2004,1,0,8436,945,1,"$8,828,225.40"
78977,8,0,1,58,2,2004,1,1,9457,116,0,"$7,906,006.40"
99680,9,1,0,69,5,1997,1,0,1970,511,0,"$9,978,509.70"
5658,3,1,0,97,6,1999,0,1,1418,712,1,"$577,145.90"
15526,2,0,0,32,4,2013,0,0,5840,203,0,"$1,555,821.30"
62964,8,0,0,13,10,1990,0,1,7792,778,1,"$6,298,222.00"
89172,10,0,0,84,9,2016,1,0,2187,769,0,"$8,919,647.60"
111,10,0,1,34,4,2003,1,0,2239,951,1,"$14,431.30"
43467,10,1,0,22,3,1998,1,0,4340,738,1,"$4,350,497.80"
35112,1,0,1,47,1,2002,0,1,9387,404,1,"$3,515,831.20"
6600,8,0,0,72,1,1994,0,0,8513,587,1,"$667,067.40"
46709,3,0,0,86,9,1996,0,1,3928,925,1,"$4,680,113.60"
6856,1,1,0,22,9,2007,0,0,8070,211,1,"$689,679.70"
7148,2,0,1,51,3,2014,1,0,2714,390,0,"$723,077.40"
53062,3,1,1,13,1,1990,0,0,3263,469,0,"$5,313,492.00"
43159,4,0,0,43,3,1994,0,1,6151,975,0,"$4,318,950.40"
40705,1,1,1,52,9,1991,0,0,9802,736,0,"$4,080,567.10"
86419,4,0,0,51,7,1996,1,0,5149,284,0,"$8,645,299.60"
37225,7,1,1,10,9,1995,1,0,7069,762,1,"$3,729,838.50"
13912,7,1,1,65,4,1995,1,0,6588,245,0,"$1,399,630.50"
12228,7,1,1,20,9,2011,0,1,6733,745,1,"$1,227,403.10"
873,5,0,0,51,5,2005,0,1,6353,860,0,"$92,386.50"
77472,8,0,0,68,2,2001,0,0,455,739,1,"$7,749,318.10"
55812,1,1,0,34,4,2011,0,0,622,339,1,"$5,584,760.10"
56730,7,0,0,58,5,1993,1,0,3300,357,0,"$5,674,735.30"
33002,8,1,1,10,3,1995,0,0,7427,547,1,"$3,307,651.50"
3929,10,1,1,87,4,1993,0,1,1270,590,0,"$398,525.30"
66744,3,1,0,44,5,2011,1,1,8949,851,1,"$6,681,155.10"
92759,5,0,1,83,10,2020,1,0,7449,386,0,"$9,279,850.00"
4117,6,1,1,74,9,1990,1,1,7965,695,1,"$424,791.00"
65476,10,0,1,62,5,1990,1,1,1740,537,0,"$6,554,554.00"
50404,8,0,0,15,1,1991,1,0,8257,999,1,"$5,042,499.10"
85421,9,0,0,23,3,2006,1,0,1226,206,1,"$8,543,272.60"
54226,9,0,0,36,5,1999,1,0,6779,438,1,"$5,426,007.90"
56287,4,0,1,91,2,2000,0,0,7958,160,0,"$5,637,555.00"
84340,4,1,0,28,8,2007,0,1,7776,309,1,"$8,437,869.70"
57577,3,0,0,24,1,2013,0,0,789,451,1,"$5,759,307.30"
27451,7,0,1,20,3,2015,0,0,934,354,1,"$2,747,145.50"
79814,8,0,0,98,1,2004,1,1,6907,871,1,"$7,987,492.40"
53894,6,1,0,58,2,2019,1,1,2037,275,0,"$5,396,620.90"
36095,7,1,1,32,4,1995,1,1,9812,375,1,"$3,617,203.50"
93290,8,1,1,60,4,2001,0,1,3029,613,0,"$9,335,722.10"
16478,3,1,0,64,9,2009,1,0,8696,396,1,"$1,651,205.90"
68482,6,1,0,35,9,2021,1,0,3562,603,1,"$6,853,208.10"
23614,6,1,0,90,4,2020,1,1,1199,671,0,"$2,368,476.00"
73692,7,1,0,20,6,1992,0,1,5200,520,0,"$7,375,143.20"
46227,5,1,1,36,8,1993,1,0,648,886,0,"$4,632,832.30"
57454,1,0,0,90,4,1998,1,0,1554,576,0,"$5,753,949.80"
18929,6,1,0,76,4,2009,0,1,8750,682,1,"$1,899,066.90"
20572,9,1,0,13,10,2004,0,0,5688,259,0,"$2,059,597.40"
18012,7,0,0,46,8,1991,0,1,5994,217,1,"$1,804,873.10"
59361,6,0,0,76,8,2010,1,0,5418,827,0,"$5,942,427.00"
85444,5,0,1,97,1,2002,0,1,366,901,0,"$8,553,656.20"
64265,3,1,0,44,6,1998,0,1,8217,450,0,"$6,430,203.80"
1986,2,1,0,79,8,2020,1,1,8776,213,1,"$207,433.00"
16999,10,0,0,1,10,1996,1,0,8988,183,0,"$1,700,539.60"
68912,3,1,1,33,1,1990,0,0,6392,342,0,"$6,902,784.00"
59986,7,1,0,17,1,2008,0,0,3483,149,0,"$6,004,309.80"
45426,5,0,0,9,7,1994,0,1,3929,500,1,"$4,543,837.40"
28347,9,0,0,81,7,2011,1,0,8801,287,0,"$2,843,096.10"
15124,1,0,0,56,5,2012,1,0,3556,177,0,"$1,514,981.20"
72495,7,0,1,55,8,1990,0,1,5340,361,1,"$7,255,630.00"
39097,10,0,1,18,6,2011,1,0,5244,932,0,"$3,915,258.10"
45958,2,0,1,7,10,2002,0,0,4200,158,0,"$4,597,561.20"
11898,10,0,0,10,5,2000,1,0,868,404,0,"$1,191,000.00"
54901,8,0,1,71,9,1994,1,0,3885,380,0,"$5,499,856.40"
18198,4,0,1,66,2,2009,1,0,4239,782,0,"$1,828,162.90"
98149,8,0,1,24,10,2008,1,1,4751,549,1,"$9,820,073.80"
94491,3,1,1,37,4,1998,1,0,1364,823,1,"$9,456,801.80"
63261,4,0,0,6,5,1995,1,1,537,742,0,"$6,327,015.50"
77990,8,1,0,93,2,2017,0,1,9478,445,0,"$7,809,156.70"
4827,7,0,1,11,3,1993,1,0,4233,541,0,"$486,479.30"
50472,1,1,1,39,10,2021,0,0,1789,619,0,"$5,055,489.10"
51798,9,0,0,56,1,2014,0,1,5422,653,1,"$5,185,741.40"
29431,10,1,1,30,7,2017,0,0,6501,946,1,"$2,950,835.70"
52915,2,1,0,97,9,1996,1,0,544,480,0,"$5,302,289.60"
47831,2,0,0,99,8,2012,0,1,7449,457,0,"$4,792,760.20"
24511,6,0,0,42,5,2015,1,1,4237,185,0,"$2,454,663.50"
33612,4,0,0,22,1,1995,1,1,5058,182,0,"$3,364,167.50"
52223,4,1,0,93,7,1993,1,1,9211,763,0,"$5,232,399.30"
98796,7,0,0,68,6,1997,0,1,3347,835,0,"$9,885,975.70"
2770,7,1,1,86,5,2017,1,1,6653,114,0,"$285,402.70"
58108,6,0,1,79,1,2018,0,1,8054,793,0,"$5,822,178.80"
1933,4,0,0,18,8,2011,1,1,9381,382,1,"$194,307.10"
78046,5,0,0,62,4,2005,1,1,4371,478,1,"$7,810,522.50"
81425,8,1,0,99,7,1992,1,1,9406,114,0,"$8,154,947.20"
74709,5,1,0,61,7,1993,1,1,1506,691,1,"$7,476,997.30"
58527,1,0,1,76,4,1993,0,0,1909,170,0,"$5,858,721.30"
90505,2,0,1,4,5,2001,1,1,3245,759,1,"$9,055,749.10"
32842,3,1,0,30,3,2002,0,0,6137,371,1,"$3,291,228.20"
49531,9,0,0,32,3,1995,0,0,8062,161,1,"$4,955,365.50"
97472,6,1,1,54,3,2014,0,1,8163,939,1,"$9,756,768.40"
41117,5,1,1,58,7,2004,0,0,1049,214,0,"$4,123,695.40"
32850,10,1,1,91,4,2012,0,0,5633,624,0,"$3,296,112.20"
25762,6,0,0,33,10,2021,1,1,7653,507,0,"$2,580,119.10"
69179,4,0,1,9,4,1993,0,0,4155,580,1,"$6,921,389.30"
1333,2,0,1,62,9,2016,0,1,4196,210,0,"$139,934.60"
91107,4,0,0,57,7,1998,0,0,8372,991,1,"$9,113,493.80"
96843,10,1,0,66,10,2011,0,0,7338,202,0,"$9,688,919.10"
24378,3,0,1,45,9,2006,0,0,2159,118,0,"$2,441,961.60"
8988,2,1,0,75,2,2016,1,1,8758,574,0,"$905,757.60"
1549,7,0,1,89,1,1999,0,1,6845,220,0,"$165,820.90"
79081,9,0,1,88,9,1993,0,1,7804,880,1,"$7,918,094.30"
54077,4,0,0,98,10,2002,0,0,46,521,1,"$5,410,654.20"
7249,1,0,1,56,1,1998,1,0,9291,273,0,"$732,666.80"
99095,10,0,1,49,8,2006,1,0,6432,960,1,"$9,915,571.60"
11292,8,0,0,82,2,1998,1,1,924,753,0,"$1,132,623.80"
36436,4,0,1,63,1,1995,0,1,4258,575,1,"$3,650,349.50"
35727,4,1,0,14,2,2015,0,0,1124,306,1,"$3,578,110.50"
82736,9,0,0,81,3,2007,0,0,2570,460,0,"$8,276,711.70"
50024,1,1,0,80,10,2004,0,0,9924,214,1,"$5,010,562.40"
38535,3,0,0,6,8,2009,0,1,1039,925,1,"$3,854,588.90"
20820,9,0,0,70,3,2014,0,0,545,767,0,"$2,088,001.40"
20614,7,1,1,87,4,2019,1,1,9037,359,1,"$2,070,677.90"
4776,8,1,0,92,5,2012,1,1,7864,404,0,"$486,403.20"
44487,10,0,1,60,9,1999,0,0,1393,617,0,"$4,453,518.90"
5528,4,1,0,96,8,2011,1,0,5688,476,0,"$564,350.10"
84165,9,1,0,24,4,2010,0,1,4100,992,0,"$8,420,418.00"
86326,1,0,0,55,4,2021,1,1,5279,412,1,"$8,635,482.10"
37868,10,0,1,80,2,1994,1,1,9901,796,1,"$3,793,089.40"
62328,5,1,0,72,8,2020,1,0,3805,592,0,"$6,238,922.00"
76184,8,0,1,17,9,2010,1,1,7975,647,0,"$7,623,937.00"
96352,7,1,1,31,8,2019,0,0,9789,636,0,"$9,643,641.90"
831,9,0,0,86,3,2015,1,0,5943,723,1,"$91,333.50"
59764,6,0,1,39,8,2020,1,1,7781,869,0,"$5,981,705.00"
33976,8,1,0,44,3,2005,1,0,6644,152,0,"$3,405,161.50"
71627,6,0,0,91,6,2009,1,1,4683,967,1,"$7,172,359.90"
53500,1,0,0,16,5,2018,0,1,7448,362,1,"$5,350,627.80"
32085,1,0,0,94,3,2009,1,0,1297,593,0,"$3,216,632.90"
48144,8,0,1,46,8,1995,1,0,1081,802,0,"$4,820,543.50"
32939,4,0,1,70,1,2013,0,0,5777,774,1,"$3,300,978.30"
74743,5,0,0,21,1,2013,1,1,896,774,0,"$7,476,064.30"
44436,1,0,0,9,10,1992,0,0,5551,465,0,"$4,444,815.20"
21834,9,0,1,10,9,2007,1,0,3222,981,1,"$2,189,064.70"
71104,8,0,0,93,1,2008,1,1,3571,854,1,"$7,112,359.80"
36654,3,0,1,31,3,1992,1,1,1167,562,1,"$3,673,319.20"
40195,10,0,1,35,1,2000,0,0,1098,833,1,"$4,024,544.00"
57072,6,1,1,37,7,2017,0,1,8424,815,0,"$5,716,738.70"
4750,10,0,1,3,6,2002,1,1,2669,552,1,"$478,917.20"
43712,4,0,0,11,9,1996,0,1,5068,303,0,"$4,372,014.60"
73733,7,1,0,23,7,2005,1,0,8747,809,0,"$7,377,738.50"
46731,3,0,1,92,6,1997,0,0,2118,757,0,"$4,683,103.70"
46864,4,1,0,4,8,2002,1,1,4315,704,0,"$4,690,234.20"
6881,3,1,1,15,7,1996,1,0,379,407,1,"$693,986.60"
88838,3,0,0,94,3,1993,1,0,3040,499,1,"$8,892,157.30"
90350,9,0,1,82,7,2015,0,1,3023,844,0,"$9,041,614.50"
88408,8,0,0,79,3,2004,1,0,6195,400,0,"$8,842,527.40"
37017,6,0,1,75,7,2000,0,0,2197,655,1,"$3,709,665.00"
40035,6,1,1,41,4,2021,1,1,9391,532,1,"$4,010,245.10"
49740,2,1,1,75,8,2020,0,0,4019,311,0,"$4,987,445.00"
50296,8,1,1,59,1,1993,1,0,6698,283,0,"$5,038,241.30"
47237,4,1,0,96,6,2003,1,1,3035,974,1,"$4,736,122.30"
53536,10,0,0,42,8,2018,1,1,3985,693,0,"$5,356,837.80"
68348,6,0,1,62,9,1995,0,1,2304,704,1,"$6,841,098.50"
3790,6,0,1,55,8,2021,0,0,319,864,0,"$383,898.10"
31906,4,0,1,73,3,2000,1,0,6121,463,1,"$3,194,626.00"
51672,5,0,1,76,10,1992,0,1,6292,591,1,"$5,176,324.20"
31990,3,0,1,73,6,2018,1,0,2491,974,0,"$3,204,947.80"
12099,4,0,0,67,8,2011,0,0,1856,954,0,"$1,216,298.10"
29366,4,0,0,63,3,2017,0,0,6351,709,0,"$2,941,676.70"
429,2,0,1,18,5,1996,0,1,3648,990,1,"$49,802.60"
65413,4,0,1,15,5,2014,0,0,2437,569,0,"$6,545,051.40"
83090,7,1,0,94,7,1994,1,1,9920,469,1,"$8,315,777.40"
16218,6,1,1,70,10,2015,1,1,6691,220,1,"$1,630,148.50"
64943,7,0,0,8,2,2000,0,0,6076,942,1,"$6,495,254.00"
1947,4,0,0,43,10,2013,1,1,8878,385,0,"$198,209.30"
4009,10,1,0,74,9,2005,0,0,2551,847,1,"$406,778.50"
41404,4,0,0,69,8,2020,1,0,7226,814,0,"$4,147,112.00"
34469,4,0,1,26,6,2007,1,1,1828,677,1,"$3,450,552.70"
16254,1,1,0,36,9,2020,0,0,2964,763,1,"$1,630,892.00"
63941,4,0,0,12,5,1994,1,1,9722,340,1,"$6,396,123.40"
65582,9,0,1,98,2,2003,1,0,2051,613,1,"$6,563,957.30"
49407,1,0,0,68,9,2008,1,0,6894,805,1,"$4,947,076.80"
17847,9,1,0,93,7,2011,1,0,2023,929,1,"$1,796,189.10"
73769,10,1,0,27,7,1994,1,1,8290,243,0,"$7,385,023.40"
40912,10,1,1,45,9,1992,0,0,7528,602,0,"$4,100,574.20"
30632,3,0,1,81,5,1999,0,1,7695,721,0,"$3,071,259.90"
92329,2,0,1,97,6,2004,1,0,6386,950,0,"$9,242,250.40"
94457,8,1,1,29,9,2007,0,0,3310,520,1,"$9,453,238.70"
45739,3,1,0,52,1,2005,1,0,5377,225,1,"$4,576,141.50"
31774,1,1,0,47,5,1998,0,1,251,986,0,"$3,180,672.80"
272,8,0,1,8,9,2011,1,1,2951,866,1,"$30,703.10"
92618,7,1,1,88,2,2020,1,0,6347,668,0,"$9,267,692.00"
97566,9,1,0,41,3,2004,0,0,4550,106,1,"$9,765,060.40"
74348,6,0,1,85,1,2008,1,0,5707,950,0,"$7,438,478.80"
34035,10,0,0,91,5,2001,0,0,8830,950,0,"$3,407,854.10"
25078,6,0,1,81,5,1998,1,0,3290,151,0,"$2,514,434.80"
80023,7,1,0,48,7,2011,0,1,2021,932,0,"$8,011,758.10"
4141,9,1,1,19,2,2021,0,1,4806,999,0,"$421,086.10"
87245,4,0,0,17,2,2021,0,0,713,560,0,"$8,726,378.10"
15981,9,0,0,91,7,2004,1,1,8694,565,0,"$1,600,688.40"
66944,9,1,0,16,4,2007,1,0,7887,480,0,"$6,698,622.70"
71437,1,1,0,68,6,2001,1,0,7016,857,0,"$7,150,458.10"
33742,3,1,0,98,9,1993,0,0,5601,699,0,"$3,385,270.30"
37677,9,1,1,32,5,2002,1,0,5108,102,0,"$3,776,536.20"
3760,2,0,1,60,10,1995,1,1,6117,463,0,"$382,598.50"
1668,7,0,0,20,2,1994,0,0,8337,944,1,"$168,399.40"
74500,7,0,0,54,9,2017,0,0,9321,192,0,"$7,452,595.70"
88272,3,1,0,76,8,2007,0,1,5554,619,0,"$8,835,369.70"
42230,8,0,1,16,10,2019,0,0,9505,466,1,"$4,228,536.90"
21346,10,1,1,36,8,2016,0,1,7454,559,0,"$2,144,809.60"
62388,6,1,0,21,8,2002,0,1,2298,601,0,"$6,244,189.20"
9196,7,0,1,11,9,2010,1,1,5450,661,0,"$926,114.00"
3939,1,1,1,70,6,2021,1,1,724,711,1,"$404,238.10"
5132,10,1,1,42,1,2018,0,0,3199,215,1,"$520,566.80"
52820,6,1,1,8,10,2005,0,0,1293,581,0,"$5,289,930.50"
56694,1,0,0,46,4,1992,1,1,9061,376,1,"$5,674,217.20"
21648,6,1,1,99,10,1991,1,0,4049,176,1,"$2,177,627.10"
11513,10,1,1,88,4,2018,1,0,6944,531,1,"$1,160,638.80"
86850,4,0,0,11,3,2013,0,0,3299,163,0,"$8,685,896.30"
84311,8,1,1,96,10,1992,0,1,8730,779,0,"$8,444,031.20"
70139,7,1,1,78,2,1991,0,1,9024,247,1,"$7,021,733.10"
38691,1,1,1,54,6,2019,0,1,4480,342,1,"$3,877,340.90"
4769,9,1,1,90,10,2004,0,0,6732,307,1,"$488,123.40"
4456,1,1,0,79,10,2015,0,1,9586,745,1,"$451,747.50"
66727,9,0,1,24,3,2017,0,0,8190,239,1,"$6,675,463.70"
21856,6,1,1,22,6,2003,0,1,2477,298,0,"$2,190,424.30"
73542,5,0,1,38,7,2001,0,0,3417,158,1,"$7,361,356.10"
13423,1,0,0,32,6,2007,0,1,5986,470,0,"$1,344,222.70"
91361,9,0,0,90,6,1994,0,1,8906,548,1,"$9,138,709.40"
8583,10,1,0,92,1,2015,1,0,5844,421,1,"$868,189.50"
67671,10,0,0,23,10,1998,1,1,2969,359,0,"$6,769,786.80"
74235,7,0,0,19,9,1994,0,1,7524,320,0,"$7,424,923.40"
37531,6,1,0,10,3,2016,0,1,5552,568,1,"$3,757,051.60"
66610,7,0,0,18,7,2000,0,0,4538,127,1,"$6,662,840.00"
88869,1,0,0,84,7,2011,0,0,2889,482,0,"$8,893,331.10"
56102,5,1,0,93,1,2004,1,0,8973,236,0,"$5,620,090.40"
98114,9,1,0,52,10,2019,0,1,734,365,0,"$9,817,419.90"
82310,4,1,1,55,10,2005,1,0,8556,793,0,"$8,240,688.50"
6601,5,1,1,81,6,2016,0,1,2785,384,1,"$674,121.60"
39130,10,0,1,52,10,2004,1,1,3279,383,0,"$3,921,493.40"
26848,2,1,1,21,8,2012,1,0,4748,729,0,"$2,689,927.20"
77975,2,1,1,22,10,1999,1,0,1438,252,1,"$7,801,482.90"
78739,10,1,0,87,3,2007,1,1,6589,614,0,"$7,883,763.70"
59704,3,0,0,84,8,2009,0,1,9312,248,0,"$5,974,678.90"
1634,2,0,1,1,9,1994,1,1,3569,526,1,"$166,341.40"
83954,1,0,0,60,8,1990,1,0,7983,557,0,"$8,396,809.00"
6381,1,0,0,78,1,2013,0,1,3859,933,0,"$639,687.30"
16817,2,0,1,100,2,1998,0,0,9966,812,0,"$1,694,147.80"
88402,10,0,1,75,3,1997,1,1,262,825,0,"$8,848,110.70"
54789,4,1,0,12,10,2007,0,1,3145,583,1,"$5,484,239.70"
12020,4,1,1,47,2,1991,0,1,5153,141,1,"$1,212,214.10"
16602,5,0,0,62,8,2002,1,1,1529,624,1,"$1,664,806.20"
81800,8,0,1,78,6,2011,0,1,4694,456,1,"$8,188,934.10"
211,10,0,0,46,5,2009,0,1,3367,436,1,"$24,058.90"
21106,5,1,1,86,10,2006,0,1,2357,607,0,"$2,117,995.60"
53833,2,0,1,73,8,1991,1,0,4671,209,0,"$5,388,850.10"
96246,2,1,0,37,3,2009,1,0,3918,893,1,"$9,631,618.90"
62199,2,0,0,37,9,2011,1,0,1668,156,1,"$6,222,956.10"
67216,10,1,0,60,6,2016,0,0,1579,937,1,"$6,729,066.60"
82395,6,1,1,22,5,2017,1,1,561,474,0,"$8,246,501.70"
89880,2,1,1,57,10,1992,0,1,1266,880,1,"$8,998,164.20"
42686,9,0,0,45,5,1995,1,0,4775,654,0,"$4,271,554.50"
68043,7,0,1,66,10,2012,1,0,705,672,1,"$6,814,850.20"
88821,4,0,0,44,9,2016,1,0,3418,997,0,"$8,886,403.60"
74641,7,0,0,16,10,2020,0,1,2163,378,1,"$7,465,378.00"
32121,1,1,1,17,10,2013,0,1,3308,750,1,"$3,220,114.30"
43665,8,0,1,43,10,2004,1,0,9936,293,1,"$4,375,632.40"
22849,8,0,0,17,7,2014,0,1,4439,174,1,"$2,286,370.40"
51021,2,0,0,68,6,2011,1,0,9252,251,1,"$5,108,595.10"
25316,4,1,0,17,3,1999,1,0,5367,541,0,"$2,535,882.90"
77346,1,0,1,43,1,2010,1,1,5367,138,0,"$7,738,601.00"
18346,8,0,1,43,4,1998,1,1,1311,477,1,"$1,839,603.80"
72368,4,1,0,91,3,2002,0,0,9310,331,1,"$7,245,229.20"
18014,8,1,1,67,5,2015,0,0,9508,872,1,"$1,810,349.50"
56391,8,1,0,9,4,1992,0,0,349,151,0,"$5,641,537.20"
30007,5,1,1,36,3,1993,0,1,8831,485,0,"$3,008,473.30"
70179,4,0,1,96,4,2021,1,0,187,981,1,"$7,027,779.10"
4813,4,1,1,67,6,2002,0,0,2360,317,0,"$495,134.20"
80331,5,0,0,56,6,1995,1,0,5982,911,1,"$8,037,047.50"
68153,4,1,1,22,3,2013,1,0,2387,493,1,"$6,822,830.30"
90954,7,1,1,68,1,1990,0,0,2413,337,1,"$9,102,269.00"
24168,10,0,0,92,3,2017,0,1,736,504,1,"$2,420,503.70"
10781,6,1,0,31,9,2020,0,1,1309,398,0,"$1,085,988.00"
70810,3,1,0,23,7,2011,0,0,2970,504,0,"$7,086,297.10"
92505,3,1,1,50,10,1997,1,0,0,268,1,"$9,259,024.70"
4768,3,0,1,66,5,2016,1,0,5704,942,0,"$483,681.60"
23668,10,0,1,23,7,2016,0,0,9512,199,0,"$2,372,045.60"
27093,6,1,1,34,6,1996,1,0,640,515,1,"$2,718,663.60"
11519,5,0,0,82,1,2006,1,1,5222,808,0,"$1,160,066.60"
90122,2,0,1,89,8,1994,0,0,7094,265,0,"$9,017,994.40"
85198,2,0,0,4,7,1997,1,0,6092,361,1,"$8,520,917.70"
75571,6,1,0,47,5,2009,1,0,436,838,0,"$7,562,964.90"
61478,1,1,0,6,4,1998,1,1,1521,687,0,"$6,151,688.80"
64180,6,1,1,100,6,2002,0,1,1986,321,1,"$6,425,560.20"
71527,10,1,1,24,5,2008,1,1,7643,129,1,"$7,159,280.80"
77855,2,1,1,100,7,2018,1,0,2800,872,0,"$7,797,856.80"
54169,6,1,1,28,8,2007,0,0,2709,612,0,"$5,424,360.70"
74689,9,1,1,33,3,2006,0,0,3511,866,0,"$7,476,071.60"
12426,2,1,0,17,6,1998,0,1,7351,651,1,"$1,246,872.80"
59509,4,1,0,38,5,1994,0,1,6358,742,1,"$5,956,829.40"
5340,8,0,0,44,10,2011,0,0,2155,419,1,"$538,173.10"
10082,2,1,0,46,8,2008,1,1,7953,337,1,"$1,016,018.80"
35763,3,1,0,70,7,1993,0,0,6153,889,0,"$3,578,936.30"
81375,3,1,0,90,3,2013,0,0,5634,380,1,"$8,144,015.30"
74875,9,0,0,93,4,2009,1,0,4078,505,0,"$7,493,537.90"
14623,3,1,1,8,4,2005,1,0,793,328,1,"$1,468,584.50"
46282,8,1,1,1,2,2009,1,1,3137,821,0,"$4,635,687.90"
11124,8,1,1,75,4,2015,1,0,1342,621,0,"$1,125,532.50"
20634,9,0,0,41,8,1992,1,1,4040,725,1,"$2,066,809.20"
73473,5,1,0,49,5,2020,0,1,2027,832,0,"$7,354,795.00"
9130,7,1,1,42,10,2002,1,0,4439,731,1,"$921,139.20"
10342,7,1,1,39,3,2006,1,0,4790,362,0,"$1,043,513.60"
30291,3,0,0,24,8,1997,0,1,9572,374,0,"$3,030,131.70"
52756,8,1,1,54,3,1998,1,0,4010,260,0,"$5,290,006.80"
56155,8,0,0,16,8,1992,0,0,7770,226,1,"$5,617,383.20"
45587,6,1,0,41,6,2010,1,0,8068,280,1,"$4,563,744.00"
21070,4,0,1,5,9,2019,1,1,2957,520,0,"$2,112,717.90"
18603,8,1,1,5,4,2017,1,0,4908,724,1,"$1,871,116.70"
85134,8,0,0,1,8,2001,1,0,7739,117,1,"$8,514,100.10"
74689,4,1,1,90,9,2008,0,0,7815,570,0,"$7,484,096.80"
28825,9,1,0,72,7,2009,1,1,4966,474,1,"$2,887,905.90"
4680,10,1,0,47,1,2020,1,1,9437,972,0,"$472,741.00"
35706,3,1,0,27,2,2013,1,0,9260,136,1,"$3,574,742.30"
24321,5,1,0,51,2,2013,1,1,8292,594,0,"$2,440,786.30"
36321,2,1,0,73,10,2003,1,1,2311,283,1,"$3,638,628.30"
85415,7,1,0,80,5,2018,1,1,7181,804,0,"$8,550,149.80"
8731,6,1,1,24,10,2015,1,1,8290,777,0,"$880,713.50"
80634,8,0,0,34,7,1991,0,0,7901,411,1,"$8,065,315.10"
30631,2,0,1,60,2,2010,0,0,2550,988,0,"$3,070,674.00"
56065,6,1,0,52,3,2018,0,0,3396,500,0,"$5,614,119.80"
49574,2,0,0,97,5,2007,0,1,7358,840,1,"$4,967,356.70"
75408,2,0,0,37,7,1994,0,1,5696,634,1,"$7,545,062.40"
735,2,1,1,64,6,2015,0,0,9301,950,1,"$84,567.50"
925,9,1,0,88,5,1998,0,1,1014,581,0,"$104,727.80"
22714,8,0,1,68,4,2000,0,1,516,431,1,"$2,278,508.00"
99053,1,1,1,41,6,2013,0,1,181,223,0,"$9,914,114.30"
65914,8,1,1,11,8,2019,0,1,3729,938,0,"$6,599,320.90"
76613,8,1,0,37,3,2020,1,0,4352,165,1,"$7,665,959.00"
1862,4,0,0,90,3,2000,1,1,4361,355,0,"$193,540.00"
27600,10,0,1,79,5,2010,0,0,4460,654,0,"$2,764,902.00"
71241,5,0,1,83,1,1991,1,0,341,616,1,"$7,135,011.10"
67247,1,0,1,94,5,1993,1,1,9079,528,1,"$6,733,795.30"
79073,9,0,1,17,4,1992,1,0,4342,102,0,"$7,913,819.20"
9208,10,0,0,37,4,2004,0,0,6788,332,0,"$922,791.40"
51875,10,1,0,14,7,2004,0,0,8764,427,1,"$5,193,634.40"
92445,6,1,0,43,2,2017,1,0,283,989,0,"$9,249,510.70"
13470,10,0,1,17,10,1995,1,0,8166,507,1,"$1,350,039.50"
29722,3,0,1,22,1,1991,1,0,4156,642,0,"$2,977,107.10"
18104,1,0,0,69,2,2019,1,1,2244,114,0,"$1,816,871.90"
98701,3,1,1,81,6,1992,0,0,8524,202,0,"$9,879,541.20"
30239,5,1,1,5,2,2016,1,1,9134,102,1,"$3,029,749.60"
77857,4,0,0,20,10,2002,0,1,1608,627,1,"$7,788,400.20"
22737,1,1,0,5,5,2006,1,1,5008,582,0,"$2,278,169.60"
24896,2,0,1,11,4,2019,0,1,4997,973,0,"$2,494,839.90"
98793,9,0,1,25,4,1994,0,1,557,881,0,"$9,885,562.40"
14224,3,1,1,19,7,2021,1,1,7511,984,0,"$1,427,508.10"
65001,7,1,0,37,6,2013,1,0,4731,792,0,"$6,504,375.30"
84479,9,0,1,51,4,2010,0,1,9349,810,1,"$8,454,598.00"
49415,10,0,0,43,2,1999,0,0,9354,891,0,"$4,943,067.90"
75177,2,0,0,30,1,1995,1,0,6430,118,0,"$7,519,419.50"
95630,2,1,1,90,10,2001,0,0,5966,395,0,"$9,572,960.10"
40911,5,1,1,2,10,2012,0,0,3691,109,0,"$4,100,225.20"
71151,5,0,0,36,10,1994,0,0,3970,452,1,"$7,117,551.40"
48392,5,0,1,6,7,1992,1,1,7266,129,0,"$4,841,545.20"
76649,4,0,0,76,3,2013,0,0,4138,345,1,"$7,667,431.30"
5390,6,1,1,54,7,2020,0,0,8171,525,0,"$547,066.00"
44938,3,1,1,100,6,2007,0,1,4004,871,1,"$4,510,650.70"
50595,7,0,0,94,8,1996,1,1,8596,596,1,"$5,067,161.60"
43776,3,0,1,78,1,2007,1,0,4648,222,1,"$4,387,370.70"
70110,10,1,0,43,4,2010,1,0,3309,504,1,"$7,015,646.00"
40760,7,0,0,69,5,2001,0,0,5172,281,1,"$4,080,383.10"
39524,10,0,0,2,1,2005,1,0,3946,500,0,"$3,953,344.50"
6597,9,1,0,83,4,2014,0,0,3945,468,1,"$670,292.40"
19674,9,1,1,32,1,2021,0,1,4630,409,1,"$1,978,538.10"
57415,1,1,1,80,8,2012,0,0,8245,704,1,"$5,752,675.20"
2143,7,0,0,59,4,2018,1,0,129,838,0,"$220,656.80"
37302,4,0,1,29,9,1994,1,1,9278,635,1,"$3,734,886.40"
64964,10,0,0,28,9,2012,1,1,3296,216,0,"$6,498,171.20"
67691,3,0,0,52,5,2015,0,1,4193,735,1,"$6,772,663.50"
727,7,1,0,52,4,2004,1,1,6906,714,0,"$77,725.40"
70068,7,1,1,100,4,2004,1,1,7170,658,0,"$7,015,755.40"
61771,2,0,0,53,8,2006,0,1,5293,790,1,"$6,181,734.60"
62878,6,0,0,41,6,2008,1,0,7662,111,0,"$6,289,361.80"
64505,2,0,0,92,1,2008,0,1,970,113,0,"$6,459,212.80"
95116,6,1,1,46,2,2017,0,1,4422,579,0,"$9,518,909.70"
39418,5,0,1,83,4,1990,0,1,9168,461,1,"$3,950,046.00"
47022,4,1,1,35,4,2016,1,1,2951,942,1,"$4,709,643.60"
36778,3,1,1,100,10,2012,1,1,9845,867,1,"$3,692,148.20"
95702,4,1,0,47,3,2013,1,1,9333,896,0,"$9,577,615.30"
86793,7,1,0,19,2,1994,0,0,452,334,1,"$8,682,439.40"
12584,3,1,1,14,3,1992,1,0,7808,519,1,"$1,266,802.20"
54520,5,0,0,66,5,2007,1,0,7599,925,0,"$5,457,270.70"
4099,5,1,0,47,9,2003,0,1,2662,975,0,"$415,756.30"
75948,6,0,1,71,4,1996,1,1,2272,768,0,"$7,601,880.60"
89305,1,1,0,40,1,1991,1,0,1474,911,1,"$8,938,801.10"
26506,7,0,1,69,3,2015,1,0,9373,509,0,"$2,660,579.50"
6921,8,0,0,21,1,2019,1,0,5355,732,1,"$693,484.90"
8346,5,0,1,51,1,2010,1,0,7224,757,1,"$839,157.00"
90050,8,0,0,49,10,2014,0,1,6477,572,1,"$9,007,562.40"
33341,6,0,1,95,1,2003,1,0,2417,719,0,"$3,342,152.30"
17467,5,1,0,25,3,2001,1,0,2930,720,0,"$1,751,070.10"
67672,2,1,0,25,3,2005,1,1,8480,506,1,"$6,773,654.50"
46771,8,0,0,95,4,2001,0,1,2692,822,1,"$4,687,350.10"
33700,1,0,1,30,7,1995,1,1,439,649,1,"$3,377,757.50"
95076,6,1,1,44,6,1999,1,1,9160,468,1,"$9,513,379.90"
68535,8,0,1,34,7,1991,0,0,9945,494,1,"$6,857,533.10"
87567,7,1,0,38,5,1990,0,0,1840,297,1,"$8,763,657.00"
47807,3,1,0,67,5,1992,1,1,9232,269,0,"$4,790,133.20"
24942,7,1,0,54,8,2003,1,1,120,851,1,"$2,502,371.30"
19702,1,1,0,37,2,2000,1,0,6604,784,0,"$1,974,353.00"
7001,4,0,1,70,8,2010,1,1,1177,958,1,"$709,874.00"
26872,7,1,0,24,2,2001,1,1,511,718,1,"$2,692,017.10"
24081,3,1,1,62,9,2003,1,0,2176,151,1,"$2,418,822.30"
40992,5,1,1,35,7,1998,0,0,2426,736,0,"$4,107,719.80"
48102,4,1,0,80,4,2009,0,1,7121,775,0,"$4,815,224.90"
90219,5,1,0,3,9,1998,0,0,8050,764,0,"$9,024,572.80"
58935,3,1,1,63,7,2018,0,1,1935,695,0,"$5,902,606.80"
99277,7,1,1,82,8,1990,1,0,8267,577,1,"$9,935,775.00"
90528,5,0,1,64,8,1994,0,1,721,689,0,"$9,063,314.40"
61867,4,1,0,9,6,2006,0,0,5775,378,1,"$6,190,959.60"
61877,3,0,1,21,9,2011,0,0,4510,906,0,"$6,194,435.10"
62187,5,0,0,53,10,1994,0,1,8759,118,0,"$6,220,397.40"
82176,2,1,1,62,2,2019,1,0,4954,308,1,"$8,225,804.90"
36528,9,0,1,68,10,2011,1,1,6944,382,1,"$3,664,294.10"
61942,1,0,1,90,3,1998,0,0,262,670,0,"$6,201,486.80"
97430,4,0,0,17,10,1999,1,1,8013,432,0,"$9,745,071.90"
60226,6,1,1,80,4,2016,0,0,2349,285,0,"$6,035,968.60"
20346,4,0,0,57,8,1996,0,1,9419,695,0,"$2,039,146.60"
65982,7,1,1,56,4,2012,1,0,5085,796,0,"$6,607,360.20"
31886,1,1,0,68,7,2001,1,0,4397,957,1,"$3,192,104.10"
98348,5,0,0,50,9,2001,0,0,8762,876,0,"$9,838,800.10"
80722,2,0,0,25,6,2019,1,0,5746,858,0,"$8,075,401.90"
15588,9,0,1,86,4,2015,1,0,9581,273,1,"$1,563,887.50"
41797,7,0,0,41,2,2007,1,1,6781,624,0,"$4,182,295.70"
26599,9,0,1,96,4,2015,1,1,4420,699,1,"$2,665,969.50"
32874,1,0,0,57,5,2011,1,1,3001,771,0,"$3,290,324.10"
86619,10,1,1,2,9,2018,1,1,2160,877,0,"$8,670,749.80"
22205,7,1,1,64,9,1999,1,0,4825,634,1,"$2,225,365.90"
58657,4,0,0,29,3,2003,1,1,1608,556,0,"$5,867,038.30"
23552,1,0,1,59,6,2002,0,0,6849,806,0,"$2,363,314.20"
93202,7,1,0,8,4,2009,0,0,6420,909,0,"$9,325,154.90"
48478,2,0,0,89,6,2013,0,0,7447,789,1,"$4,852,762.30"
27969,8,1,1,23,9,1994,0,1,5580,686,1,"$2,809,123.40"
17015,9,0,0,45,6,2016,0,1,9009,801,0,"$1,702,646.60"
25066,2,1,0,85,1,1993,0,1,211,649,0,"$2,516,535.30"
31651,7,0,0,12,1,1992,1,1,5931,337,1,"$3,166,991.20"
62001,2,0,0,74,2,1992,1,0,1318,340,0,"$6,204,127.20"
71532,3,1,0,56,9,2000,0,1,7907,747,0,"$7,159,102.00"
45285,8,1,1,41,2,2008,0,0,7229,724,1,"$4,537,104.80"
59099,10,0,1,89,3,2006,0,0,6380,550,0,"$5,917,182.60"
73048,8,1,1,75,7,2009,0,1,8818,159,1,"$7,316,030.90"
2501,2,0,1,28,2,2018,1,1,6275,866,1,"$255,027.80"
11620,8,1,0,67,8,2002,1,0,6584,206,0,"$1,169,300.20"
55228,5,0,1,85,9,1992,1,1,5214,330,1,"$5,533,494.20"
83411,9,0,1,29,4,1993,0,0,7923,817,0,"$8,346,545.30"
44721,4,0,0,81,3,2013,0,1,5411,400,1,"$4,475,605.30"
16360,3,0,1,80,10,1994,1,1,3676,924,1,"$1,641,010.40"
17306,4,1,1,98,9,1994,0,0,1390,302,1,"$1,741,614.40"
49820,3,0,1,38,9,1996,1,0,5914,575,1,"$4,987,130.60"
92241,6,1,1,63,3,2009,0,1,9740,581,1,"$9,234,830.90"
64318,6,1,1,83,3,2002,1,1,3395,800,1,"$6,446,168.20"
62785,1,1,0,40,6,1991,0,1,9060,636,1,"$6,281,861.10"
71517,3,0,1,89,9,2009,0,0,2530,325,1,"$7,160,579.90"
48401,10,0,1,49,2,2000,1,0,8188,447,0,"$4,846,713.00"
40839,1,1,1,31,9,1990,1,0,7433,580,0,"$4,092,414.00"
44219,8,1,1,82,5,1991,1,0,9721,388,1,"$4,436,813.10"
61455,1,1,0,69,8,1990,0,0,7386,678,0,"$6,150,227.00"
31862,1,1,0,89,1,1990,0,0,17,509,0,"$3,198,138.00"
34137,7,1,0,64,8,2017,1,1,8569,520,1,"$3,425,405.70"
85661,10,1,0,22,8,2013,1,0,679,343,1,"$8,570,393.30"
60988,4,0,1,59,1,2010,0,0,3340,342,0,"$6,106,833.00"
31308,10,0,1,73,3,1991,1,0,4485,223,1,"$3,138,606.10"
91419,6,1,0,1,9,2012,1,1,3394,115,0,"$9,147,142.20"
46317,6,0,1,73,3,2015,0,1,6303,863,1,"$4,638,805.50"
20810,8,0,0,59,8,2014,1,1,9359,293,1,"$2,087,901.40"
72269,2,1,1,83,9,2018,0,0,4428,924,1,"$7,237,251.80"
38856,1,0,1,71,4,2008,1,0,7440,394,1,"$3,890,014.80"
51212,3,0,1,81,2,1997,1,1,783,932,1,"$5,129,933.70"
31246,4,0,0,77,6,1998,0,0,274,234,1,"$3,127,463.80"
75354,9,0,1,61,2,2019,0,1,6062,495,0,"$7,546,076.90"
69352,8,1,1,63,10,2006,0,0,8550,243,1,"$6,945,828.60"
36673,5,1,0,3,9,1993,0,1,1511,906,1,"$3,673,398.30"
83421,2,1,1,9,7,1995,1,0,922,382,0,"$8,348,850.50"
75593,3,1,1,88,10,2013,1,0,2776,546,1,"$7,567,839.30"
60653,5,1,0,78,1,2008,0,0,4557,597,0,"$6,076,327.80"
17699,5,0,1,5,3,1993,0,0,7008,920,0,"$1,775,017.30"
11587,10,1,1,65,1,1991,1,1,3810,686,1,"$1,166,616.10"
23262,8,0,0,64,8,2018,0,0,8475,640,1,"$2,328,515.80"
60022,1,1,0,77,8,2001,0,0,3521,170,1,"$6,013,402.10"
60759,10,0,0,51,4,2006,1,0,5665,885,1,"$6,079,351.60"
10798,5,1,0,59,9,1993,0,0,5879,850,0,"$1,086,266.30"
13163,4,1,1,41,3,2004,0,1,6932,461,1,"$1,327,820.40"
99750,1,1,1,1,5,2011,1,0,5609,786,0,"$9,982,515.10"
78980,1,1,0,26,9,2008,0,1,5737,482,0,"$7,903,451.80"
71251,8,1,1,40,7,2005,0,1,4858,668,1,"$7,132,789.50"
60656,10,1,1,76,7,2014,1,1,5507,205,1,"$6,074,331.40"
18854,8,1,1,30,9,2006,0,1,3927,193,1,"$1,896,031.60"
20282,4,0,0,43,1,2001,1,1,5275,256,1,"$2,029,680.10"
87580,10,0,1,30,5,1994,1,1,9794,594,0,"$8,763,378.40"
76238,8,0,1,3,4,2021,1,0,3021,497,1,"$7,625,604.10"
82707,4,1,1,25,8,2011,0,0,140,329,1,"$8,278,043.10"
78114,5,0,1,73,4,1999,1,0,31,861,0,"$7,818,981.90"
85405,9,1,1,94,5,2005,1,1,5073,443,1,"$8,555,783.50"
92885,3,0,1,79,10,2013,1,1,1880,580,1,"$9,293,817.30"
74947,2,1,1,17,8,1994,1,1,4647,874,0,"$7,500,281.40"
81609,8,0,1,54,8,1995,0,0,5989,991,1,"$8,167,029.50"
82641,2,0,0,84,5,2011,1,0,2756,200,0,"$8,272,783.10"
16411,5,1,1,49,10,2000,1,1,5097,929,1,"$1,652,454.00"
73237,3,1,0,12,8,2003,0,0,808,143,0,"$7,326,285.30"
55821,4,0,0,20,5,2018,1,1,4338,900,0,"$5,583,521.80"
38171,3,1,1,83,1,1992,0,1,7410,352,1,"$3,826,368.20"
86433,3,0,0,5,5,2015,0,1,8138,166,1,"$8,644,331.50"
21136,4,1,0,97,8,2013,0,0,2601,252,1,"$2,124,234.30"
48162,3,0,1,3,6,1995,1,1,6171,185,1,"$4,822,052.50"
22238,3,1,0,4,7,1996,1,1,8307,667,1,"$2,227,703.60"
66813,5,1,0,38,5,1993,0,1,7714,600,1,"$6,689,557.30"
79256,10,0,0,70,10,1993,1,1,5784,408,1,"$7,931,579.30"
45383,1,1,1,34,2,1999,1,1,9672,896,0,"$4,542,972.90"
33974,8,0,1,23,6,1996,0,1,7748,632,0,"$3,403,907.60"
2017,9,1,0,78,10,2016,0,1,6984,340,1,"$210,585.60"
8318,4,0,0,4,9,2021,0,1,1225,893,0,"$832,684.10"
78791,3,1,0,53,10,2020,1,0,3674,501,0,"$7,886,106.00"
95878,6,0,0,35,6,2018,0,1,3236,720,1,"$9,591,246.80"
79499,9,1,1,79,7,2013,1,0,5217,198,0,"$7,955,951.30"
71601,2,0,1,65,8,1990,0,1,4600,239,0,"$7,164,956.00"
31995,9,1,0,1,7,1998,1,1,1527,497,1,"$3,203,127.80"
5475,1,0,0,51,5,1998,1,1,1553,361,1,"$551,668.80"
91703,5,0,0,34,5,2008,0,0,7830,630,1,"$9,173,404.80"
9881,5,1,1,34,8,2003,0,0,5379,258,0,"$996,563.30"
49904,1,0,1,78,6,2011,0,0,8497,944,0,"$4,995,940.10"
61529,2,0,0,8,1,2010,1,1,815,253,0,"$6,154,223.00"
17052,2,0,0,29,2,2013,1,0,2371,768,0,"$1,706,550.30"
79361,8,1,1,19,10,2009,1,0,713,507,1,"$7,946,598.90"
30633,6,0,1,98,2,2004,0,1,1395,270,0,"$3,071,938.40"
14535,7,0,0,60,3,1997,0,1,5347,255,0,"$1,455,259.70"
64918,7,0,1,10,1,2011,0,1,7062,878,0,"$6,494,744.10"
52424,7,0,1,45,7,1999,1,1,9561,341,0,"$5,252,384.90"
1144,6,0,0,37,10,2018,0,1,9977,569,1,"$118,555.80"
76654,1,0,0,19,6,1992,1,0,7320,232,1,"$7,667,673.20"
70474,4,0,0,15,4,2007,0,0,5368,512,1,"$7,048,195.70"
33369,10,0,0,1,6,2017,1,1,5485,475,1,"$3,337,636.70"
79065,3,0,1,40,8,2008,1,0,7266,171,0,"$7,912,800.80"
16599,10,0,0,54,7,2019,0,1,3854,984,0,"$1,665,461.90"
64654,1,0,0,22,5,2001,0,0,8748,354,1,"$6,467,876.10"
33177,3,1,1,44,8,2017,1,1,8957,981,1,"$3,326,989.70"
63711,1,0,0,7,2,1997,1,0,7322,260,0,"$6,372,039.70"
98857,5,1,1,72,2,2015,1,0,7778,404,0,"$9,898,892.50"
56134,3,0,1,49,9,1999,0,1,6815,761,0,"$5,619,428.90"
76021,6,0,0,60,1,2010,1,0,1192,163,0,"$7,603,621.00"
31258,3,0,0,27,1,1991,0,1,2792,224,1,"$3,127,112.10"
30442,5,0,0,60,9,2008,1,0,5953,627,0,"$3,049,370.80"
33207,8,1,1,54,8,2000,1,1,4917,338,1,"$3,334,198.00"
2138,3,0,1,51,5,2018,0,1,2916,653,0,"$217,519.80"
22593,7,0,1,28,3,2007,1,1,7213,513,0,"$2,262,197.70"
64253,8,1,0,31,5,2006,1,0,8832,405,1,"$6,431,182.60"
54936,3,1,0,87,3,2001,1,1,3541,906,1,"$5,505,207.10"
1430,10,0,0,92,4,1998,1,0,2848,317,1,"$148,835.80"
79934,5,1,0,97,3,1996,1,1,7637,457,0,"$8,002,735.60"
52618,8,1,0,56,3,1998,1,0,6887,488,0,"$5,270,796.80"
39626,1,1,1,95,10,2016,1,1,7338,557,0,"$3,972,452.60"
82252,2,0,1,63,9,2020,0,1,5944,441,0,"$8,233,956.00"
30373,3,1,0,41,3,2011,0,1,3669,894,1,"$3,044,199.10"
50576,4,0,1,11,1,2018,0,1,3881,129,0,"$5,059,529.80"
88955,2,1,0,3,5,1992,0,0,5602,141,1,"$8,898,280.20"
42933,10,1,1,7,8,2003,0,0,3426,587,1,"$4,302,362.30"
34176,2,0,1,17,1,1999,0,0,3018,967,1,"$3,421,425.90"
47097,2,1,0,46,7,2011,0,0,2159,893,0,"$4,716,535.10"
10641,3,0,0,56,10,2021,0,1,5823,585,1,"$1,069,818.10"
30888,7,0,1,84,2,1996,1,0,5823,761,0,"$3,095,632.60"
77165,7,0,0,43,1,2018,0,0,6837,569,0,"$7,719,488.80"
23061,8,0,1,40,2,2019,1,0,5783,104,1,"$2,312,106.90"
10197,7,1,0,16,6,2010,0,0,661,896,0,"$1,025,552.00"
35259,7,0,0,45,9,2013,0,1,8378,877,0,"$3,527,026.30"
7155,6,0,1,56,10,1990,0,0,9507,142,1,"$724,105.00"
9552,1,0,0,4,8,2011,1,1,9676,205,1,"$956,627.10"
6061,2,1,1,22,4,1997,1,0,2559,392,0,"$613,117.70"
9664,4,0,0,94,10,2012,0,1,2551,475,1,"$968,805.20"
34070,7,0,1,75,7,2014,0,1,1439,893,1,"$3,416,611.40"
61445,6,1,0,98,5,1990,1,0,7403,528,0,"$6,157,121.00"
43188,1,0,0,64,9,2016,0,0,1702,712,1,"$4,320,637.60"
98846,5,0,1,96,6,2013,1,0,4958,612,0,"$9,892,058.30"
92292,8,1,1,61,3,1992,0,0,3475,174,1,"$9,238,491.20"
64926,4,1,1,57,5,2009,1,0,9418,238,0,"$6,504,452.90"
25373,9,1,0,32,7,2008,1,0,6935,347,0,"$2,541,919.80"
72859,1,0,0,52,2,2001,1,1,8563,835,0,"$7,289,714.10"
34487,5,1,0,21,5,1998,0,0,2278,860,1,"$3,452,462.80"
29752,2,0,1,25,9,1990,1,1,3953,107,0,"$2,982,668.00"
57203,7,0,0,18,3,1993,0,0,7727,297,1,"$5,722,619.30"
89873,10,1,0,87,10,2021,0,1,9122,834,0,"$8,997,133.10"
33601,9,1,0,70,6,2013,1,1,5469,705,1,"$3,367,765.30"
180,9,0,0,71,2,2020,0,1,8598,268,0,"$19,638.00"
27571,5,0,1,77,1,1998,1,1,5770,565,1,"$2,767,842.80"
18757,1,0,0,80,8,2018,0,1,6397,532,1,"$1,880,601.80"
60734,10,0,0,43,6,2014,0,0,149,847,1,"$6,075,765.40"
50327,4,0,1,8,10,2015,0,0,334,981,1,"$5,036,872.50"
61049,2,0,1,51,1,1996,1,0,6308,829,0,"$6,113,701.60"
92594,8,0,1,27,2,2016,0,1,5612,124,1,"$9,265,539.60"
85772,3,0,0,33,1,2001,0,1,9717,350,1,"$8,579,037.10"
77461,4,1,0,85,10,1996,1,1,2672,109,0,"$7,756,205.60"
91560,4,1,0,34,7,2015,0,0,3411,934,0,"$9,162,963.50"
14536,7,0,1,88,1,1996,0,0,9168,566,1,"$1,464,600.60"
75504,2,1,0,62,1,2020,1,0,3815,968,0,"$7,558,113.00"
24025,10,0,0,71,3,1993,1,1,6503,585,0,"$2,406,060.30"
13760,4,1,0,32,10,2021,0,1,8898,955,1,"$1,382,162.10"
77009,5,1,1,71,5,2002,0,1,4118,499,0,"$7,706,407.20"
91287,3,1,1,39,8,2020,0,0,2840,300,0,"$9,138,828.00"
47722,4,0,0,40,5,2018,1,0,7499,686,1,"$4,774,661.80"
41250,9,0,0,71,6,2019,0,0,6529,463,1,"$4,126,032.90"
44638,1,0,1,8,5,1992,1,0,6730,865,0,"$4,466,312.20"
76640,2,0,0,61,9,2006,1,1,3488,672,1,"$7,669,425.60"
85104,9,0,1,78,10,2005,1,1,173,456,1,"$8,516,196.50"
35647,4,0,0,62,6,2018,1,0,7981,875,1,"$3,567,681.80"
36219,4,1,1,88,6,2003,1,1,5923,408,1,"$3,634,081.30"
80329,7,0,1,74,4,2000,1,1,5652,225,0,"$8,040,769.00"
80958,8,1,0,36,1,1998,0,1,2017,564,1,"$8,098,151.80"
47995,4,0,0,13,2,1991,1,1,411,163,0,"$4,801,423.10"
45690,10,1,0,69,6,1992,0,0,1332,108,0,"$4,578,301.20"
22802,3,0,0,47,4,2021,0,0,5319,222,1,"$2,282,203.10"
63272,2,1,1,98,4,2002,1,0,8593,975,0,"$6,333,289.20"
62137,6,1,0,91,8,2003,0,1,5487,384,1,"$6,220,991.30"
465,7,1,0,71,2,1999,0,1,3053,786,1,"$52,762.90"
58529,4,0,1,80,2,2002,1,1,5836,128,1,"$5,859,182.20"
93440,8,1,0,1,3,1999,0,1,9361,244,0,"$9,347,335.90"
80489,10,0,1,82,3,2002,0,1,3805,867,1,"$8,056,228.20"
29543,10,0,1,92,5,2005,0,0,5932,406,1,"$2,961,309.50"
1102,7,1,0,40,6,2011,0,1,1186,147,0,"$115,594.10"
47649,4,0,0,38,5,2012,1,1,8944,671,0,"$4,766,437.20"
44129,4,0,0,34,7,1999,1,1,3272,700,0,"$4,416,603.90"
90874,4,1,1,23,4,2009,0,1,4206,162,0,"$9,094,822.90"
11027,7,0,0,10,2,2001,1,0,3181,198,1,"$1,103,790.10"
17618,7,0,0,91,2,2014,1,0,701,418,1,"$1,765,108.40"
69182,8,1,0,46,5,2003,1,0,5301,226,1,"$6,925,021.30"
4348,1,0,0,5,8,2018,0,0,3421,496,0,"$435,301.80"
19336,2,0,0,70,6,1996,0,0,6030,734,0,"$1,935,699.60"
82819,4,0,1,86,2,2005,1,0,1630,946,0,"$8,293,339.50"
27265,3,0,0,20,3,2018,0,0,251,676,0,"$2,727,791.80"
26061,6,0,0,27,3,1993,0,0,4049,848,1,"$2,608,428.30"
91482,9,1,0,32,2,2003,1,0,8903,649,0,"$9,153,595.30"
13853,7,0,0,21,2,1991,1,1,9801,356,0,"$1,387,448.10"
16055,1,0,0,72,1,2007,1,0,3049,204,1,"$1,608,022.70"
74175,3,1,0,17,4,1993,1,0,9723,440,0,"$7,421,888.30"
7658,6,0,0,31,8,1996,1,0,1016,402,1,"$767,255.60"
39682,4,0,0,42,5,1990,1,0,4152,878,0,"$3,971,367.00"
11401,3,0,1,10,6,1992,1,0,111,164,1,"$1,144,477.20"
8370,2,0,0,52,6,1990,0,1,4081,844,1,"$842,743.00"
89671,9,0,0,15,5,1994,0,0,9289,583,0,"$8,967,749.40"
66391,7,1,0,94,10,2014,1,1,4667,740,0,"$6,650,282.40"
8139,9,0,1,6,8,2019,1,0,9290,598,0,"$819,245.90"
68180,4,0,1,43,8,2008,1,0,1587,946,0,"$6,824,641.80"
21982,4,1,0,46,6,1994,1,0,5107,998,0,"$2,203,909.40"
54456,6,0,0,31,8,1994,1,1,4412,591,0,"$5,446,902.40"
12198,9,0,1,49,8,1992,1,1,2306,256,1,"$1,228,783.20"
32527,4,0,1,84,2,2013,1,1,1233,689,0,"$3,263,461.30"
10676,1,0,1,97,7,1993,1,1,5735,765,1,"$1,079,940.30"
96433,7,1,1,47,10,2006,0,1,1448,907,1,"$9,650,853.60"
71484,6,0,1,64,2,1995,1,0,7799,832,1,"$7,153,673.50"
99217,2,0,0,34,2,2008,0,1,1642,576,0,"$9,923,434.80"
18523,9,1,0,31,2,2001,0,0,6243,154,1,"$1,860,031.10"
53978,10,0,0,72,3,2012,0,1,9118,668,0,"$5,399,675.20"
67825,5,0,1,9,5,2021,1,0,3764,234,0,"$6,787,554.10"
82292,2,1,1,99,1,1999,1,0,2025,760,1,"$8,242,155.90"
75848,5,1,0,98,5,2017,1,0,5063,776,0,"$7,591,705.70"
97520,2,0,0,13,2,1992,0,0,159,741,1,"$9,752,798.20"
59571,5,0,0,30,8,2016,1,0,9638,799,0,"$5,958,531.60"
35967,6,1,1,60,9,2012,0,0,1499,386,0,"$3,607,974.20"
50614,10,1,0,39,7,1990,1,1,6294,472,1,"$5,066,290.00"
6348,7,0,1,68,1,2002,1,0,4176,602,0,"$640,585.20"
77454,10,1,0,81,10,1996,0,1,8989,710,1,"$7,755,247.60"
91290,8,1,0,61,2,2017,1,0,3886,667,1,"$9,136,100.70"
67226,3,1,0,73,9,2015,0,0,3250,826,0,"$6,733,312.50"
44966,4,1,1,30,3,2009,1,0,3266,551,1,"$4,509,078.90"
45455,6,1,0,67,1,1991,1,0,5671,708,1,"$4,550,968.10"
21671,3,0,0,25,9,2007,0,1,7433,987,0,"$2,168,225.70"
19325,9,0,0,84,8,1999,0,1,8677,991,0,"$1,937,569.90"
55326,9,1,1,84,6,2020,1,1,6655,297,0,"$5,543,245.00"
77197,7,1,0,54,5,1997,0,1,7441,992,0,"$7,728,302.70"
20195,10,0,1,27,4,2011,0,0,6540,718,0,"$2,026,607.10"
89075,2,1,1,34,2,2007,1,0,7392,717,0,"$8,916,325.70"
92412,3,1,1,3,5,1996,1,1,3323,258,0,"$9,247,709.60"
88598,5,0,0,13,3,2015,0,0,7133,761,0,"$8,860,919.50"
72399,7,0,0,88,2,2004,1,0,9440,981,1,"$7,241,380.40"
71236,4,1,0,92,10,2007,1,1,2227,680,1,"$7,129,055.70"
30463,5,1,0,96,10,2008,1,0,6824,146,1,"$3,058,364.80"
35863,5,0,1,39,4,1991,1,1,8356,983,0,"$3,591,772.10"
7486,5,1,0,72,2,1999,0,1,1734,413,0,"$760,180.90"
84740,1,0,1,73,4,1992,0,0,9012,691,1,"$8,482,053.20"
23513,9,0,1,26,5,2015,0,1,1411,880,0,"$2,357,581.50"
46226,8,1,1,81,8,2006,0,1,5465,904,1,"$4,638,847.60"
38742,4,1,0,2,8,1992,1,1,5224,299,1,"$3,878,002.20"
14261,2,1,1,8,3,2003,1,0,9224,502,1,"$1,431,647.30"
81492,9,0,0,61,9,1990,1,0,2038,124,1,"$8,154,513.00"
44475,5,0,1,44,9,1995,0,1,7786,393,0,"$4,452,792.50"
4617,8,0,1,64,7,1995,0,0,8439,507,1,"$466,004.50"
93608,10,0,0,35,2,2000,1,1,5123,990,1,"$9,364,080.00"
98788,9,1,0,25,9,2014,1,0,5205,278,1,"$9,884,496.40"
17085,4,1,1,94,4,2008,1,0,466,846,1,"$1,724,807.80"
92837,9,1,0,8,8,2006,1,1,9339,110,0,"$9,289,481.60"
30136,10,0,1,99,7,2013,1,0,5178,485,1,"$3,018,980.30"
22663,2,0,1,37,1,1998,0,0,6135,462,0,"$2,271,081.80"
36477,1,0,0,21,3,2011,0,0,8563,753,0,"$3,649,873.10"
32294,5,1,1,26,6,1994,0,0,6596,783,1,"$3,237,695.40"
48367,2,0,0,10,7,1991,0,0,9233,713,1,"$4,837,589.10"
27495,2,1,0,26,6,1991,1,1,4614,557,1,"$2,756,763.10"
527,5,1,1,74,2,2002,0,0,3855,178,0,"$67,622.20"
58551,7,0,1,64,9,2020,0,0,3076,683,0,"$5,862,215.00"
7199,6,1,0,87,4,2019,1,1,5916,476,0,"$724,979.90"
30204,7,0,0,4,3,2012,1,0,2939,358,1,"$3,021,287.20"
34210,2,0,1,3,7,1994,1,1,7335,932,1,"$3,425,977.40"
89872,3,1,1,2,9,2007,1,0,6772,424,0,"$8,994,332.70"
28600,6,1,1,88,10,2017,0,1,385,428,1,"$2,869,556.70"
94317,2,0,0,75,10,2018,1,1,8296,176,0,"$9,434,101.80"
59292,7,0,0,3,8,1996,0,0,5662,387,0,"$5,929,920.60"
18747,8,1,0,71,5,2013,0,1,2543,485,0,"$1,883,573.30"
939,3,1,0,60,1,1997,0,1,9069,817,0,"$98,229.70"
26090,5,1,0,78,1,1995,1,0,206,910,0,"$2,613,900.50"
37424,10,1,0,62,7,2000,1,1,185,885,0,"$3,750,232.00"
31040,9,1,0,9,10,2003,1,1,8377,343,1,"$3,108,830.30"
41661,8,0,1,58,6,2008,0,1,6948,726,1,"$4,172,132.80"
9601,7,0,0,83,9,2016,0,1,3579,740,1,"$963,424.60"
30736,6,1,0,31,7,2014,0,0,9349,294,0,"$3,078,402.40"
65870,4,0,0,89,9,2020,0,1,6604,765,0,"$6,594,705.00"
74907,1,0,1,27,7,2009,1,1,6664,515,1,"$7,494,845.90"
19812,9,0,0,47,3,1998,0,0,4621,341,0,"$1,983,779.80"
50707,8,1,0,71,1,2000,1,1,2882,832,0,"$5,081,669.00"
40282,7,0,0,39,5,1998,1,0,8380,558,1,"$4,029,489.80"
41739,9,0,1,42,5,2017,1,0,4132,704,0,"$4,180,917.70"
53243,1,1,1,2,8,2006,1,0,3908,429,0,"$5,330,973.60"
38633,9,1,1,2,5,2014,0,1,9305,905,0,"$3,868,669.40"
57886,10,1,1,47,5,2020,0,1,7208,289,1,"$5,798,125.00"
5177,9,1,0,76,6,2013,0,1,575,248,1,"$523,333.30"
38392,9,0,0,41,3,1999,1,1,384,307,0,"$3,840,837.90"
1405,1,0,1,69,8,2009,0,0,2450,225,1,"$148,540.90"
10727,8,0,0,46,7,1995,1,1,8648,802,0,"$1,077,355.50"
53852,5,0,1,71,1,1996,1,0,1538,724,0,"$5,388,256.60"
21413,1,1,0,74,6,1993,0,0,5437,413,1,"$2,149,706.30"
3587,6,1,1,51,3,1991,1,1,6271,392,0,"$367,846.10"
73878,3,1,1,70,4,2013,0,0,7849,208,1,"$7,399,649.30"
14859,7,1,1,75,4,2020,1,0,7623,658,0,"$1,499,598.00"
65107,1,1,1,28,6,2001,1,0,4522,263,1,"$6,518,542.10"
16388,9,1,1,53,7,1998,1,1,5513,813,1,"$1,647,875.80"
41431,2,1,0,18,10,1996,1,0,3138,935,0,"$4,149,160.60"
8698,7,1,1,83,1,2000,1,1,4811,290,1,"$880,449.00"
66442,1,0,1,52,7,2015,0,0,8747,884,0,"$6,650,604.50"
12968,1,1,0,71,9,2005,0,0,7147,343,0,"$1,303,596.50"
49274,9,0,0,44,5,2006,1,0,1721,201,0,"$4,932,274.60"
84612,10,0,1,50,9,2001,0,1,5327,424,0,"$8,466,374.10"
48736,5,1,1,89,3,2014,0,0,167,139,0,"$4,885,719.40"
4167,5,0,1,33,1,2007,1,1,8886,423,0,"$422,514.70"
62601,5,0,0,53,10,1990,1,1,6428,893,0,"$6,263,982.00"
68824,1,1,0,73,9,2010,1,1,393,449,1,"$6,892,716.00"
36842,5,1,0,65,5,1991,1,1,1706,925,1,"$3,689,692.10"
17585,1,0,1,88,6,2017,1,0,8564,324,0,"$1,762,749.70"
7139,2,1,1,65,3,1998,1,0,6636,313,0,"$724,579.80"
23147,9,0,0,67,2,2015,0,0,8482,210,0,"$2,316,843.50"
84182,2,1,1,49,4,2000,0,0,6507,587,0,"$8,429,665.00"
61995,8,1,0,98,6,2013,1,0,7239,867,0,"$6,208,532.30"
6575,5,0,0,55,4,2013,0,0,2209,884,1,"$661,451.30"
2638,6,0,1,44,9,2012,0,1,1987,597,0,"$271,564.20"
23987,1,0,0,23,2,2014,1,1,8434,809,0,"$2,399,604.40"
15769,4,0,0,34,2,2010,0,0,2420,423,1,"$1,579,069.00"
4276,6,1,1,91,10,2014,0,1,4474,740,1,"$440,518.40"
98566,3,1,1,83,7,1996,0,1,5370,473,1,"$9,871,617.60"
35745,7,1,0,70,5,1996,1,0,1198,532,1,"$3,580,358.60"
63825,2,0,0,82,10,1991,0,0,8446,937,1,"$6,384,963.10"
93508,3,1,0,60,7,2002,1,0,6950,169,0,"$9,357,738.20"
1753,6,0,0,97,5,2019,1,1,5665,866,1,"$182,644.90"
50019,1,0,1,98,4,2002,1,0,1539,645,1,"$5,009,275.20"
82325,1,1,1,2,5,2007,0,1,3707,518,1,"$8,241,164.70"
34403,1,0,0,26,7,2016,0,0,7710,753,1,"$3,441,145.60"
88240,1,0,1,41,10,1998,1,1,4460,125,1,"$8,830,770.80"
43759,1,1,1,35,1,1999,1,0,3232,335,1,"$4,384,655.90"
2111,10,1,0,60,1,1994,1,1,5773,236,1,"$216,518.40"
50799,4,0,0,12,5,2017,0,0,5561,764,0,"$5,080,967.70"
24559,10,1,0,60,5,2020,0,0,4962,273,0,"$2,459,871.00"
22422,6,1,0,84,8,1999,1,1,1457,374,0,"$2,252,826.90"
52599,1,0,1,72,9,2015,1,0,6889,393,0,"$5,266,896.50"
32472,6,1,0,84,1,2020,1,1,4153,142,1,"$3,252,820.00"
10931,3,0,1,29,1,2015,1,1,8272,259,1,"$1,098,819.50"
15434,9,0,1,67,2,1995,0,0,4437,130,1,"$1,547,287.50"
56546,5,0,1,75,10,2002,0,1,9104,351,1,"$5,659,030.20"
11922,6,1,1,96,6,2019,1,1,6148,908,0,"$1,202,680.90"
93733,5,1,1,4,8,1993,0,1,4804,701,0,"$9,378,278.30"
72636,1,1,1,56,7,1990,1,1,3829,731,1,"$7,271,337.00"
19793,1,1,1,56,4,1997,0,1,9523,178,0,"$1,988,236.70"
75334,10,0,0,5,2,2006,0,1,8790,562,1,"$7,534,445.60"
20854,8,1,0,59,10,2009,1,1,6709,709,0,"$2,093,083.90"
9126,8,0,0,96,1,2013,0,0,8449,655,0,"$918,377.30"
73441,5,1,1,82,2,2014,1,0,8391,565,1,"$7,352,484.40"
88646,9,0,1,62,6,2007,0,0,1153,417,1,"$8,870,135.70"
1392,3,1,0,8,7,1990,1,1,5500,185,1,"$143,541.00"
96455,1,0,0,63,1,1999,0,1,5328,137,0,"$9,649,451.90"
36417,10,1,1,10,8,1997,0,1,6524,246,0,"$3,645,546.70"
42688,6,1,0,79,2,2011,1,0,1129,493,0,"$4,280,627.10"
36468,6,0,0,65,3,2021,1,0,7987,723,1,"$3,652,217.10"
49940,5,0,1,86,6,2001,1,0,4074,409,1,"$5,005,731.10"
28924,3,1,0,36,3,1992,1,1,9545,945,0,"$2,895,663.20"
55858,4,0,1,18,7,1999,0,1,8084,320,0,"$5,591,888.90"
97704,10,1,0,9,1,2002,0,1,2824,925,1,"$9,774,003.20"
79171,6,1,1,41,6,1996,1,0,6375,432,1,"$7,926,950.60"
17434,8,1,1,24,10,1993,0,0,4196,618,1,"$1,751,426.30"
87587,5,1,0,55,8,2012,0,0,3425,139,1,"$8,763,935.20"
16727,2,0,1,60,9,2003,1,1,4190,538,1,"$1,681,450.30"
2813,10,0,0,41,9,2011,1,1,9526,490,1,"$284,702.10"
99031,8,1,0,13,2,2001,0,0,1396,339,1,"$9,908,496.10"
70681,10,0,0,26,7,1994,1,1,7807,404,1,"$7,069,493.40"
80697,8,0,0,90,4,2003,1,0,6193,570,1,"$8,078,150.30"
36268,7,0,1,36,10,1993,1,1,2822,357,1,"$3,631,024.30"
78115,4,0,0,14,5,1991,0,1,5121,568,1,"$7,812,679.10"
13929,5,0,1,77,7,2001,1,0,2840,813,0,"$1,400,300.10"
2624,5,0,1,26,8,2015,1,0,4370,595,1,"$268,725.50"
5630,10,1,1,66,4,2013,0,0,9344,747,0,"$574,843.30"
28579,6,0,1,63,9,2015,0,1,714,822,1,"$2,866,447.50"
4638,9,0,1,61,1,2004,0,0,4892,452,1,"$471,304.40"
86916,4,1,0,85,1,1997,0,0,3086,406,0,"$8,696,846.70"
31066,2,0,0,22,8,2009,1,1,5243,209,0,"$3,108,946.90"
78946,5,1,0,76,9,2005,0,0,9835,285,1,"$7,900,382.50"
51408,3,0,0,84,10,2017,0,0,7578,614,0,"$5,148,173.70"
63315,1,0,0,24,9,2010,1,0,4347,544,1,"$6,333,065.00"
32130,8,0,1,55,1,2004,1,1,2001,944,0,"$3,217,288.40"
533,2,1,0,81,5,1994,0,1,2566,613,1,"$62,166.40"
32979,4,1,1,55,10,1991,1,1,8783,824,1,"$3,307,651.10"
18545,8,1,0,85,2,2004,1,1,5716,579,1,"$1,865,230.40"
73591,3,0,1,2,6,2020,0,1,3338,385,0,"$7,363,024.00"
48045,9,1,1,73,8,2008,0,0,8975,760,1,"$4,816,515.80"
80686,6,0,1,9,7,2008,1,1,2416,645,0,"$8,071,938.80"
89991,3,0,0,36,4,2015,0,1,7757,603,0,"$9,002,207.50"
79229,4,0,0,89,1,1990,0,1,7538,134,1,"$7,930,035.00"
87678,10,1,0,91,4,2000,0,0,3830,818,1,"$8,772,251.00"
98661,3,0,1,31,3,2016,1,0,5662,878,1,"$9,870,323.60"
83750,5,0,0,60,1,1990,0,0,2192,768,1,"$8,378,829.00"
97550,10,1,1,70,5,1996,0,0,8595,339,1,"$9,765,889.60"
43400,10,1,1,72,9,2014,0,0,2849,331,1,"$4,350,109.40"
30468,1,0,0,23,3,1994,1,1,5331,903,0,"$3,049,485.40"
14692,3,1,0,70,4,1990,1,0,3580,666,1,"$1,477,101.00"
23106,1,0,0,4,9,1999,1,1,6320,742,0,"$2,311,601.90"
60287,10,0,1,27,1,1996,1,1,4744,228,1,"$6,036,180.60"
71787,10,1,0,16,3,2008,0,1,2080,289,1,"$7,182,473.80"
15839,2,1,0,72,1,2010,1,0,4655,255,0,"$1,591,526.00"
68522,7,0,0,53,1,1998,0,1,6434,956,1,"$6,853,535.80"
17818,3,0,1,40,3,2011,1,1,2764,268,1,"$1,787,351.10"
94186,6,0,0,61,5,2012,0,1,1610,707,0,"$9,424,530.20"
92033,9,1,1,7,7,2019,0,0,7109,745,0,"$9,207,595.90"
29600,5,1,0,78,6,2012,0,0,4380,317,0,"$2,969,388.20"
83260,6,1,0,29,9,2005,1,1,7512,308,1,"$8,331,439.50"
53904,4,0,0,8,7,2017,1,1,7053,793,0,"$5,391,993.70"
47691,8,1,0,48,8,2015,1,0,8618,581,1,"$4,776,385.50"
40196,9,1,0,8,9,1998,1,1,283,991,1,"$4,023,335.80"
42035,3,1,1,74,7,2004,1,0,5518,803,0,"$4,216,631.40"
37560,4,0,1,28,5,2015,0,1,6698,791,0,"$3,762,350.50"
29278,5,1,1,45,9,2020,0,1,19,387,1,"$2,935,308.00"
96803,7,0,0,31,6,2016,1,0,1661,629,1,"$9,683,741.60"
20067,7,1,0,78,9,2013,1,0,5221,245,1,"$2,010,324.30"
52638,10,1,1,69,2,2018,0,0,469,245,0,"$5,276,387.80"
47252,1,0,0,17,3,1999,1,1,7805,427,1,"$4,726,810.90"
7515,10,0,0,11,10,2010,1,1,3443,208,0,"$752,692.00"
84630,6,0,0,18,5,1997,0,0,5163,428,1,"$8,464,747.70"
72150,5,1,0,87,1,2018,0,0,7663,364,0,"$7,223,417.80"
76956,5,0,1,54,8,2015,1,0,4462,630,0,"$7,699,229.50"
6885,2,1,0,50,5,2019,1,0,1485,247,1,"$692,409.90"
8188,5,0,1,51,8,2004,0,1,8466,526,0,"$825,389.40"
46785,7,0,1,72,6,1997,0,1,6454,341,0,"$4,687,315.70"
40737,5,0,0,94,8,2012,0,0,924,270,0,"$4,076,965.20"
51242,8,1,1,60,6,1991,1,1,2551,731,0,"$5,133,121.10"
35691,6,0,1,94,9,2012,1,1,6126,277,0,"$3,577,017.20"
98705,4,1,1,22,10,2001,1,0,2364,106,1,"$9,874,587.10"
25831,4,1,1,89,7,1995,0,1,1220,260,1,"$2,597,123.50"
76174,2,1,1,34,7,1997,1,1,1767,297,1,"$7,628,022.70"
61734,1,1,0,79,1,1994,0,0,3764,484,1,"$6,180,305.40"
53424,6,0,0,25,2,1999,1,0,5901,202,0,"$5,343,224.90"
23754,7,0,0,63,7,2017,0,0,3497,166,1,"$2,379,379.70"
24396,8,0,0,48,1,1995,1,0,6241,513,0,"$2,445,049.50"
80349,3,1,0,30,4,2003,1,1,6320,419,0,"$8,042,314.30"
79583,7,1,1,26,9,2010,0,0,5971,945,0,"$7,966,719.00"
73863,7,1,1,93,7,2002,1,1,401,194,1,"$7,397,144.20"
37195,9,1,0,34,9,2013,1,0,9468,1000,0,"$3,724,125.30"
51058,9,0,1,26,4,2009,1,1,7111,676,0,"$5,109,865.90"
9705,2,0,0,50,3,1999,1,1,6738,218,0,"$975,399.90"
67558,9,1,1,59,7,1993,0,0,2442,207,1,"$6,766,804.30"
21667,10,1,1,53,4,2017,1,0,9087,914,0,"$2,175,975.70"
39654,8,0,1,57,4,2007,0,1,9685,788,0,"$3,970,955.70"
9372,5,0,0,17,9,2006,0,0,4555,715,1,"$938,856.60"
53448,5,1,1,65,4,1993,1,1,4103,753,0,"$5,354,891.30"
43998,7,1,1,40,2,2002,0,0,5418,770,0,"$4,406,193.20"
92326,6,1,1,38,8,2017,1,1,764,913,0,"$9,239,788.70"
80678,4,1,1,34,7,1992,0,0,6074,697,1,"$8,073,048.20"
34060,4,1,1,6,7,1998,0,1,7188,962,1,"$3,414,055.80"
83173,3,0,0,56,1,2008,1,1,3794,959,1,"$8,322,256.80"
58698,9,1,0,64,5,1991,1,0,7763,573,0,"$5,876,589.10"
72343,3,1,0,69,5,1996,1,0,706,415,1,"$7,242,431.60"
74922,9,1,1,1,5,1997,0,1,3368,574,1,"$7,500,490.70"
19528,1,1,1,67,1,2003,0,1,7077,699,1,"$1,962,530.30"
42969,10,0,0,65,10,2014,0,0,5637,400,1,"$4,301,496.40"
68028,9,1,1,81,8,1995,0,1,6609,990,1,"$6,810,499.50"
8676,10,0,0,86,9,2003,1,0,5122,453,0,"$873,296.30"
61140,8,0,1,56,8,1998,1,1,4298,358,0,"$6,120,785.80"
3041,8,0,0,18,5,1993,1,0,516,410,1,"$306,019.30"
31231,9,0,1,72,3,1992,1,1,6499,115,0,"$3,132,434.20"
47315,5,1,1,100,5,1991,1,0,8499,212,0,"$4,744,142.10"
92963,7,0,1,91,2,2021,0,1,6285,516,0,"$9,309,080.10"
22714,3,0,0,48,2,2009,1,1,6891,439,1,"$2,276,626.90"
94062,9,0,1,45,2,2000,0,0,6493,727,0,"$9,410,749.00"
23248,10,1,1,20,10,1993,1,0,9164,855,0,"$2,331,235.30"
51308,4,1,0,18,10,2018,1,1,6573,735,0,"$5,134,188.80"
69867,10,1,1,89,10,1991,0,0,9491,861,0,"$6,997,995.10"
75211,9,1,0,92,4,2016,0,1,3002,952,0,"$7,528,953.60"
71008,2,0,0,42,9,2007,0,1,4727,246,0,"$7,104,062.70"
85766,4,0,0,18,1,2007,0,1,1239,281,0,"$8,578,114.70"
44561,3,0,0,72,6,2002,1,1,1783,774,1,"$4,460,766.20"
14954,9,1,0,70,2,2002,1,0,5282,251,0,"$1,505,542.20"
72194,9,0,0,37,1,1992,0,1,9997,894,0,"$7,222,517.20"
71931,8,1,0,54,1,2012,1,0,6633,841,0,"$7,200,839.20"
98946,7,0,1,18,3,1997,0,1,792,663,0,"$9,901,008.70"
42708,4,1,0,66,8,1992,0,0,7822,214,1,"$4,277,753.20"
16037,8,0,0,19,1,2009,1,0,6341,299,1,"$1,605,352.90"
19510,9,1,1,97,5,2008,0,1,8509,274,1,"$1,960,391.80"
47783,4,1,0,39,7,1994,1,0,8626,481,0,"$4,786,040.40"
12430,9,1,1,4,6,1997,0,0,6810,582,1,"$1,250,208.70"
40439,8,0,0,20,4,1991,0,1,2494,732,1,"$4,045,359.10"
95889,6,0,0,28,5,1998,1,0,9564,982,0,"$9,590,909.80"
77174,5,0,1,23,4,2012,1,1,4040,514,0,"$7,719,743.20"
40184,3,1,0,74,8,2005,1,0,9429,454,0,"$4,025,868.50"
37534,8,1,1,64,2,2016,1,1,4916,185,0,"$3,763,767.60"
43585,1,1,0,52,5,2020,0,1,6114,521,0,"$4,364,529.00"
38935,5,1,0,98,5,2014,1,0,3246,220,0,"$3,900,522.40"
59918,2,0,1,97,4,2010,0,0,186,645,0,"$6,000,859.00"
68723,1,0,0,8,6,2005,1,1,9723,564,0,"$6,873,850.50"
32721,7,1,0,76,4,1991,1,1,1877,169,0,"$3,275,735.10"
64674,1,1,0,17,9,1992,1,0,7818,828,0,"$6,472,604.20"
86022,6,1,1,35,3,2008,1,1,4260,970,1,"$8,609,199.80"
63737,3,1,0,95,9,2014,0,0,8882,515,0,"$6,387,164.40"
5322,7,1,0,98,6,1993,1,0,7013,260,0,"$541,599.30"
63871,8,1,0,91,1,2005,0,0,6608,752,0,"$6,397,636.50"
65560,6,1,1,25,4,2003,0,0,4099,936,0,"$6,563,603.30"
89,7,0,0,72,4,1995,0,1,3114,264,1,"$10,313.50"
71024,5,1,1,85,5,1992,0,1,8673,113,1,"$7,112,979.20"
71040,6,1,1,18,7,1996,1,1,5402,238,0,"$7,108,408.60"
50650,4,1,1,25,6,2015,0,0,5656,294,0,"$5,074,074.50"
66759,7,1,1,64,10,1996,1,0,8973,841,1,"$6,683,970.60"
98514,7,0,1,55,9,2000,0,0,8094,277,1,"$9,855,635.00"
7312,7,1,1,14,10,2016,0,0,71,403,1,"$737,475.60"
2676,8,1,1,32,4,1995,1,1,8067,126,0,"$277,181.50"
60763,3,1,0,36,4,1992,1,0,3271,446,0,"$6,079,816.20"
49904,10,0,0,90,9,2014,1,0,8810,431,0,"$4,998,671.40"
54907,9,0,0,64,8,2002,1,1,5840,863,0,"$5,496,088.20"
3709,5,1,0,5,3,2004,0,1,2201,590,1,"$375,675.40"
26117,7,1,0,27,10,1993,0,0,6582,130,1,"$2,617,456.30"
8626,7,0,0,14,4,1994,1,0,5740,249,1,"$863,829.40"
74079,1,0,1,28,4,2002,1,1,695,853,0,"$7,412,552.20"
27810,5,1,1,47,5,1992,1,1,7025,222,1,"$2,792,637.20"
40638,10,0,0,31,10,1997,0,1,8643,950,0,"$4,064,776.70"
60063,8,1,0,36,4,1995,1,0,1596,875,0,"$6,010,731.50"
93811,6,1,1,2,8,2020,1,1,16,456,1,"$9,385,931.00"
12555,7,1,1,55,7,1993,1,1,123,310,1,"$1,265,496.30"
30862,9,0,1,97,4,1998,1,1,6202,934,1,"$3,092,729.80"
36334,7,1,1,13,10,2007,0,1,150,468,0,"$3,640,478.70"
86087,3,0,0,28,10,1997,1,0,3735,127,1,"$8,609,947.70"
69567,4,0,1,23,5,2003,1,1,8195,117,0,"$6,962,236.30"
18785,6,0,1,50,1,1994,1,0,324,117,0,"$1,885,931.40"
20660,9,1,0,66,9,2003,1,0,5338,699,1,"$2,072,127.30"
62277,7,1,1,59,6,2019,1,0,7920,392,1,"$6,236,152.90"
46917,9,0,1,88,5,1998,1,0,3065,598,0,"$4,701,755.80"
30248,3,0,1,95,4,2014,1,1,7255,676,1,"$3,028,964.40"
50102,2,1,0,37,2,2015,1,0,1738,880,0,"$5,014,163.50"
45149,5,0,0,76,2,2001,1,1,9113,866,0,"$4,522,816.10"
30603,10,1,1,77,5,1991,0,1,8732,893,1,"$3,071,424.10"
79214,7,0,0,9,6,1994,1,0,7624,945,0,"$7,922,328.40"
62718,7,0,0,56,1,1999,0,1,3758,459,1,"$6,275,591.90"
27281,2,0,0,61,5,1994,1,0,4939,897,0,"$2,731,771.40"
41418,2,0,0,55,9,2004,0,1,4988,373,0,"$4,145,160.40"
97489,8,0,1,58,10,2015,1,1,7803,194,1,"$9,753,797.50"
51812,8,1,1,55,1,2018,1,0,9444,763,1,"$5,192,250.80"
34498,4,0,0,87,6,2008,0,0,1821,820,0,"$3,458,156.80"
95097,7,1,0,47,8,1995,1,1,5643,626,0,"$9,513,855.50"
44251,4,0,1,48,9,2007,0,0,7723,256,0,"$4,434,233.70"
29878,4,1,0,51,4,1994,1,0,9298,443,0,"$2,992,696.40"
18221,1,1,0,94,4,2004,1,0,746,335,0,"$1,831,310.40"
62028,9,0,1,64,7,1993,0,1,6994,333,0,"$6,205,630.30"
47413,8,0,1,60,5,2015,1,1,5663,676,0,"$4,748,923.50"
70277,7,0,1,82,6,2019,0,0,9819,659,1,"$7,035,192.90"
98234,1,1,0,57,4,2003,1,0,1107,253,0,"$9,831,396.30"
49488,6,0,0,79,6,2021,0,0,4056,869,0,"$4,954,300.10"
12921,9,0,1,94,8,2017,1,0,4426,944,1,"$1,302,243.70"
51232,9,0,1,55,5,2020,0,0,3074,527,0,"$5,128,074.00"
23860,2,1,1,3,4,2017,0,0,8995,648,0,"$2,394,379.70"
52746,8,0,0,14,2,2003,1,1,8309,832,0,"$5,276,308.30"
45016,1,0,0,75,3,1994,1,1,2134,148,1,"$4,506,049.40"
93112,5,1,0,17,10,1993,0,0,88,390,1,"$9,317,076.30"
74137,5,0,0,80,8,1991,1,1,373,305,0,"$7,418,469.10"
78958,10,0,0,82,2,1994,1,1,3862,810,1,"$7,902,699.40"
20365,3,0,0,62,1,2011,1,0,8154,534,0,"$2,041,739.10"
20580,1,1,0,82,5,1993,1,0,9534,141,1,"$2,067,748.30"
55956,9,1,1,7,1,2020,1,1,7207,971,0,"$5,606,444.00"
17966,6,0,1,18,2,1999,1,0,8922,874,0,"$1,799,688.90"
87788,9,1,0,58,3,2009,0,1,8015,635,0,"$8,784,201.90"
1702,6,1,0,17,7,2018,1,1,2647,550,0,"$174,792.80"
70033,8,0,1,56,5,2013,0,0,730,373,1,"$7,009,642.30"
921,7,0,1,89,1,1997,1,1,4110,737,1,"$105,739.70"
15859,7,0,1,8,7,2020,1,0,7327,174,0,"$1,588,729.00"
95561,7,1,0,66,9,2015,0,0,9245,582,1,"$9,561,422.50"
77467,9,0,1,55,9,2010,0,1,7174,933,0,"$7,752,514.00"
10380,5,1,1,40,5,2011,0,1,2333,593,0,"$1,049,793.10"
60506,9,1,0,77,9,2020,1,0,4874,336,1,"$6,059,753.00"
78859,4,1,0,93,3,2015,0,1,6650,240,0,"$7,894,713.50"
97590,3,1,0,46,2,2015,1,0,3855,946,1,"$9,765,039.50"
87908,6,1,0,20,7,2009,0,0,7461,719,1,"$8,797,156.90"
2141,3,0,0,82,5,2009,1,1,8405,570,0,"$223,018.90"
78806,2,1,0,38,6,2001,0,1,1527,902,0,"$7,886,035.10"
92074,4,1,1,16,2,1993,0,1,1993,662,0,"$9,214,730.30"
9494,1,1,1,49,4,2013,0,0,5051,267,1,"$958,561.30"
24681,2,1,1,27,1,2008,1,0,2785,472,0,"$2,475,750.80"
79491,3,0,0,70,3,1994,1,0,1725,491,0,"$7,951,459.40"
42904,10,0,1,76,5,1997,0,0,4896,395,1,"$4,298,883.70"
9803,8,1,1,92,7,2018,0,1,4976,851,1,"$998,783.80"
31854,9,1,0,54,9,2020,0,0,8979,470,1,"$3,191,069.00"
93706,6,0,0,59,6,1999,1,1,688,542,0,"$9,376,364.90"
69157,3,1,1,83,5,2007,1,1,7233,821,1,"$6,926,892.70"
26390,1,1,0,11,8,1992,0,1,9319,554,0,"$2,644,436.20"
25460,4,0,1,92,6,1996,1,0,6063,976,1,"$2,554,354.60"
70989,6,1,1,82,9,1994,1,1,6131,288,1,"$7,113,295.40"
61387,1,0,0,52,1,2007,1,1,2078,908,0,"$6,140,746.70"
99564,5,1,1,30,5,2012,1,1,981,368,1,"$9,965,822.20"
12992,5,1,1,5,4,1990,1,1,777,846,0,"$1,303,106.00"
48887,4,1,1,89,6,2006,1,0,4407,868,1,"$4,906,647.60"
33433,8,1,0,96,8,2009,1,0,1746,908,0,"$3,352,624.90"
84235,7,0,0,74,9,2004,1,0,2634,439,1,"$8,431,030.40"
78506,6,1,1,84,10,1996,0,0,4499,756,0,"$7,864,283.60"
43788,3,1,1,82,1,2011,0,1,885,601,1,"$4,391,540.10"
58612,4,1,1,75,2,2021,1,1,9112,698,0,"$5,872,861.10"
96498,10,0,0,10,7,2007,0,1,8566,703,0,"$9,651,440.70"
15075,10,1,1,75,8,2012,1,0,2223,503,0,"$1,516,872.20"
1693,2,1,0,65,9,2001,1,0,8472,601,0,"$175,018.10"
77296,8,1,0,11,5,1998,0,0,5989,674,0,"$7,735,727.80"
15148,2,0,0,11,3,1997,0,1,9433,847,0,"$1,515,878.70"
95065,5,1,1,49,8,2009,1,1,4949,421,0,"$9,516,892.90"
81591,10,0,0,22,9,1996,0,1,2289,847,1,"$8,160,895.60"
41276,8,1,1,66,7,1992,0,1,7369,393,0,"$4,136,486.20"
50340,10,1,1,10,6,2005,1,0,8228,600,1,"$5,040,333.50"
93615,6,1,0,41,2,1995,0,1,9355,792,0,"$9,368,510.50"
8009,9,1,1,88,7,2008,1,1,3178,917,1,"$810,890.80"
32044,2,0,0,16,8,2010,1,0,4205,884,1,"$3,205,557.00"
48067,5,1,0,83,9,2009,1,0,168,636,1,"$4,818,874.90"
40884,7,0,1,98,1,2021,0,0,9604,800,0,"$4,100,865.10"
58617,4,1,1,24,5,1993,0,1,1706,125,1,"$5,868,891.30"
62572,2,0,1,28,8,2006,1,0,6158,487,1,"$6,262,774.60"
58637,7,1,1,36,2,1999,1,1,7265,919,1,"$5,874,640.90"
16241,4,1,0,93,9,2011,1,1,1566,206,1,"$1,632,003.10"
43658,2,1,0,74,2,1998,1,1,3714,878,1,"$4,376,638.80"
46658,4,0,1,60,3,1996,0,0,3637,892,0,"$4,673,368.60"
13732,4,1,1,68,7,2020,1,1,3579,638,1,"$1,384,625.00"
71701,6,0,0,6,8,2006,0,0,9758,122,0,"$7,171,334.60"
98644,1,0,0,33,3,2012,0,0,8522,142,1,"$9,865,826.20"
67917,9,0,1,97,3,1995,1,0,9895,955,1,"$6,801,741.50"
59308,3,1,1,24,10,2014,0,1,8363,767,1,"$5,940,512.40"
7141,3,1,0,83,7,2009,1,1,2878,778,0,"$726,445.90"
76647,3,1,1,51,2,1993,1,0,9871,919,0,"$7,670,985.30"
37425,7,0,1,97,3,2015,0,0,2837,737,1,"$3,753,888.50"
34728,3,1,0,59,10,2019,1,1,1757,892,1,"$3,480,487.90"
74054,1,0,0,20,4,2019,1,1,9263,424,0,"$7,406,911.90"
19637,9,1,1,81,6,2004,0,1,8255,912,0,"$1,975,440.40"
32765,4,0,1,97,8,2013,0,0,890,285,0,"$3,282,762.30"
26539,4,1,0,88,4,1996,1,0,8833,628,1,"$2,661,555.60"
49426,3,1,0,97,3,2021,0,0,1448,867,0,"$4,954,416.10"
90665,2,1,1,100,9,2005,1,1,9168,892,0,"$9,077,965.50"
62672,5,1,0,17,2,1990,0,1,3945,602,0,"$6,271,020.00"
77567,6,0,0,99,3,2016,1,0,7897,310,0,"$7,764,676.60"
38432,1,0,1,61,4,2019,0,1,6068,324,1,"$3,853,375.90"
47312,6,0,0,52,10,2002,1,1,2161,502,0,"$4,736,992.20"
82827,2,0,0,46,8,1991,0,1,3313,602,0,"$8,287,639.10"
41343,7,0,0,60,10,1991,0,1,8819,860,0,"$4,136,639.10"
81060,8,1,1,15,2,2002,1,0,5925,342,1,"$8,113,575.20"
80466,8,0,0,72,5,1992,0,1,8154,865,1,"$8,048,185.20"
75631,2,0,1,75,2,2007,1,0,8978,821,1,"$7,570,003.70"
85757,5,1,0,99,4,2009,0,0,6650,367,1,"$8,588,192.90"
97551,9,1,1,96,2,2004,0,1,5170,701,1,"$9,764,568.40"
12902,4,0,0,98,6,2013,1,1,2258,448,0,"$1,296,931.30"
75132,7,1,1,89,10,2006,1,1,5778,321,0,"$7,522,620.60"
63657,1,0,0,51,10,2020,0,1,2036,430,0,"$6,367,982.00"
69943,1,0,1,56,5,2003,1,0,2072,854,1,"$7,003,755.30"
5216,1,1,0,61,5,2004,0,1,707,209,1,"$527,493.40"
163,10,0,0,83,6,1995,0,1,2675,724,1,"$19,788.50"
70416,6,0,0,67,10,2018,0,1,2198,926,1,"$7,043,322.80"
2799,4,1,0,29,9,2015,0,1,4772,254,1,"$285,666.50"
91702,9,0,0,83,1,2013,0,1,4560,604,0,"$9,172,843.30"
42051,6,1,0,65,5,2004,1,0,32,928,0,"$4,215,456.40"
25850,9,1,0,7,8,2007,0,1,7208,704,1,"$2,590,126.70"
64298,5,1,0,3,8,1999,1,0,8953,400,0,"$6,435,291.90"
73318,8,1,0,56,2,1991,1,1,3523,949,1,"$7,335,990.10"
21558,9,0,0,3,10,1994,0,1,4900,159,1,"$2,156,397.40"
98785,7,1,0,86,6,2000,1,1,8019,308,0,"$9,883,851.00"
60003,3,0,1,36,7,2020,0,1,3342,269,1,"$6,006,445.00"
16839,2,1,0,75,5,1997,0,1,7765,955,1,"$1,692,521.70"
72281,1,1,0,84,10,2010,0,1,6225,966,1,"$7,239,761.00"
64859,4,1,1,85,9,2001,1,1,4839,561,0,"$6,495,320.10"
90229,10,1,0,41,3,1997,0,0,6428,795,0,"$9,031,500.70"
82202,6,1,1,8,7,2003,1,1,9681,648,0,"$8,225,531.30"
83238,1,1,1,52,10,2006,0,0,4730,649,0,"$8,334,828.60"
99058,10,0,0,76,6,1993,1,1,5627,452,0,"$9,909,863.30"
53753,5,1,1,30,9,2008,0,1,4438,352,0,"$5,383,162.80"
1160,1,0,1,63,3,1993,0,0,7901,337,1,"$122,122.30"
30742,2,1,0,46,6,2002,0,0,4559,750,0,"$3,079,481.20"
58118,9,1,1,25,5,2003,0,0,273,307,1,"$5,817,507.30"
2473,1,0,1,62,9,1999,1,0,7789,236,0,"$252,875.90"
45992,6,1,0,6,4,2009,0,1,5123,821,1,"$4,602,074.90"
50253,9,1,0,5,2,2012,0,0,6220,208,1,"$5,030,780.20"
77604,8,0,0,80,10,2003,0,1,762,626,0,"$7,762,930.30"
46945,1,0,0,69,4,2005,1,1,2297,708,1,"$4,702,331.50"
59413,9,0,0,6,4,1990,0,1,4602,520,1,"$5,942,121.00"
56073,3,0,0,10,10,2011,0,1,3613,596,1,"$5,608,291.10"
41095,10,0,1,87,9,2019,1,0,4152,494,1,"$4,117,734.90"
32954,6,0,0,27,10,1997,0,1,511,253,1,"$3,297,491.70"
74591,10,1,1,20,8,2009,1,0,616,479,1,"$7,469,587.90"
38336,9,1,1,38,5,1996,1,1,855,863,1,"$3,843,621.60"
42586,4,1,1,67,3,2014,1,0,5326,394,0,"$4,267,956.40"
31820,9,0,1,14,5,2006,1,0,475,606,1,"$3,185,287.60"
52649,5,0,1,85,7,1996,0,1,4763,833,0,"$5,274,558.60"
64179,1,0,1,50,10,2016,1,0,7967,955,1,"$6,422,934.60"
20222,9,1,1,16,4,2006,0,1,7966,370,0,"$2,030,464.60"
25251,7,0,0,96,8,2015,0,1,8849,523,1,"$2,527,049.50"
94486,3,0,0,91,5,1992,0,1,8821,526,1,"$9,455,619.20"
89724,1,1,1,79,4,2009,0,0,4737,734,0,"$8,985,657.90"
58626,9,0,0,20,3,2015,0,0,9372,226,1,"$5,864,831.50"
58652,8,0,1,35,7,2000,0,1,2405,224,1,"$5,870,251.00"
47654,8,1,1,97,2,2013,0,1,5377,312,0,"$4,776,062.30"
47647,1,1,0,66,5,2014,0,0,7836,883,0,"$4,776,741.40"
78180,5,1,1,46,5,1995,0,0,4079,152,0,"$7,828,641.50"
50061,10,1,0,1,10,1999,1,0,9020,235,1,"$5,010,457.90"
23009,7,0,0,71,8,2018,1,0,1541,674,1,"$2,308,112.80"
21293,1,0,1,40,5,2020,1,1,6717,883,1,"$2,138,174.00"
62691,8,1,0,77,7,2016,1,1,3831,241,0,"$6,276,488.60"
80413,4,0,1,4,3,2011,0,0,8059,488,0,"$8,046,485.10"
98303,9,1,1,79,3,2006,1,0,2464,983,1,"$9,843,304.60"
7159,5,0,0,28,7,2015,1,1,4011,126,0,"$718,273.50"
94213,2,1,1,28,5,2004,0,0,8927,549,1,"$9,430,183.40"
64807,2,1,1,93,8,2020,1,0,2851,333,0,"$6,489,616.00"
89019,7,0,0,99,4,1996,1,0,670,465,1,"$8,904,528.60"
65421,9,0,0,13,8,1998,0,1,1713,706,0,"$6,543,719.80"
28206,8,1,0,83,8,2015,0,1,2868,288,1,"$2,830,932.50"
57936,10,1,0,80,9,1992,0,1,6611,291,1,"$5,796,649.20"
7759,7,1,1,16,3,1998,1,1,7295,955,0,"$782,731.80"
20863,4,0,0,2,3,2019,0,0,1601,485,0,"$2,086,593.90"
62530,10,1,1,75,3,1993,1,0,1036,278,0,"$6,267,352.30"
49805,2,0,1,52,6,1992,0,1,7181,615,0,"$4,984,392.20"
4264,2,0,0,98,7,2020,1,1,5778,268,1,"$429,800.00"
41856,10,1,1,43,5,2006,1,1,8432,324,1,"$4,191,936.60"
54847,9,1,1,39,4,2020,1,0,5929,395,0,"$5,493,084.00"
98814,3,0,1,6,8,2004,1,1,1153,890,1,"$9,887,158.40"
14465,6,0,1,80,6,2016,1,0,1861,170,0,"$1,453,919.60"
99301,3,1,1,85,5,2014,0,0,7473,732,1,"$9,941,220.40"
18521,3,1,0,11,6,2003,0,1,8307,514,0,"$1,858,497.30"
65908,7,0,0,84,8,2008,0,0,830,444,1,"$6,598,156.80"
10897,6,1,1,13,5,2017,0,0,399,504,1,"$1,097,453.70"
70390,9,1,0,96,5,2000,1,0,4293,501,0,"$7,045,739.00"
52685,5,0,0,75,10,1994,1,1,6655,897,1,"$5,272,224.40"
75135,5,1,1,46,10,1992,0,0,8876,105,1,"$7,522,188.20"
13388,8,1,1,69,8,2003,0,0,2572,553,0,"$1,346,253.30"
63427,2,0,0,83,6,2004,0,0,5586,106,1,"$6,351,101.40"
27818,1,1,0,72,5,1997,1,0,134,515,1,"$2,786,587.70"
82739,3,0,1,37,9,2016,0,1,3970,350,1,"$8,280,296.60"
33327,2,0,0,55,9,2010,0,1,6202,198,0,"$3,337,341.00"
8894,8,1,1,53,8,2005,0,1,7434,854,0,"$900,011.50"
7685,8,0,1,54,8,1994,0,1,610,394,1,"$775,942.40"
94255,10,1,1,18,5,2021,1,0,3504,539,1,"$9,431,460.10"
14610,8,1,1,62,10,1999,0,1,8805,726,1,"$1,469,296.90"
15534,9,0,1,23,10,1995,0,0,7503,728,1,"$1,556,351.50"
60610,3,1,0,50,2,2009,0,0,5225,389,0,"$6,068,928.90"
78383,7,0,1,49,10,2001,0,0,7570,641,1,"$7,844,579.10"
44722,10,0,1,91,8,1992,0,1,6947,621,0,"$4,477,117.20"
48189,1,0,0,84,1,1990,1,1,5400,875,1,"$4,822,319.00"
37471,5,0,0,12,3,2004,0,0,6521,677,0,"$3,747,950.40"
64924,10,0,1,1,8,1993,0,1,4430,639,1,"$6,496,365.30"
65233,10,0,0,64,2,1990,0,1,4103,668,1,"$6,526,331.00"
65670,7,1,0,44,6,2009,0,1,3615,638,0,"$6,570,909.90"
90177,4,1,0,32,7,2018,0,0,9300,242,0,"$9,024,117.80"
4351,8,0,0,10,1,1997,1,0,9610,918,0,"$436,269.70"
98390,5,1,1,19,4,2006,0,1,7835,310,1,"$9,849,668.60"
43651,9,1,1,62,3,2005,0,1,7503,774,1,"$4,374,012.50"
1803,2,0,0,10,2,1991,0,0,9587,959,1,"$181,859.10"
80378,4,1,1,19,10,2004,0,1,1432,544,1,"$8,045,164.40"
99291,3,0,0,40,10,1990,1,1,4592,369,1,"$9,933,729.00"
18202,6,1,0,75,3,2005,1,0,430,758,1,"$1,827,703.50"
76194,2,0,1,73,2,2003,1,0,5896,718,1,"$7,627,074.30"
50114,7,1,1,14,9,2001,1,1,1870,386,1,"$5,019,918.10"
48603,3,0,0,29,7,2001,1,0,2968,903,0,"$4,862,648.10"
48767,5,0,1,64,3,2021,0,1,5056,526,1,"$4,883,097.10"
91501,1,0,1,14,4,2003,0,1,3065,494,1,"$9,154,474.30"
22927,1,0,0,44,3,2011,1,0,1239,891,0,"$2,297,687.10"
51309,1,0,1,6,10,1997,0,1,3727,840,1,"$5,135,619.70"
89001,2,0,1,55,7,2004,0,0,2445,721,1,"$8,904,692.40"
54040,8,0,1,93,7,2017,0,0,5805,540,0,"$5,408,568.70"
7477,8,1,0,18,3,1991,1,0,4255,300,1,"$752,083.10"
41225,5,0,1,84,1,2019,0,1,7546,395,0,"$4,130,642.90"
77491,6,1,0,13,3,2011,0,0,1982,153,1,"$7,755,674.10"
43906,5,0,1,73,9,2013,0,1,3357,623,0,"$4,397,835.30"
94824,2,1,0,59,1,2009,0,1,2751,527,0,"$9,490,121.90"
33856,4,1,1,14,8,1993,1,0,8649,769,0,"$3,392,172.30"
69856,5,1,0,48,2,1995,0,1,8366,852,1,"$6,993,253.50"
88586,8,1,0,79,8,2009,0,0,8350,826,0,"$8,866,194.90"
67510,4,1,1,61,7,2014,0,1,6018,643,0,"$6,758,961.40"
77703,7,0,1,18,4,2021,1,1,4762,172,1,"$7,776,678.10"
72147,10,1,0,13,2,2013,0,0,285,882,0,"$7,219,271.30"
11339,4,0,0,70,1,1996,1,1,2670,872,0,"$1,137,389.60"
81125,10,0,0,24,9,2012,0,0,5869,209,1,"$8,113,963.20"
48434,5,1,0,87,9,2002,0,0,8173,913,1,"$4,854,900.20"
56398,3,0,0,97,7,2021,1,0,1613,146,1,"$5,644,338.10"
95894,1,1,1,6,4,2005,0,1,9186,132,1,"$9,596,889.50"
23888,9,0,1,24,6,2011,0,1,3055,107,1,"$2,394,623.10"
4198,9,0,1,93,9,2003,0,1,8268,285,1,"$422,549.30"
67135,7,1,0,64,8,2020,1,1,2579,828,1,"$6,723,196.00"
95162,7,1,0,13,10,2005,0,1,8386,692,0,"$9,520,376.50"
999,10,0,1,11,9,2006,1,0,3768,755,0,"$104,307.60"
34982,4,1,0,66,8,2001,0,1,224,474,1,"$3,508,325.10"
2183,3,0,1,31,6,2020,1,0,31,447,1,"$221,187.00"
67699,5,1,0,27,9,2021,1,1,5976,899,1,"$6,776,755.10"
71143,8,1,1,10,6,2018,1,1,6797,739,1,"$7,124,217.80"
57244,4,0,0,79,2,1991,1,1,1566,998,1,"$5,728,704.10"
17114,1,1,0,28,6,2021,1,1,8327,668,1,"$1,714,461.10"
83009,9,0,1,26,1,2009,0,1,4251,802,1,"$8,305,627.90"
52610,10,0,1,69,2,2009,0,1,7247,478,1,"$5,270,005.90"
7788,1,1,1,75,6,1993,1,1,3932,947,0,"$791,624.30"
5693,3,1,0,37,9,2018,1,1,1638,442,1,"$576,081.80"
48345,8,1,0,41,5,2013,1,1,9057,539,0,"$4,842,954.30"
53422,2,0,0,49,1,2009,0,1,6497,563,1,"$5,343,686.90"
64603,5,0,1,53,5,2010,1,1,8634,366,0,"$6,469,506.00"
966,9,0,1,85,8,1997,1,1,8735,744,0,"$106,121.70"
47264,8,1,1,23,5,1995,0,0,3771,427,1,"$4,732,236.50"
92992,8,1,1,18,9,1991,0,1,7478,697,0,"$9,305,605.10"
303,6,0,0,24,10,2021,1,1,782,423,1,"$31,966.10"
83635,4,0,1,23,10,1998,1,1,469,273,0,"$8,369,562.80"
29689,10,1,0,22,10,2014,1,1,8498,347,1,"$2,973,788.40"
47239,6,0,0,19,9,1993,1,0,8710,447,1,"$4,725,416.30"
10047,10,1,1,87,10,2021,0,0,8671,968,1,"$1,012,656.10"
7587,9,0,1,22,10,2005,1,0,1493,183,1,"$762,915.50"
10074,9,0,1,47,4,1999,1,1,228,935,1,"$1,010,442.90"
46509,7,0,0,44,5,2002,0,1,5237,374,1,"$4,653,392.20"
86796,9,1,1,51,9,2008,1,0,2445,543,1,"$8,689,099.80"
82853,6,0,1,72,6,2015,0,0,3396,332,1,"$8,289,491.50"
10572,8,1,0,14,5,2010,0,1,6109,990,0,"$1,060,707.00"
22212,6,1,1,74,6,2002,0,0,9076,860,0,"$2,232,476.20"
17019,9,0,1,79,5,2008,0,0,2770,758,0,"$1,711,885.80"
16444,5,0,1,2,1,1995,0,1,4631,775,0,"$1,649,094.50"
64504,8,0,0,19,9,2010,0,0,5126,126,0,"$6,451,578.00"
73527,9,1,1,5,10,2021,0,1,5453,722,0,"$7,360,331.10"
16780,10,1,0,56,10,2012,0,1,3072,757,1,"$1,681,331.20"
47534,5,1,0,9,5,1999,1,0,6946,631,0,"$4,756,433.90"
30978,9,1,1,13,7,2011,0,1,1042,936,0,"$3,108,219.10"
23763,7,0,1,99,8,2004,0,0,9676,539,1,"$2,384,035.40"
55757,10,0,1,51,10,2020,0,0,8020,339,1,"$5,578,966.00"
85107,5,0,0,24,5,1999,0,0,6398,115,0,"$8,512,331.90"
58297,6,0,1,1,4,1999,0,0,9958,247,0,"$5,833,422.90"
53952,9,0,0,72,1,1999,1,0,4149,157,0,"$5,403,227.90"
50401,6,0,1,55,5,2003,0,0,72,443,0,"$5,046,874.30"
58451,3,1,0,22,1,1993,1,1,728,861,1,"$5,849,635.30"
25625,7,0,0,84,6,2019,1,0,5174,379,0,"$2,568,173.90"
4771,2,1,0,12,4,2011,1,0,4590,347,0,"$480,525.10"
4798,2,0,0,20,8,2005,0,0,575,604,0,"$481,620.50"
90700,8,1,1,78,9,2006,1,1,3926,396,1,"$9,080,106.60"
84267,6,1,0,81,7,2000,0,0,3597,218,1,"$8,433,371.00"
56505,4,0,0,10,1,2003,0,0,6492,859,1,"$5,651,670.30"
21976,5,1,0,97,2,2008,0,1,9374,777,1,"$2,206,738.80"
83083,6,0,1,19,6,2015,1,0,3582,438,0,"$8,313,069.50"
60396,5,1,1,81,9,2012,1,1,5943,950,1,"$6,047,863.20"
42211,7,1,1,94,3,2008,0,0,3897,811,1,"$4,230,896.80"
43843,7,0,1,99,5,1990,1,1,7431,844,1,"$4,389,604.00"
53501,1,0,0,68,9,1993,1,0,8976,555,1,"$5,351,569.30"
95623,3,0,0,11,1,2020,0,1,532,117,0,"$9,564,202.00"
72619,7,1,0,6,1,2008,0,1,1754,540,1,"$7,266,754.80"
464,3,0,1,53,10,2006,1,1,5816,830,1,"$52,352.60"
45803,9,0,1,21,7,1997,0,0,1749,444,0,"$4,583,642.70"
62570,9,1,0,83,5,2015,1,1,3088,786,1,"$6,265,526.50"
99636,4,0,0,10,9,2004,0,0,3610,553,0,"$9,964,270.40"
32328,3,1,1,39,3,1999,1,0,7386,266,1,"$3,238,634.90"
5478,2,0,1,89,5,1996,0,0,8798,440,1,"$558,369.60"
64550,6,1,1,68,2,2019,0,0,1945,495,0,"$6,465,184.90"
24055,9,0,1,81,6,2018,1,1,5640,818,0,"$2,418,314.80"
59003,2,0,1,63,8,1999,0,0,3534,912,0,"$5,908,014.90"
69554,8,1,1,89,8,2014,0,0,6903,420,1,"$6,965,658.40"
33717,5,1,0,8,2,2000,1,0,1859,425,0,"$3,377,117.00"
29810,10,0,1,61,8,2008,0,0,3429,837,0,"$2,990,007.80"
83596,9,0,0,28,7,1993,1,1,9426,785,1,"$8,361,285.30"
23324,6,0,1,44,10,1998,1,0,2303,765,1,"$2,340,035.80"
58812,5,0,1,34,1,2018,0,0,5235,223,1,"$5,888,584.80"
5268,10,0,0,59,2,1992,1,1,4593,959,0,"$529,991.20"
57700,3,1,1,18,7,2011,1,1,3905,515,0,"$5,779,465.10"
44847,6,1,1,60,7,2012,0,0,7381,669,1,"$4,490,655.20"
70820,3,1,1,30,10,2006,0,1,2090,867,0,"$7,093,917.60"
52890,7,1,0,15,6,1990,0,1,3533,683,1,"$5,291,984.00"
80352,7,0,1,5,1,2019,0,0,8708,464,1,"$8,039,036.90"
1006,1,1,1,53,7,2008,1,1,9015,841,1,"$111,551.80"
32267,4,1,1,36,2,1991,1,1,1537,882,1,"$3,235,512.10"
80313,4,1,0,17,4,2003,1,0,4325,593,1,"$8,035,508.30"
71588,3,1,1,95,4,1992,0,0,3945,921,1,"$7,167,821.20"
9089,3,0,0,58,8,1997,0,1,1166,151,1,"$914,629.70"
28121,8,1,1,93,6,1991,0,1,1144,857,1,"$2,820,497.10"
21272,8,1,0,72,7,2001,0,1,3521,457,0,"$2,137,497.10"
87964,10,1,1,68,7,1999,0,1,799,624,0,"$8,803,574.90"
47902,2,1,0,71,9,2021,1,1,5234,541,1,"$4,803,026.10"
89280,7,0,0,11,8,2020,1,1,7274,465,1,"$8,929,255.00"
67795,7,1,0,80,2,1994,0,0,7282,635,0,"$6,785,447.40"
22323,9,0,1,67,3,1996,0,0,126,449,0,"$2,240,559.60"
60037,6,1,0,54,5,2010,0,0,7471,648,1,"$6,009,861.00"
27113,9,1,0,19,3,1996,1,1,3856,765,1,"$2,714,670.60"
70898,4,0,1,36,6,2008,1,1,6794,671,0,"$7,092,877.80"
10298,10,1,1,7,9,2011,0,0,7284,557,0,"$1,036,741.10"
51130,6,1,0,87,6,1994,0,0,4977,682,0,"$5,125,465.40"
10785,7,0,0,73,9,2008,0,0,9433,487,0,"$1,079,918.80"
65068,9,0,0,2,10,1991,1,1,345,895,1,"$6,507,541.10"
93713,5,0,1,45,9,2003,0,0,6513,807,0,"$9,378,060.30"
97306,7,0,0,44,4,2010,0,1,793,681,0,"$9,733,433.00"
76262,7,0,1,74,9,2004,0,1,8970,677,0,"$7,633,670.40"
15722,1,1,1,50,3,2001,1,1,5454,940,0,"$1,581,304.10"
83984,1,1,1,60,10,2019,0,1,3399,817,1,"$8,409,426.90"
78280,4,0,0,42,5,2019,1,1,8984,646,1,"$7,830,865.90"
83817,7,0,1,60,2,2005,0,0,1130,835,0,"$8,390,712.50"
28132,9,0,1,26,1,1997,1,1,144,626,0,"$2,820,957.70"
63183,1,1,1,46,6,2002,0,1,6617,891,1,"$6,326,815.20"
90068,6,1,0,55,7,2009,1,0,567,895,0,"$9,013,793.90"
81645,6,1,1,37,2,2013,1,1,6166,630,0,"$8,174,644.30"
40394,8,1,0,30,6,2021,1,1,743,567,0,"$4,046,533.10"
79260,10,1,0,9,3,1991,1,0,3887,771,1,"$7,930,187.10"
123,2,0,0,1,1,2011,0,1,9390,922,0,"$13,229.10"
37647,10,1,0,7,9,2017,0,0,7865,558,0,"$3,770,389.70"
36136,2,0,0,99,10,2019,0,1,2576,600,1,"$3,618,606.90"
43549,8,1,0,92,6,2007,0,0,9607,905,1,"$4,365,431.70"
74180,5,1,0,7,2,2011,0,0,166,631,0,"$7,421,254.10"
33692,4,1,1,69,4,1999,1,0,9989,721,1,"$3,375,522.90"
92201,10,0,1,66,5,2003,0,1,3385,159,0,"$9,228,740.30"
62587,3,0,0,35,7,2010,1,0,6374,894,1,"$6,260,826.00"
20577,6,1,0,62,1,1993,1,0,3715,119,1,"$2,064,758.30"
26612,8,1,0,28,7,2009,0,0,1837,646,1,"$2,666,795.90"
74172,6,1,0,67,2,2004,0,1,1247,461,1,"$7,421,067.40"
68841,7,0,0,69,5,2000,0,1,3643,465,0,"$6,890,753.00"
54386,2,0,0,95,7,1996,1,1,9560,665,0,"$5,448,084.60"
54925,3,1,0,81,1,1996,0,0,3632,377,1,"$5,501,546.60"
43418,2,1,1,64,8,2010,0,1,6989,736,1,"$4,349,322.00"
96251,1,0,0,7,8,2018,0,1,4166,665,1,"$9,626,287.80"
27928,10,1,1,78,1,1997,0,0,6637,334,0,"$2,804,528.70"
87024,4,1,1,56,10,2020,0,1,1630,544,0,"$8,714,971.00"
4563,1,0,0,39,9,1999,0,1,5661,199,1,"$457,573.90"
47579,6,1,0,8,8,2013,1,1,1138,629,0,"$4,761,303.30"
60756,2,0,0,50,4,1996,1,1,7984,725,1,"$6,079,599.60"
38587,8,1,0,9,3,1995,1,0,8444,938,1,"$3,862,813.50"
92659,10,0,0,98,4,1993,1,1,3750,386,0,"$9,272,193.30"
59396,10,1,1,31,8,2021,1,1,9208,970,1,"$5,950,249.10"
70681,3,1,0,16,4,2006,0,1,6921,640,0,"$7,072,541.60"
42900,8,1,1,80,10,2016,1,0,473,319,0,"$4,301,422.60"
36240,5,1,1,34,10,2007,0,0,82,271,1,"$3,630,821.70"
59928,6,0,0,76,5,1994,0,1,9836,530,1,"$5,995,097.40"
3963,2,1,1,61,1,2009,1,0,1036,408,1,"$408,380.90"
95404,10,0,1,8,10,2009,1,0,7142,690,1,"$9,544,786.90"
86375,2,1,0,68,10,2000,1,0,6106,723,0,"$8,643,370.00"
26507,3,1,0,79,3,2005,0,1,535,269,0,"$2,656,261.50"
72178,7,0,0,57,7,1998,1,1,5833,727,0,"$7,223,259.80"
11914,2,1,0,57,6,2005,0,1,6274,897,0,"$1,198,177.50"
9147,4,1,0,89,3,2000,0,1,8572,489,0,"$928,384.00"
62596,1,0,1,79,9,2017,1,1,3152,314,0,"$6,272,808.70"
69371,4,0,0,55,7,2004,1,0,3689,611,1,"$6,939,185.40"
47542,1,0,0,97,9,2020,1,0,6765,393,1,"$4,756,989.00"
60457,7,0,1,32,3,2020,0,1,2526,496,1,"$6,051,684.00"
88033,4,1,1,100,5,2006,1,0,9436,753,0,"$8,817,404.60"
3383,10,0,1,51,9,1992,0,0,1689,453,0,"$342,685.20"
85795,1,0,0,59,3,2019,1,0,2357,278,0,"$8,585,311.90"
17857,7,1,0,24,3,1997,1,1,123,157,1,"$1,791,426.70"
2508,3,1,1,2,8,1998,0,1,9107,750,0,"$256,655.80"
281,3,0,1,38,2,1994,1,0,7172,826,1,"$34,115.40"
14314,3,0,1,45,4,2019,1,0,91,908,1,"$1,436,966.90"
96513,10,1,0,53,6,1993,0,0,1306,582,0,"$9,657,237.30"
67527,2,1,1,42,8,2009,1,1,6765,772,1,"$6,766,655.90"
72976,3,0,1,96,8,2016,0,1,7706,394,0,"$7,306,614.60"
76420,7,1,0,63,8,2006,0,1,3164,170,1,"$7,649,934.60"
67923,6,0,0,95,4,2014,1,1,3860,234,1,"$6,797,581.40"
85372,3,0,0,5,9,2010,0,0,9416,838,1,"$8,538,126.00"
38923,6,0,0,41,5,1993,1,1,679,114,0,"$3,895,085.30"
57663,9,0,1,14,2,2001,0,0,7766,654,1,"$5,770,477.10"
26943,5,1,1,86,5,2016,1,1,254,913,0,"$2,701,654.60"
24839,8,1,0,76,4,1994,1,0,7365,766,1,"$2,493,901.40"
85671,8,1,1,5,3,2018,0,0,4821,1000,0,"$8,572,647.80"
56085,9,1,1,92,6,2019,0,1,4634,897,1,"$5,617,121.90"
53857,7,1,0,49,9,1993,0,0,3249,435,1,"$5,393,354.30"
61297,6,0,1,80,6,2020,1,0,8140,551,1,"$6,134,154.00"
34854,8,1,1,31,1,1991,1,1,6726,388,1,"$3,491,844.10"
90777,7,0,0,8,5,2009,0,1,5120,744,0,"$9,079,088.90"
29178,5,1,0,14,6,2004,1,1,9501,768,1,"$2,922,723.40"
55006,8,0,0,24,1,1992,1,1,6526,356,0,"$5,503,703.20"
11491,4,1,1,47,3,2019,0,1,5698,597,0,"$1,157,222.90"
44838,8,1,0,77,5,2009,1,1,7048,671,1,"$4,491,363.90"
67629,2,0,0,38,8,2011,0,1,4353,388,0,"$6,767,151.10"
70607,2,0,1,28,7,2009,0,0,6278,397,0,"$7,068,284.90"
50122,6,1,0,84,3,2002,0,0,5479,275,1,"$5,016,998.20"
80622,7,0,1,46,7,2015,1,1,2308,791,0,"$8,069,026.50"
63886,2,1,0,1,8,1992,1,1,3896,771,0,"$6,391,405.20"
30821,3,0,1,27,10,2015,0,0,5620,408,0,"$3,086,776.50"
80472,6,1,1,80,6,2000,0,0,3435,266,0,"$8,054,700.00"
86834,2,1,1,23,1,2013,1,1,5173,757,1,"$8,690,922.30"
9022,8,0,0,100,5,1991,0,1,8295,109,1,"$905,649.10"
59899,5,1,0,61,10,2018,1,1,6126,297,0,"$5,994,256.80"
36859,1,0,0,43,1,2013,0,0,869,596,1,"$3,687,440.30"
96419,8,1,0,34,8,2004,0,1,8968,233,0,"$9,646,107.40"
82651,9,0,0,42,7,2018,0,0,6409,982,1,"$8,266,989.80"
26881,2,1,0,82,6,1994,1,0,9731,226,0,"$2,696,414.40"
83316,1,0,0,65,1,2019,0,0,5337,898,1,"$8,336,816.90"
18738,5,1,0,51,3,2003,0,0,4072,443,0,"$1,881,615.30"
1906,1,0,0,30,10,2006,0,1,1576,883,0,"$192,160.60"
60399,6,0,1,48,2,2006,1,0,9562,880,1,"$6,046,439.60"
92159,5,0,0,68,1,1997,1,0,4553,742,0,"$9,220,693.70"
3966,8,0,0,20,3,1991,1,0,440,359,0,"$398,719.10"
93998,1,0,0,81,6,2010,1,0,1605,102,0,"$9,406,433.00"
96580,10,1,1,36,5,2004,1,0,2176,104,1,"$9,671,187.40"
20818,1,0,1,76,2,2007,1,0,4111,915,0,"$2,090,473.70"
65549,3,0,0,38,4,2015,1,1,5487,316,1,"$6,556,739.50"
31951,8,0,0,94,4,2016,1,0,6606,625,0,"$3,196,773.60"
23541,7,1,0,3,6,1991,1,0,2818,970,1,"$2,357,500.10"
17704,4,0,1,33,3,2007,0,1,4503,184,1,"$1,775,366.70"
57128,3,1,1,40,9,2006,1,1,4856,566,0,"$5,721,225.60"
87276,1,1,1,43,2,1992,0,0,8005,113,0,"$8,737,247.20"
50778,6,1,0,91,1,1995,0,1,6472,914,1,"$5,087,311.50"
846,9,0,0,51,8,1995,0,0,302,946,0,"$88,673.50"
49312,9,1,0,39,7,2019,1,0,9737,844,0,"$4,934,342.90"
99455,4,0,0,36,4,2001,0,1,5988,841,0,"$9,946,626.10"
75645,8,1,0,64,4,2009,1,0,8361,673,0,"$7,571,223.90"
73406,2,1,0,95,8,2007,0,1,2144,230,0,"$7,351,183.70"
24895,9,1,1,59,2,2012,0,1,8541,851,0,"$2,496,019.20"
13314,1,1,1,17,9,2015,1,0,8189,663,0,"$1,340,591.50"
78995,9,1,1,49,7,1996,0,0,5606,759,1,"$7,911,960.60"
54976,3,1,0,53,5,2020,0,0,210,998,1,"$5,506,062.00"
84023,7,1,0,44,1,2013,1,0,6948,669,1,"$8,408,349.30"
8130,4,1,1,88,7,2014,1,1,7573,978,1,"$823,637.40"
2838,2,0,1,82,5,1992,1,1,8811,899,1,"$287,893.20"
416,4,0,1,45,4,1996,0,1,7208,786,0,"$46,790.60"
62314,7,1,1,27,9,2019,0,0,4797,169,0,"$6,239,567.90"
85169,3,1,0,14,6,2018,1,0,9487,819,1,"$8,520,093.80"
42969,3,1,0,87,6,2011,1,0,4496,793,1,"$4,305,386.10"
38079,5,0,1,74,6,2019,0,0,4594,440,1,"$3,818,327.90"
1386,8,0,1,4,1,1992,0,1,6022,692,1,"$143,843.20"
41147,8,0,1,87,1,2006,1,0,7388,791,1,"$4,122,969.60"
93375,6,0,1,67,8,1990,0,0,4304,784,1,"$9,343,934.00"
37047,7,1,1,87,3,2019,1,0,5658,160,0,"$3,713,548.90"
20453,1,1,0,96,6,1991,1,1,5077,770,1,"$2,055,870.10"
86800,7,0,0,99,4,2008,0,1,3808,455,0,"$8,684,068.80"
49835,2,0,0,55,1,2004,0,1,6772,140,0,"$4,986,495.40"
25020,8,1,1,39,10,1990,0,0,5959,274,0,"$2,510,161.00"
69665,6,0,1,78,10,1995,0,1,7745,707,1,"$6,977,106.50"
16283,7,1,1,30,9,1990,1,0,7485,903,0,"$1,638,670.00"
40984,3,0,1,39,1,2021,0,0,870,100,1,"$4,103,009.10"
32731,2,0,1,66,7,1996,1,1,9859,681,1,"$3,276,617.60"
86452,1,0,1,76,1,1997,1,1,9096,684,1,"$8,657,353.70"
49031,10,1,1,62,2,2016,1,0,1800,723,1,"$4,914,589.60"
53818,3,0,0,32,3,2000,0,1,728,910,0,"$5,383,450.00"
74291,7,0,0,38,8,2004,0,1,217,379,0,"$7,433,320.40"
73154,5,1,1,29,10,2015,0,1,8059,628,1,"$7,322,035.50"
39162,3,0,0,16,9,2005,0,0,8453,846,0,"$3,917,826.50"
45746,2,0,0,76,3,2009,1,1,2589,400,1,"$4,580,036.90"
22615,2,1,1,30,9,1991,0,1,7923,321,1,"$2,271,139.10"
6518,6,0,0,72,7,2008,1,0,5381,739,1,"$658,946.80"
67648,4,0,0,67,10,2004,0,0,2557,432,0,"$6,770,108.40"
36353,9,1,0,2,8,2018,1,0,6760,190,0,"$3,638,165.80"
68985,5,0,0,29,1,2002,1,1,6676,554,1,"$6,900,905.20"
48258,6,0,0,46,10,1994,0,0,9611,693,1,"$4,830,907.40"
67489,5,0,1,31,10,2001,0,1,6885,798,1,"$6,756,566.10"
96184,7,0,0,1,5,2005,1,0,3961,986,0,"$9,618,863.50"
42365,9,0,1,96,2,1996,1,1,7976,520,0,"$4,249,618.60"
88274,7,0,1,41,10,2021,0,1,1899,445,1,"$8,832,114.10"
49634,5,1,1,90,5,2021,1,1,7859,513,0,"$4,972,427.10"
15062,1,0,1,42,2,2005,0,0,6899,112,0,"$1,511,857.50"
74606,10,1,0,73,10,1990,1,1,8031,664,1,"$7,471,533.00"
8368,8,0,1,55,3,2016,0,0,6985,710,0,"$842,999.60"
31821,8,1,0,63,2,2019,1,1,389,298,1,"$3,187,554.90"
72741,1,0,1,49,9,2011,0,1,9912,709,1,"$7,280,439.10"
53527,9,0,0,71,7,1995,0,0,3816,559,0,"$5,356,315.50"
27702,2,1,0,25,1,2015,0,1,7133,844,1,"$2,778,207.50"
69178,8,1,1,1,4,1995,1,0,5550,621,0,"$6,921,350.50"
51766,8,1,1,36,5,2000,1,0,3915,311,1,"$5,186,043.00"
14322,9,0,1,66,5,2017,0,0,567,352,0,"$1,439,924.70"
13147,7,0,0,65,8,2013,0,0,1741,497,1,"$1,316,451.30"
89434,1,0,0,13,9,1995,0,1,408,747,1,"$8,945,011.50"
77439,8,1,1,56,3,2007,0,1,7307,908,0,"$7,754,431.70"
99811,4,0,1,90,9,2005,1,1,2739,783,1,"$9,988,416.50"
15301,3,1,0,5,3,1992,0,0,4711,390,0,"$1,534,279.20"
46701,9,0,0,59,2,2009,1,1,4847,843,1,"$4,674,499.90"
72938,4,0,1,64,6,2007,1,0,242,929,0,"$7,301,218.70"
84600,2,1,1,43,4,1997,0,1,6703,713,1,"$8,467,208.70"
65554,8,0,1,14,4,1995,1,1,3191,709,1,"$6,559,482.50"
86607,2,0,0,4,6,2008,1,1,4425,125,0,"$8,661,568.80"
99426,6,0,1,26,9,1993,0,1,4028,591,0,"$9,945,644.30"
72990,2,1,0,1,5,2016,1,0,8597,619,1,"$7,301,689.60"
41711,1,0,1,93,7,2011,1,1,719,382,0,"$4,176,663.10"
52668,2,1,1,76,2,1996,1,1,2180,838,1,"$5,281,141.60"
27059,6,1,0,40,9,2018,1,0,6965,455,0,"$2,713,421.80"
12865,3,0,0,54,6,2000,1,0,7714,597,1,"$1,288,172.00"
87045,9,1,0,19,10,1992,0,0,7325,237,0,"$8,709,780.20"
64584,3,0,1,31,1,1996,0,1,5811,217,0,"$6,465,423.60"
22681,3,1,1,6,5,2004,1,0,9803,583,0,"$2,273,361.40"
16704,6,1,1,8,7,1994,0,0,7325,929,1,"$1,676,124.40"
25124,9,0,1,25,9,2014,0,1,397,962,0,"$2,517,156.40"
64209,2,1,1,55,5,1992,1,0,9761,525,1,"$6,428,666.20"
18730,3,0,1,71,6,2008,1,1,7624,331,0,"$1,884,158.80"
96177,7,1,0,19,4,1996,1,0,2237,268,1,"$9,623,218.60"
76671,4,1,1,76,6,2001,1,0,3701,296,1,"$7,674,844.10"
39129,1,0,1,26,10,1996,1,1,4674,737,1,"$3,919,404.60"
52859,2,1,1,99,8,1993,1,1,5401,727,1,"$5,299,328.30"
26223,9,0,0,76,9,1994,0,0,7431,798,1,"$2,628,273.40"
89071,2,0,0,91,8,2008,1,1,5942,649,1,"$8,913,105.80"
55022,2,1,0,43,10,1998,1,0,8955,216,0,"$5,508,301.80"
60721,8,0,1,9,6,2005,1,0,68,695,0,"$6,077,844.50"
28772,2,1,1,85,4,2003,0,0,8141,327,0,"$2,888,733.30"
92716,6,0,0,3,8,1991,0,1,9364,731,1,"$9,272,362.10"
19092,8,0,1,85,6,2020,0,0,2171,797,1,"$1,915,270.00"
41440,2,1,1,77,5,1990,1,0,3885,997,1,"$4,155,501.00"
60305,5,1,1,90,3,2019,1,0,6297,925,1,"$6,038,984.90"
26611,9,0,0,21,2,2012,0,0,1184,856,0,"$2,662,493.20"
16847,6,1,0,66,2,2009,0,0,8115,212,1,"$1,687,484.90"
52785,7,0,1,61,2,2004,0,1,1207,833,1,"$5,286,382.40"
2267,8,0,0,8,10,1995,1,0,9360,225,1,"$228,087.50"
22809,3,1,1,65,8,1990,0,0,3261,862,0,"$2,285,983.00"
92242,5,1,1,39,7,2009,1,1,6405,894,0,"$9,232,332.90"
19040,8,1,1,25,8,2002,0,0,6629,415,0,"$1,915,328.20"
18943,7,0,1,26,9,2012,0,1,258,687,0,"$1,899,521.20"
91914,9,0,0,68,5,2018,0,1,8148,649,1,"$9,194,073.80"
60401,10,0,0,86,4,1997,1,1,3200,430,1,"$6,047,105.70"
57865,5,0,0,30,10,2018,0,1,6981,147,0,"$5,788,561.80"
1308,8,1,0,68,3,2005,0,1,8261,772,1,"$141,631.50"
76732,1,1,1,50,4,1999,0,1,3935,455,1,"$7,682,086.90"
90859,1,1,0,65,1,2018,0,1,365,104,0,"$9,090,821.80"
19596,3,1,0,83,4,2009,0,0,1691,398,0,"$1,969,900.90"
86277,5,0,1,5,9,1995,0,1,5268,142,0,"$8,629,655.50"
31845,8,1,1,1,3,2004,0,1,2826,663,1,"$3,191,199.40"
46128,10,1,1,88,4,1996,1,0,7069,902,1,"$4,624,665.60"
33398,9,1,0,30,6,1992,0,0,4552,803,0,"$3,345,097.20"
70626,2,0,0,45,3,1995,1,1,1221,130,0,"$7,065,089.50"
50315,9,1,1,52,9,1991,0,1,9867,239,0,"$5,044,978.10"
84217,5,1,1,18,4,2013,1,1,4953,468,0,"$8,429,962.30"
35127,2,0,0,4,3,2014,1,0,9746,906,1,"$3,513,571.40"
14614,8,0,0,3,8,2015,1,1,1185,446,1,"$1,462,577.50"
73686,2,1,1,93,10,2013,0,0,5029,440,0,"$7,378,513.30"
80143,6,1,1,78,1,1995,0,0,4411,885,1,"$8,026,359.50"
38454,5,1,0,6,6,1990,1,1,3909,297,0,"$3,848,412.00"
70573,2,1,1,3,5,2016,1,1,8314,745,1,"$7,061,764.60"
44584,6,1,0,90,9,1992,0,1,8073,738,0,"$4,468,024.20"
46953,9,1,0,41,1,2006,0,1,4606,475,0,"$4,699,973.60"
87960,1,1,0,27,6,2007,0,0,5586,914,1,"$8,801,034.70"
10051,5,1,0,34,4,1998,0,0,4642,450,0,"$1,010,724.80"
14044,2,0,1,43,1,2001,0,1,5654,198,1,"$1,409,581.10"
83252,7,0,0,8,1,1992,0,1,3015,496,0,"$8,326,479.20"
46183,9,1,0,5,4,2007,1,0,735,956,0,"$4,621,605.70"
17256,2,0,0,59,10,1994,1,0,698,668,0,"$1,729,036.40"
59111,8,1,0,38,8,1998,0,0,1977,708,1,"$5,919,005.80"
41732,2,0,0,63,5,2018,1,1,4692,321,1,"$4,177,464.80"
6912,5,0,0,2,4,2016,0,0,3458,264,1,"$691,629.60"
8719,8,1,0,20,9,2003,1,0,5944,929,1,"$875,984.30"
15670,2,1,0,26,3,2007,0,1,9688,436,1,"$1,572,432.70"
54669,1,0,0,85,4,2012,0,1,4746,140,0,"$5,472,646.20"
71164,9,1,0,38,2,2019,0,1,5473,638,1,"$7,121,656.90"
8497,10,1,0,57,2,2018,1,0,4113,250,0,"$856,430.80"
27296,10,0,1,93,6,2013,0,1,4778,369,0,"$2,736,257.30"
65201,2,0,1,28,3,1995,1,1,3927,670,1,"$6,524,351.50"
7729,5,1,1,35,2,2004,0,1,4456,346,1,"$781,939.40"
64186,9,0,0,6,5,2011,1,1,5408,971,1,"$6,419,507.10"
75571,3,1,1,16,6,2021,0,1,7754,449,1,"$7,563,298.10"
40943,2,0,0,32,10,2010,1,0,8104,855,0,"$4,097,629.00"
88884,3,1,0,63,5,2010,1,1,9198,541,1,"$8,894,048.00"
96228,3,1,1,15,10,1998,0,0,5135,551,0,"$9,629,903.80"
57859,8,1,1,52,8,1995,1,0,7881,711,1,"$5,796,496.50"
58239,4,1,0,77,5,1999,1,0,3568,155,0,"$5,831,545.90"
7859,2,1,1,60,4,2018,0,1,6257,258,1,"$796,540.80"
37111,7,1,0,22,2,2019,1,1,265,360,0,"$3,718,382.90"
90304,9,0,0,33,7,2020,1,0,4104,803,0,"$9,033,809.00"
87906,5,1,1,33,9,1994,0,1,1489,106,1,"$8,799,360.40"
47839,2,1,0,53,7,1993,0,1,5689,321,1,"$4,792,795.30"
91637,2,0,0,29,3,2016,1,1,6476,169,0,"$9,166,209.60"
92591,8,0,1,73,7,1991,1,0,5776,438,1,"$9,265,884.10"
26614,4,1,1,60,4,1998,0,1,1700,383,1,"$2,673,620.80"
45955,1,1,0,37,4,1998,1,0,6156,285,0,"$4,599,926.80"
6712,1,1,1,93,10,2001,1,0,1150,594,0,"$678,200.10"
89725,7,1,1,83,9,2013,0,1,319,994,0,"$8,985,353.30"
48776,5,0,0,9,3,1991,1,0,8652,307,0,"$4,879,354.10"
63953,4,0,1,25,7,2004,0,1,6537,638,1,"$6,400,710.40"
40508,3,1,0,63,7,2005,1,0,6334,242,1,"$4,060,440.50"
49310,1,1,0,80,4,2006,1,0,9692,176,1,"$4,943,199.60"
69164,2,1,1,70,3,2007,0,1,5861,652,1,"$6,929,542.70"
61402,10,1,1,40,1,2000,1,0,3524,469,0,"$6,149,729.00"
53749,7,0,1,63,8,2009,1,1,8488,239,1,"$5,381,187.90"
73140,8,1,1,69,3,2019,1,1,6384,726,1,"$7,325,048.90"
34338,9,0,0,95,2,1996,0,0,5015,251,0,"$3,442,319.60"
52525,2,1,0,82,7,1999,0,1,7750,776,0,"$5,257,813.90"
53753,7,1,1,37,7,1999,1,0,9951,998,1,"$5,385,374.90"
58713,1,0,1,39,1,1994,1,1,4710,642,0,"$5,879,478.40"
40155,2,0,1,99,8,2009,0,1,9296,227,1,"$4,028,472.90"
32805,10,0,0,17,5,1994,1,1,6766,451,1,"$3,281,975.40"
848,9,1,1,37,8,2013,0,1,2128,959,0,"$94,998.30"
67073,7,1,0,59,7,1996,0,1,4506,638,0,"$6,713,052.60"
14520,8,1,0,2,1,2020,0,1,8531,336,1,"$1,456,205.00"
65986,10,0,1,39,1,2016,1,0,8778,627,0,"$6,605,910.60"
15246,8,0,1,48,7,2020,1,0,460,596,1,"$1,531,089.00"
62613,10,0,0,69,6,2019,0,0,6845,245,1,"$6,268,368.90"
26348,6,0,1,89,2,1990,0,0,628,756,0,"$2,641,767.00"
44633,2,1,0,69,10,2010,1,0,8183,479,0,"$4,470,611.00"
33126,4,1,0,87,5,2019,0,0,2592,582,1,"$3,317,019.90"
62872,7,0,1,56,5,1994,0,1,5621,335,1,"$6,293,741.40"
69429,1,0,0,34,8,1997,1,1,9354,215,0,"$6,945,733.70"
67034,4,1,0,17,2,2014,1,0,4115,201,1,"$6,710,309.40"
63817,5,1,1,92,4,2009,1,1,4092,170,0,"$6,391,540.90"
41705,2,0,0,97,6,2010,0,0,3513,754,0,"$4,173,470.00"
31025,2,1,0,35,2,2006,0,1,9107,606,1,"$3,110,889.60"
33532,3,0,1,80,3,2021,1,0,773,630,0,"$3,362,452.10"
27924,9,1,1,81,2,1991,1,1,2068,183,0,"$2,805,108.10"
3996,6,0,0,37,4,1999,0,0,3247,101,1,"$402,010.90"
80524,10,1,1,49,8,1997,1,1,4111,252,1,"$8,060,508.70"
63190,1,0,1,45,4,1992,0,0,6132,348,0,"$6,323,436.20"
62757,3,0,1,31,4,2006,0,0,5656,761,0,"$6,281,435.60"
54682,2,1,0,92,6,2013,0,1,1114,341,1,"$5,477,375.30"
87987,5,1,0,97,9,2006,0,1,234,125,0,"$8,810,668.60"
98157,1,0,1,75,1,2021,1,1,5340,465,0,"$9,823,508.10"
81019,7,1,0,99,2,1995,1,1,8376,863,0,"$8,112,092.50"
92296,8,1,1,69,10,2018,1,0,785,604,0,"$9,237,027.80"
51579,2,0,1,6,8,2019,0,0,1328,636,0,"$5,161,447.90"
41042,5,1,1,44,3,1990,0,0,6364,121,0,"$4,112,280.00"
1737,6,1,0,92,8,2014,0,1,3403,904,1,"$179,334.40"
97725,7,0,1,13,3,1991,1,0,3938,175,1,"$9,777,735.10"
30317,9,0,1,78,1,2019,1,0,4786,212,1,"$3,035,229.90"
54146,1,1,0,79,8,2010,1,1,2595,850,0,"$5,422,823.00"
32599,7,0,0,67,6,2003,0,0,4964,902,0,"$3,265,978.30"
77491,7,0,0,32,7,2021,1,1,53,961,1,"$7,751,876.10"
41164,7,0,0,69,9,1991,1,0,7302,954,1,"$4,119,024.10"
3189,4,1,0,23,7,2001,1,0,3230,971,0,"$322,194.10"
97691,7,1,0,79,6,1991,1,1,5370,631,1,"$9,781,758.10"
38486,2,0,0,50,9,2021,1,1,6167,304,1,"$3,850,352.10"
68232,7,0,1,31,2,2012,0,1,1128,982,0,"$6,828,383.20"
42893,2,0,0,42,10,2014,0,0,2881,493,0,"$4,291,975.40"
7042,3,0,1,32,2,2012,1,0,9907,728,1,"$711,173.20"
48678,2,1,1,57,10,1998,1,0,89,775,0,"$4,877,324.80"
14938,5,1,0,50,2,1991,0,0,5217,810,0,"$1,499,161.10"
62596,8,0,0,70,8,1990,0,0,4330,739,0,"$6,266,459.00"
69722,3,0,0,14,4,2002,0,0,1167,192,0,"$6,972,996.20"
10564,10,0,1,3,9,1992,1,0,9081,836,0,"$1,062,047.20"
49996,5,0,0,19,3,2021,1,1,2914,295,1,"$5,001,283.10"
47327,6,1,0,40,1,2001,1,0,4006,147,1,"$4,737,050.10"
85489,3,1,0,42,1,1999,1,1,6755,320,0,"$8,555,341.90"
54667,4,0,1,70,2,2019,1,0,4707,729,1,"$5,473,221.90"
72507,6,0,0,13,6,1999,0,0,4730,406,0,"$7,252,211.90"
68113,8,1,0,29,2,2007,1,0,4788,990,1,"$6,817,735.70"
84587,1,0,1,71,6,2000,0,1,3726,168,0,"$8,468,745.00"
88036,4,0,0,16,3,2017,1,0,2328,947,0,"$8,804,243.70"
91395,1,0,0,71,9,2017,0,1,3714,223,1,"$9,145,192.70"
81805,3,1,1,16,8,2003,0,0,1695,521,0,"$8,186,061.30"
47253,8,0,0,32,5,1998,1,0,9819,375,0,"$4,728,903.80"
44924,7,0,0,44,9,2015,1,0,3478,117,0,"$4,496,017.50"
62027,8,1,1,62,10,2013,1,0,6654,314,1,"$6,211,934.30"
65583,8,1,0,27,1,2003,1,1,4196,968,1,"$6,565,646.30"
47006,2,0,0,76,8,2017,1,0,6414,613,1,"$4,707,409.70"
36108,4,1,1,2,3,2001,0,1,4764,289,1,"$3,617,759.10"
56329,1,0,1,2,1,1997,1,1,542,806,1,"$5,638,765.70"
94212,3,0,0,59,3,2004,1,1,6573,198,1,"$9,427,260.40"
47063,4,1,1,6,8,2019,0,1,1135,996,1,"$4,713,133.90"
45985,6,0,0,83,1,2008,1,1,9524,986,1,"$4,604,960.80"
39269,8,0,1,16,1,1997,0,0,6604,800,0,"$3,930,292.70"
4727,9,1,0,25,6,1994,0,0,6301,273,0,"$477,285.40"
24677,6,0,0,6,2,1998,1,1,6976,314,0,"$2,469,125.80"
42936,2,1,1,51,10,2016,0,1,6601,870,0,"$4,300,587.60"
93013,3,0,0,80,8,2005,0,0,7518,786,1,"$9,307,630.50"
70881,6,1,0,64,9,2002,1,1,6846,312,1,"$7,092,821.20"
99130,9,0,1,23,1,1993,1,0,7265,115,0,"$9,916,962.30"
82113,1,0,0,24,9,2016,1,0,9897,886,1,"$8,212,303.60"
3475,1,1,1,9,9,1998,1,1,5996,431,1,"$355,722.80"
23863,3,0,1,71,1,1990,1,0,6878,257,1,"$2,397,991.00"
25602,2,1,0,17,9,2021,0,1,9608,703,0,"$2,564,047.10"
81021,8,0,1,42,8,1995,1,1,6345,252,1,"$8,107,700.50"
25307,1,1,0,90,5,2014,0,0,9536,381,1,"$2,538,791.40"
18262,6,0,1,71,7,2021,1,0,9975,218,0,"$1,834,387.10"
48077,4,0,1,7,2,2018,0,0,7539,438,1,"$4,812,989.80"
94973,3,0,1,86,4,1995,0,1,3478,987,1,"$9,502,380.50"
32138,4,1,1,91,3,1994,0,0,5589,839,1,"$3,224,251.40"
10854,9,1,1,95,8,1993,1,1,2726,951,0,"$1,096,077.30"
80306,2,1,1,91,4,2004,0,0,7018,371,1,"$8,037,519.40"
1138,4,1,0,18,6,1996,1,1,8264,269,0,"$117,207.60"
24045,10,0,0,56,2,1991,1,0,9640,851,1,"$2,407,159.10"
20860,9,0,0,60,8,2012,1,0,6395,173,0,"$2,091,881.20"
57790,6,0,1,65,2,2002,1,0,1464,622,1,"$5,787,991.20"
73517,4,0,1,63,9,1991,0,1,227,931,0,"$7,355,043.10"
137,6,0,1,47,1,2021,0,1,6831,242,0,"$21,201.10"
69685,5,1,0,32,5,2006,1,0,757,844,1,"$6,973,812.60"
11104,5,1,1,19,2,1996,0,0,6106,471,0,"$1,116,580.60"
65060,3,1,0,75,10,2013,0,0,6375,113,0,"$6,514,250.30"
25655,10,1,1,9,6,2001,0,1,2420,884,1,"$2,573,091.10"
13285,6,0,1,57,6,1994,0,0,4719,668,0,"$1,334,194.40"
84706,9,0,0,24,7,1990,0,0,8118,923,0,"$8,473,043.00"
98298,2,0,1,97,6,1995,1,1,43,311,1,"$9,843,812.50"
74921,8,0,1,61,8,2012,0,0,5718,978,1,"$7,494,913.20"
9771,2,0,1,48,6,1995,0,1,2211,367,0,"$983,421.50"
77561,9,0,0,79,2,1999,0,0,3871,606,1,"$7,760,341.90"
40104,5,1,1,44,8,2000,1,0,8809,689,0,"$4,020,381.00"
4308,10,0,0,19,10,2003,1,0,3660,509,0,"$432,778.30"
14004,3,1,1,33,4,2004,1,1,9535,818,0,"$1,410,301.40"
85829,10,1,1,32,2,2005,0,1,9686,657,1,"$8,592,258.50"
73776,3,1,0,43,7,2002,1,1,1789,805,0,"$7,383,860.20"
86253,5,1,1,47,9,1998,1,0,2626,909,0,"$8,633,980.80"
85423,6,0,1,39,9,1992,1,1,6201,476,1,"$8,548,531.20"
11757,5,1,1,5,5,1993,1,1,2326,760,0,"$1,183,388.30"
33761,2,1,0,76,2,2001,1,0,5758,677,0,"$3,381,494.10"
33749,1,1,0,2,9,2016,0,0,8671,646,1,"$3,379,893.60"
83865,10,1,1,42,2,1992,0,1,8832,680,1,"$8,395,225.20"
79067,7,1,1,58,10,1994,1,1,8279,183,1,"$7,914,438.40"
91698,8,1,0,38,8,1993,0,1,521,109,0,"$9,177,134.30"
22973,10,1,0,80,9,2001,0,1,6044,804,1,"$2,302,445.10"
27838,7,1,0,73,1,1993,0,0,3189,241,1,"$2,787,148.30"
21832,5,0,1,26,4,1990,0,0,4442,149,1,"$2,186,291.00"
291,1,1,1,47,10,2003,1,0,6446,366,0,"$38,413.30"
46666,9,0,0,38,10,2011,0,0,3128,277,0,"$4,668,103.10"
88329,7,1,1,20,8,2004,0,0,9532,836,0,"$8,841,056.40"
37103,4,0,1,8,3,2017,0,1,4148,848,0,"$3,714,959.70"
29789,7,0,0,90,6,2014,0,0,6009,879,0,"$2,984,021.40"
1399,7,0,1,67,10,2009,1,0,9089,750,0,"$148,407.90"
13696,2,0,0,40,8,2003,1,1,905,398,0,"$1,371,950.30"
79354,1,1,0,28,9,1991,0,1,4757,895,0,"$7,939,210.10"
93656,6,0,1,8,3,2007,1,0,4173,230,1,"$9,369,720.70"
16247,7,0,0,95,4,1990,0,0,8238,957,0,"$1,634,324.00"
97330,6,1,0,82,9,1996,0,0,362,430,0,"$9,739,677.60"
78982,9,1,0,18,8,2007,1,1,1538,328,1,"$7,905,259.70"
78367,3,1,1,89,8,1995,0,0,6088,319,0,"$7,847,930.50"
98729,6,0,0,4,1,2002,0,0,9090,351,0,"$9,873,352.20"
97651,6,0,0,45,10,1998,1,1,2936,299,1,"$9,769,739.80"
69203,7,0,0,68,6,1993,0,0,9636,732,1,"$6,926,561.30"
44416,10,1,0,46,3,2001,1,0,2296,577,0,"$4,450,953.10"
68494,9,1,1,79,6,1992,0,1,9754,264,1,"$6,854,981.20"
59545,5,0,1,21,10,2020,0,1,5558,642,0,"$5,958,908.00"
66784,1,0,0,3,10,1992,0,1,238,853,1,"$6,679,374.20"
69375,9,1,1,96,3,2003,0,0,9878,954,0,"$6,952,253.30"
75990,6,0,1,6,2,2006,0,1,3803,511,1,"$7,605,199.60"
92539,3,1,0,74,10,2001,1,0,5478,427,1,"$9,260,585.10"
57720,6,1,1,14,6,2017,1,0,3550,794,1,"$5,777,415.70"
44961,8,0,0,50,1,1997,0,1,3790,627,1,"$4,501,549.70"
20964,8,1,1,1,7,2001,1,0,2157,950,0,"$2,101,237.10"
42734,10,0,1,67,2,1990,1,0,8532,195,1,"$4,279,195.00"
23895,6,0,1,26,10,2012,0,0,9891,997,0,"$2,396,762.20"
13877,4,1,1,23,3,2003,0,1,5312,819,0,"$1,397,190.30"
46470,4,0,0,30,6,2012,1,0,3805,313,0,"$4,650,661.20"
17317,1,1,0,97,4,2021,0,1,1466,587,0,"$1,738,012.10"
47542,5,1,1,40,4,1996,0,1,3378,699,1,"$4,764,418.60"
82408,10,0,1,95,10,1997,0,1,8132,416,1,"$8,248,881.70"
9434,1,1,1,91,6,1993,1,0,6177,801,0,"$954,722.30"
16467,6,1,1,55,6,2014,1,0,6574,473,1,"$1,659,656.40"
56296,9,0,1,32,8,2016,1,0,6200,602,0,"$5,637,090.60"
48789,6,1,0,51,8,2007,0,1,6600,591,1,"$4,887,322.70"
5769,5,1,0,79,8,2005,0,1,1964,159,1,"$588,379.50"
51827,8,1,0,59,7,2007,1,1,8141,250,1,"$5,192,441.70"
9115,4,0,1,8,6,1997,1,1,7187,472,1,"$914,381.70"
12641,2,0,1,54,4,2014,1,0,9434,148,0,"$1,270,857.40"
26966,1,1,1,44,7,2002,1,0,2435,792,1,"$2,709,495.20"
65479,7,0,1,48,7,1990,1,1,2907,111,1,"$6,553,618.00"
47583,5,0,0,99,10,1992,1,1,3705,983,0,"$4,762,269.20"
93184,4,0,0,43,5,1992,1,1,3946,159,0,"$9,321,499.20"
1254,6,0,0,57,1,2001,0,1,9002,283,1,"$128,928.10"
95328,6,1,1,24,10,2020,0,0,8716,269,1,"$9,538,747.00"
7388,4,0,1,96,4,2018,1,1,4898,366,1,"$750,538.80"
34555,5,1,1,45,10,2003,1,1,1597,286,1,"$3,467,129.30"
61310,6,0,0,21,5,2006,0,1,5865,618,0,"$6,132,679.60"
20714,10,1,1,83,5,1993,1,1,9406,277,0,"$2,077,129.30"
94704,7,1,1,6,7,2007,0,1,3351,815,0,"$9,480,933.70"
13353,2,1,0,18,3,2011,0,1,6437,559,0,"$1,338,753.10"
57475,3,0,0,83,3,2007,0,1,654,914,0,"$5,753,644.70"
84795,10,0,0,22,8,1992,0,0,5173,407,1,"$8,481,583.20"
70465,9,1,0,11,6,2012,0,0,9473,955,0,"$7,052,303.20"
68270,2,1,0,65,9,2018,0,1,3366,928,1,"$6,835,596.80"
26389,2,0,1,39,10,1993,1,0,4738,904,1,"$2,646,987.30"
57552,2,1,0,19,6,1993,1,0,445,134,1,"$5,759,074.30"
84291,9,0,0,65,10,1998,1,0,7574,721,0,"$8,432,314.80"
60059,5,1,0,9,10,2000,1,1,2181,330,1,"$6,008,916.00"
91513,9,0,0,3,2,2002,1,1,5906,232,0,"$9,152,366.20"
70544,6,0,0,11,6,2002,1,0,5701,322,1,"$7,055,619.20"
16565,4,0,0,95,6,2005,0,1,6950,826,1,"$1,663,375.50"
75865,6,0,1,60,7,1997,0,1,1006,955,0,"$7,595,183.70"
29758,10,1,0,63,1,2021,1,1,5853,514,1,"$2,982,078.10"
95566,8,1,1,21,5,2002,1,1,2871,474,0,"$9,564,576.20"
1090,4,1,1,40,7,2003,1,1,6324,193,1,"$118,270.30"
98319,10,0,1,55,2,2014,0,1,6427,489,1,"$9,837,654.40"
18693,5,1,0,99,9,2005,1,1,2092,423,0,"$1,876,877.50"
21781,1,1,1,26,1,1991,0,1,9090,289,0,"$2,187,037.10"
33662,1,1,0,38,6,2010,1,1,7341,561,1,"$3,370,242.00"
94420,5,1,0,75,6,2020,0,0,2413,311,1,"$9,453,347.00"
53313,10,1,0,35,4,1995,1,0,2157,352,0,"$5,334,996.50"
54060,1,1,1,46,8,1990,1,0,2407,674,0,"$5,414,753.00"
67709,3,1,1,78,5,1994,0,1,1056,359,0,"$6,782,857.40"
85740,8,1,1,59,6,2010,1,0,5447,572,0,"$8,579,832.00"
28659,1,0,1,21,2,1993,0,1,4774,301,1,"$2,869,081.30"
30217,10,1,1,73,5,2014,1,0,5031,498,1,"$3,033,408.40"
58165,1,1,0,2,9,2021,0,1,1746,644,0,"$5,819,124.10"
4014,5,1,0,22,7,2017,1,1,8612,811,0,"$404,625.70"
13523,10,1,0,38,8,1995,1,1,7180,843,1,"$1,358,157.50"
49772,5,0,1,68,7,2007,0,0,2310,995,0,"$4,985,835.70"
85904,6,1,0,43,10,1996,1,1,7909,434,1,"$8,594,924.60"
22541,5,1,1,27,5,2011,1,0,4339,419,0,"$2,264,203.10"
39132,10,0,1,83,2,2008,0,0,1287,161,1,"$3,920,808.80"
32785,10,0,1,21,3,1991,1,1,2935,777,1,"$3,284,948.10"
69831,3,0,1,46,2,2005,0,0,1614,380,1,"$6,990,205.50"
80301,5,1,0,77,6,2001,1,0,213,160,1,"$8,042,286.10"
10802,5,0,1,10,6,2018,1,0,8297,675,1,"$1,086,000.80"
87853,1,0,1,54,9,2011,0,0,5587,297,1,"$8,789,947.10"
86424,10,1,1,100,9,1998,0,1,5568,895,1,"$8,654,131.80"
44595,5,0,0,77,7,1998,1,0,5697,562,1,"$4,460,946.80"
60056,5,0,1,7,7,1995,0,1,7429,344,1,"$6,011,032.50"
30896,8,1,1,15,3,2008,1,0,2033,342,0,"$3,097,036.80"
54484,9,1,0,76,6,2011,1,0,9399,838,0,"$5,456,741.10"
16571,4,0,0,82,5,1993,0,1,8026,463,0,"$1,663,083.30"
87858,9,0,0,31,9,2020,0,1,8181,209,1,"$8,786,967.00"
19869,8,0,0,86,4,2021,0,1,8661,339,0,"$1,992,188.10"
54298,6,1,0,24,2,2017,0,1,8083,829,1,"$5,432,285.70"
8191,1,1,0,30,2,2001,0,1,9361,434,1,"$823,318.10"
79950,2,0,0,64,3,1997,1,0,2113,220,1,"$7,997,513.70"
73332,2,0,1,49,8,2000,0,0,2779,594,0,"$7,339,665.00"
31669,2,1,1,21,7,1998,1,0,5984,920,0,"$3,174,122.80"
97412,7,0,1,90,9,2002,0,0,4015,726,1,"$9,747,182.20"
63163,2,0,1,36,6,2008,0,1,1326,659,0,"$6,324,361.80"
43907,2,0,0,34,3,2017,0,1,6877,612,0,"$4,392,043.70"
64260,5,0,0,29,5,2018,0,1,2011,255,0,"$6,427,856.80"
42585,5,1,1,30,9,2000,0,1,3600,805,1,"$4,266,978.00"
35108,2,1,0,14,5,2009,0,1,7735,480,1,"$3,515,504.90"
12127,1,0,0,69,4,1998,0,0,8522,882,0,"$1,214,434.80"
63669,1,0,0,72,9,2001,1,1,5474,828,1,"$6,372,430.10"
24278,9,0,0,60,8,2000,0,1,6038,673,1,"$2,430,050.00"
18937,3,1,0,45,3,2001,1,0,5676,263,1,"$1,899,216.10"
82865,1,0,1,97,6,2001,0,0,7868,637,1,"$8,296,881.10"
58599,6,0,0,97,9,2010,0,0,140,935,0,"$5,862,285.00"
85101,5,1,1,44,3,2015,0,0,908,104,1,"$8,517,678.50"
95649,8,0,1,8,7,1992,1,1,9403,253,0,"$9,567,841.20"
2448,8,1,0,30,8,1990,1,1,170,158,1,"$251,247.00"
31539,4,0,1,11,6,2010,1,1,8253,749,0,"$3,158,408.00"
96853,9,0,0,62,8,2007,1,0,9286,616,1,"$9,689,548.70"
64718,3,0,1,4,6,2003,1,1,3947,781,1,"$6,476,248.30"
5263,2,1,0,25,3,2014,1,1,2881,659,1,"$530,890.40"
1115,10,1,1,96,6,2014,1,0,1015,517,0,"$129,053.40"
35568,6,0,0,26,9,1998,0,1,951,724,0,"$3,558,401.80"
98423,9,0,0,10,4,2011,1,0,7336,111,0,"$9,843,291.10"
78772,7,1,1,60,1,1995,1,0,6523,275,0,"$7,887,820.50"
6592,5,0,0,99,6,2014,1,0,3049,396,0,"$666,733.40"
22773,1,1,0,44,10,2009,1,0,8129,501,0,"$2,283,953.90"
4800,5,0,1,83,5,1995,0,0,3715,786,1,"$489,132.50"
65322,6,1,1,67,3,2015,0,1,4968,923,0,"$6,543,253.50"
29310,8,0,0,3,4,2000,1,0,10,968,1,"$2,932,138.00"
70742,3,1,1,99,1,1993,0,1,552,261,1,"$7,091,010.30"
60239,1,1,0,77,5,1998,1,1,7220,276,1,"$6,032,661.80"
35693,5,0,1,94,4,2012,1,0,755,149,0,"$3,579,115.20"
8395,10,0,1,2,6,2019,1,0,1618,833,0,"$842,343.90"
81718,9,1,1,20,2,2015,0,1,8712,179,0,"$8,179,978.50"
79368,2,1,1,14,5,2003,1,0,2341,743,0,"$7,940,744.30"
35420,4,0,0,43,4,2010,0,1,4993,813,1,"$3,543,382.00"
33267,9,0,0,68,6,2018,1,0,2950,631,0,"$3,329,395.80"
57971,10,0,0,41,1,1993,1,0,4187,977,0,"$5,800,901.30"
17686,2,1,1,66,9,2010,0,0,3069,303,1,"$1,777,384.00"
59159,10,0,0,80,3,2017,1,1,1811,428,1,"$5,921,171.70"
75700,3,0,0,55,1,2013,0,0,7489,433,0,"$7,571,506.30"
92384,9,0,0,3,9,2014,1,1,789,455,0,"$9,239,195.40"
87425,7,0,1,61,8,2004,1,0,1411,715,0,"$8,748,652.40"
18040,10,1,1,62,1,2016,1,0,3029,157,0,"$1,813,007.60"
68992,4,1,0,39,9,1995,1,0,2245,682,1,"$6,907,585.50"
10141,6,1,0,48,3,1997,0,1,9916,372,0,"$1,020,755.70"
83647,6,0,0,33,9,2003,0,0,6035,405,0,"$8,367,526.30"
94846,8,0,1,60,6,2014,1,1,887,441,0,"$9,492,403.40"
42105,8,0,0,5,7,2015,0,1,7013,480,0,"$4,211,221.50"
49833,2,0,1,48,4,2017,1,1,6874,194,0,"$4,991,168.70"
35825,10,1,0,12,5,1992,1,1,7272,167,0,"$3,587,596.20"
69428,6,0,1,1,1,2013,0,0,8231,118,1,"$6,944,939.30"
77287,6,1,0,86,2,2014,1,1,5138,437,0,"$7,734,572.40"
13166,9,0,0,80,3,2019,0,1,4804,1000,1,"$1,323,421.90"
46131,4,1,1,15,6,2005,0,1,7725,249,0,"$4,619,824.50"
37111,8,1,1,85,4,1991,0,1,2218,679,0,"$3,720,632.10"
46540,4,0,0,85,7,2009,0,1,5740,667,0,"$4,656,975.90"
32369,1,0,1,32,1,2013,1,1,5326,182,1,"$3,242,795.30"
2192,3,1,0,84,1,1999,0,1,9578,748,1,"$226,924.90"
22752,7,1,1,58,10,2008,0,1,7726,988,1,"$2,284,238.80"
43252,10,0,0,14,1,2010,0,0,9888,691,1,"$4,326,741.00"
64697,1,0,0,56,6,2005,1,1,1581,510,0,"$6,474,788.50"
93168,10,0,1,58,9,2002,1,0,6692,690,0,"$9,321,665.20"
94681,8,0,1,38,3,1998,0,0,4413,757,0,"$9,476,231.80"
27903,9,1,0,65,5,2007,1,1,7234,211,0,"$2,800,107.70"
2943,4,1,1,29,2,2005,0,1,4470,851,1,"$302,523.50"
80746,5,0,0,19,3,2003,1,1,7670,892,1,"$8,077,153.30"
13449,3,1,0,99,9,2016,0,1,9907,293,0,"$1,356,395.60"
66907,8,1,1,93,4,2012,0,0,6630,366,0,"$6,703,560.20"
83377,5,0,0,45,5,2003,1,0,937,831,1,"$8,342,685.30"
77849,2,0,0,55,9,2002,0,0,1951,303,0,"$7,789,805.20"
92759,3,1,0,21,8,1992,1,1,3299,760,0,"$9,280,104.20"
47283,7,1,1,6,1,2012,0,1,9325,856,1,"$4,734,429.20"
96593,2,1,0,79,7,2009,1,0,222,761,1,"$9,665,702.90"
71226,6,1,0,66,4,1995,0,0,7795,782,0,"$7,127,541.50"
49136,8,1,1,48,3,2006,0,0,4728,998,0,"$4,919,606.60"
67434,3,1,1,16,6,1997,0,1,3840,906,1,"$6,749,956.70"
55324,6,0,1,47,7,1994,0,1,2998,291,0,"$5,535,750.40"
43410,4,1,0,30,4,2006,1,0,5208,754,0,"$4,346,921.60"
54919,6,1,0,15,3,1996,1,0,4870,647,1,"$5,497,882.60"
3880,4,1,1,85,6,2013,0,0,8299,246,0,"$394,027.30"
7028,10,1,1,20,10,1995,0,1,7528,219,0,"$711,682.50"
31433,8,1,1,6,5,2016,0,1,2568,145,1,"$3,152,681.60"
83521,8,1,1,47,7,2007,0,1,3228,195,1,"$8,360,843.70"
60797,9,1,1,13,2,2002,0,1,558,986,0,"$6,088,961.20"
86284,2,1,0,22,4,1990,1,0,7612,366,0,"$8,632,859.00"
44966,1,0,0,18,10,2020,1,0,5180,328,1,"$4,497,556.00"
18932,9,0,0,51,9,1991,1,0,3661,110,1,"$1,897,312.10"
91250,7,0,0,73,3,1997,1,1,9598,273,0,"$9,129,722.70"
92563,3,1,0,22,8,1993,1,1,4159,722,1,"$9,262,042.30"
48319,4,0,1,54,4,1998,1,1,412,378,1,"$4,839,740.80"
27565,3,1,0,3,9,1999,0,1,5802,634,1,"$2,760,622.90"
38455,9,0,0,77,7,2020,1,0,9249,663,0,"$3,851,261.00"
66180,1,0,0,80,5,2003,0,0,3288,164,1,"$6,619,700.30"
43037,1,0,1,82,10,2015,0,1,8444,426,0,"$4,310,516.50"
49365,8,1,0,46,9,2016,1,1,871,185,0,"$4,941,743.60"
7364,7,1,1,77,10,2010,0,0,4918,650,1,"$746,098.00"
49588,1,0,0,75,7,1998,1,1,9692,301,0,"$4,963,749.80"
51957,5,0,1,16,8,2021,0,0,3141,988,0,"$5,199,371.10"
31383,5,1,0,12,1,2008,1,0,3741,877,0,"$3,144,398.80"
97271,2,0,1,64,4,2011,0,1,9741,800,1,"$9,738,138.10"
74271,3,1,0,6,3,1992,0,1,7245,756,1,"$7,430,269.20"
37217,3,1,0,85,7,2000,1,1,2628,309,0,"$3,729,864.00"
61295,8,0,1,76,1,1995,0,0,8048,329,1,"$6,135,795.50"
53067,4,0,0,74,4,1991,0,0,7988,647,0,"$5,312,209.10"
45732,9,1,1,32,2,2011,0,1,7868,462,0,"$4,583,088.10"
73470,3,1,1,32,2,2001,0,0,5516,234,0,"$7,356,027.10"
75839,7,1,1,73,9,2019,1,0,402,886,0,"$7,595,476.90"
19658,7,0,0,31,9,2005,0,1,7965,818,0,"$1,969,247.50"
67974,10,0,0,2,7,2021,0,0,6054,788,0,"$6,797,812.10"
14195,3,0,0,41,6,1991,0,0,3179,116,1,"$1,421,839.10"
12624,3,0,0,68,4,2001,0,1,270,506,0,"$1,268,100.10"
12739,3,0,0,70,8,2010,1,0,7855,910,0,"$1,278,581.00"
50567,4,0,0,19,3,2013,0,1,1657,531,0,"$5,058,199.30"
25079,10,1,0,99,6,2018,1,1,727,841,1,"$2,515,722.80"
14856,7,0,1,57,1,2018,0,0,3592,819,0,"$1,490,234.80"
48408,1,1,0,60,5,2020,0,1,918,176,1,"$4,844,150.00"
9423,9,0,0,56,9,2010,0,0,2142,926,0,"$944,455.00"
82614,2,1,0,60,1,2002,1,1,58,875,0,"$8,269,246.20"
15726,8,0,1,40,4,2013,0,1,359,867,0,"$1,580,718.30"
78671,2,0,0,17,6,2013,0,0,5203,841,0,"$7,868,709.30"
20197,8,1,0,97,7,1990,0,1,6461,138,0,"$2,027,294.00"
30713,8,0,1,64,9,2011,0,0,9968,446,0,"$3,079,646.10"
83019,7,0,1,79,2,1993,1,0,9536,432,1,"$8,307,344.30"
34639,6,1,1,98,2,2017,1,1,8732,421,0,"$3,474,105.70"
19606,9,1,0,89,10,2009,1,1,7187,668,1,"$1,972,219.90"
54753,6,1,0,84,1,2000,0,1,8285,281,0,"$5,482,557.00"
35750,8,1,1,99,4,1991,0,1,4748,721,0,"$3,587,011.10"
40776,3,1,1,5,7,2005,0,0,7587,188,0,"$4,083,372.50"
76938,6,0,1,64,6,1990,0,1,9365,850,0,"$7,697,356.00"
22421,9,0,0,46,6,1996,1,0,6380,776,0,"$2,245,981.60"
78379,5,1,1,3,2,2002,0,0,4238,140,1,"$7,845,253.20"
28804,5,0,1,36,2,1998,0,0,8294,937,0,"$2,884,048.80"
2434,8,1,1,18,5,2013,0,0,5345,884,1,"$253,611.30"
23281,4,0,0,30,3,2004,0,0,9637,136,0,"$2,329,260.40"
92417,6,0,0,7,10,2001,0,1,8642,412,1,"$9,242,684.10"
82560,2,0,0,56,8,2012,1,1,3950,218,1,"$8,258,817.20"
24936,1,0,0,70,4,2020,0,1,5815,349,0,"$2,498,112.00"
3261,9,1,0,52,4,2013,1,0,6538,172,0,"$333,334.30"
86526,10,1,1,89,8,2003,1,1,4774,735,1,"$8,668,619.30"
81673,7,0,1,3,2,2013,1,0,2412,767,0,"$8,171,876.30"
17901,8,0,0,23,1,2021,0,1,8653,734,1,"$1,791,955.10"
86179,6,0,1,2,4,2013,0,0,894,363,1,"$8,622,983.30"
84465,6,1,0,64,1,2003,1,0,5688,418,0,"$8,455,710.30"
37916,5,1,1,52,8,2004,0,0,4276,627,1,"$3,798,906.40"
20852,2,1,1,11,2,1993,0,1,9496,629,1,"$2,096,217.30"
86258,6,1,1,55,7,1998,1,1,6357,555,0,"$8,632,872.80"
25784,3,0,0,3,1,1995,0,1,4807,121,0,"$2,579,008.50"
27925,7,1,0,93,7,1991,0,0,483,249,1,"$2,805,117.10"
59522,7,1,1,24,5,1996,1,0,3542,394,1,"$5,959,601.60"
31741,8,0,1,89,10,2004,1,0,6044,675,1,"$3,186,350.40"
37491,3,1,0,53,7,2006,1,1,689,620,0,"$3,756,011.60"
74283,3,1,1,61,4,2017,0,0,5945,594,0,"$7,441,067.70"
1251,3,0,1,34,7,1994,0,0,7111,130,0,"$128,837.40"
6389,9,0,1,100,7,1991,0,1,9768,479,0,"$645,862.10"
92090,10,0,0,9,7,2020,0,1,6989,504,1,"$9,210,284.00"
85562,10,0,1,33,10,2007,0,1,5732,386,0,"$8,560,277.70"
90722,7,1,0,30,7,1999,1,1,1975,690,1,"$9,075,929.90"
66159,7,0,1,26,7,1991,1,0,5825,434,1,"$6,622,247.10"
71481,3,0,1,35,3,2007,1,0,9555,942,1,"$7,153,828.70"
20166,1,0,0,89,9,1992,0,0,5504,845,0,"$2,022,517.20"
14635,10,0,0,82,8,1997,0,0,6425,465,1,"$1,471,115.70"
9180,1,1,0,47,3,2021,1,1,5264,534,1,"$926,287.10"
45330,10,1,0,9,7,2018,0,1,7772,627,1,"$4,538,131.80"
39486,7,1,1,94,5,1997,0,0,187,583,1,"$3,955,805.70"
85448,4,0,1,54,3,2003,1,0,6809,202,0,"$8,548,169.30"
54941,8,0,1,87,2,2010,0,1,8814,330,0,"$5,500,531.00"
46317,1,0,0,87,6,2010,0,0,3009,959,1,"$4,634,439.00"
36842,3,0,0,36,1,2013,0,0,7010,855,1,"$3,686,933.30"
40101,1,1,1,68,4,2009,1,1,1153,794,0,"$4,023,279.90"
38586,4,1,0,82,6,1992,1,0,2920,185,1,"$3,866,990.20"
14274,4,0,0,88,9,1990,1,1,243,349,0,"$1,432,787.00"
63860,9,1,0,95,9,1997,1,1,9641,934,1,"$6,392,454.70"
34891,2,0,1,34,4,2020,0,1,1871,169,0,"$3,496,198.00"
98433,2,1,0,62,8,2000,1,0,2401,317,0,"$9,851,666.00"
98827,7,0,0,73,4,2014,0,1,647,514,1,"$9,886,586.40"
52100,6,1,0,55,5,2018,1,0,5990,503,1,"$5,212,486.80"
19185,1,1,0,84,2,1996,1,1,8514,221,0,"$1,926,146.60"
58027,7,0,1,35,9,2015,1,1,8401,865,0,"$5,807,819.50"
93409,2,0,0,9,6,2013,1,0,7980,622,1,"$9,342,104.30"
28193,6,1,1,82,4,2008,1,1,4083,643,0,"$2,830,504.80"
24936,1,0,1,94,7,1995,1,1,1318,993,1,"$2,503,388.50"
5579,2,0,1,93,9,2010,0,1,5773,368,1,"$567,203.00"
87479,9,0,1,78,3,2004,1,1,3269,829,1,"$8,752,889.40"
60824,3,1,0,34,10,1995,0,1,8330,165,1,"$6,086,663.50"
54888,2,0,1,33,8,2017,1,0,182,853,0,"$5,494,594.70"
46865,6,1,0,39,3,2020,1,1,1187,912,1,"$4,690,710.00"
41143,1,0,0,93,1,2003,0,0,5736,952,0,"$4,116,195.30"
61847,3,0,0,96,9,2014,1,0,7804,718,0,"$6,190,109.40"
16016,4,1,1,2,6,2016,0,1,3311,967,1,"$1,611,775.60"
30159,3,1,0,9,6,2013,1,0,7204,520,1,"$3,021,149.30"
32597,6,1,0,64,7,1993,1,1,7663,385,1,"$3,269,431.30"
91824,3,1,1,75,4,1991,1,0,4280,883,0,"$9,191,892.10"
90097,8,1,0,94,2,2013,1,0,5202,957,1,"$9,020,358.30"
85854,5,0,1,46,8,2001,1,0,6111,516,1,"$8,592,747.10"
6556,5,1,1,46,5,1997,0,0,715,832,0,"$665,259.70"
83808,5,1,1,86,6,2002,0,1,4434,553,1,"$8,396,265.20"
41301,3,1,0,31,1,2017,1,1,3108,120,0,"$4,138,612.70"
51517,2,0,0,83,3,2018,1,1,3752,890,0,"$5,155,871.80"
94856,6,1,0,34,2,1994,1,0,9235,120,0,"$9,488,018.40"
3818,10,0,0,32,1,2011,1,1,6682,546,1,"$383,235.10"
24297,10,1,0,20,10,1992,0,0,9339,863,0,"$2,432,581.20"
80656,6,1,1,26,8,2012,0,1,5837,127,0,"$8,072,208.20"
84254,4,1,1,95,7,1990,1,1,3106,992,0,"$8,436,781.00"
96140,2,0,0,28,7,1997,0,0,2566,106,0,"$9,615,267.70"
4261,5,0,0,74,9,2016,1,0,2648,667,0,"$433,557.60"
9502,6,1,1,22,1,2005,0,1,9415,445,0,"$957,812.50"
46390,2,1,0,87,5,2010,1,1,6706,623,1,"$4,645,999.00"
77989,4,1,1,45,7,2017,1,1,8263,997,1,"$7,809,037.70"
36563,8,1,1,78,5,2002,1,0,8063,626,0,"$3,668,071.20"
27492,4,0,0,1,10,2002,0,0,5607,951,0,"$2,749,560.20"
63720,8,0,1,59,1,1990,0,1,279,542,1,"$6,380,496.00"
88328,5,0,1,19,3,2010,0,0,4895,636,0,"$8,836,891.00"
10559,5,1,0,42,9,2001,0,1,6513,720,0,"$1,059,700.10"
36799,2,0,0,15,6,1998,1,0,8005,548,1,"$3,680,514.80"
52899,5,0,1,54,3,2006,0,1,2001,613,0,"$5,297,388.60"
67697,9,0,1,15,7,1993,1,0,7645,112,1,"$6,775,896.30"
82372,3,1,0,2,6,2012,0,0,6577,876,1,"$8,241,290.20"
93197,4,0,1,46,9,2009,1,0,992,876,0,"$9,325,361.90"
68703,3,1,1,12,9,2007,0,0,3071,442,0,"$6,874,684.70"
44626,9,1,1,39,8,2004,0,0,2047,824,1,"$4,468,759.40"
48809,1,0,0,54,4,2012,1,0,3253,916,1,"$4,884,591.20"
61152,8,1,0,34,1,2007,0,1,8053,884,1,"$6,121,942.70"
25230,5,1,0,28,5,2000,0,0,3447,846,1,"$2,528,241.00"
55153,4,1,0,8,9,1997,0,0,7646,308,0,"$5,521,415.70"
15320,3,1,1,25,2,2011,1,1,9146,580,0,"$1,541,104.10"
62064,9,0,0,42,4,2003,0,0,6148,705,1,"$6,210,682.30"
84285,4,1,1,32,9,1993,1,0,6570,888,1,"$8,439,379.30"
35067,10,1,1,30,4,1992,1,0,9739,602,0,"$3,515,220.20"
70945,7,1,0,13,2,2011,1,1,621,537,0,"$7,099,572.10"
69348,3,0,0,44,10,2016,1,0,2039,408,1,"$6,937,939.60"
23705,9,1,0,88,6,1990,1,1,138,591,1,"$2,381,470.00"
53359,7,0,0,47,6,2018,0,1,2648,652,1,"$5,340,229.80"
52801,9,1,0,25,6,1999,1,0,4699,326,1,"$5,286,434.90"
79109,10,1,0,36,8,1991,1,0,7903,886,1,"$7,917,767.10"
6305,9,0,0,98,4,1992,1,0,9743,133,0,"$640,701.20"
19739,1,0,0,84,6,2021,1,1,1335,227,0,"$1,979,188.10"
72838,5,0,0,31,4,1998,1,1,3357,678,1,"$7,285,684.80"
94639,6,1,1,72,10,2001,0,1,5829,237,1,"$9,472,276.10"
43503,7,1,0,34,8,2000,1,0,4752,427,0,"$4,357,290.00"
36489,9,0,0,58,9,2006,1,1,206,359,1,"$3,653,934.60"
67397,9,1,1,51,2,2003,1,1,2690,534,1,"$6,749,164.30"
22136,5,0,0,72,5,2007,0,0,7089,215,0,"$2,218,930.70"
66819,9,1,1,54,10,2009,1,0,2132,761,1,"$6,694,413.90"
39688,9,0,0,79,7,2003,1,1,3321,793,0,"$3,974,008.30"
66670,8,0,0,42,2,2004,1,0,8416,715,0,"$6,669,170.40"
66274,2,0,0,76,7,2005,1,1,5386,295,1,"$6,632,910.50"
67125,10,0,1,49,9,1993,0,0,8717,142,1,"$6,717,281.30"
72239,4,0,0,20,3,1993,0,0,9534,955,0,"$7,226,199.30"
71846,7,0,0,4,7,2019,0,0,1399,291,0,"$7,185,293.90"
73190,6,1,1,27,2,2001,1,1,2873,157,1,"$7,331,191.10"
20258,6,0,1,60,9,2011,0,0,5859,922,0,"$2,033,594.10"
79176,5,0,0,45,7,2016,0,1,7164,806,1,"$7,919,191.60"
54927,8,0,0,16,6,1997,0,0,8481,613,1,"$5,494,599.70"
62960,1,1,1,72,1,2013,0,0,3214,643,1,"$6,305,088.30"
7002,4,1,1,37,2,1995,1,0,3821,661,1,"$710,140.50"
65029,1,0,0,70,10,2021,0,1,3184,159,0,"$6,507,042.10"
71876,5,0,1,24,10,2019,1,0,8135,618,0,"$7,194,841.90"
81468,1,0,1,39,5,2009,1,1,7553,184,1,"$8,152,781.90"
80823,2,0,1,31,9,2004,1,0,1180,307,1,"$8,088,333.40"
57132,9,1,0,70,8,2014,0,1,671,832,1,"$5,724,484.40"
29528,5,0,0,16,4,2016,1,0,2515,934,1,"$2,954,357.60"
80759,10,1,1,79,8,2009,0,0,1339,242,1,"$8,087,126.90"
94540,6,1,1,20,1,2012,1,0,5199,568,0,"$9,460,696.20"
48070,10,0,0,65,7,2013,0,1,4077,109,1,"$4,812,736.30"
8962,2,1,1,49,5,2008,0,0,4716,742,1,"$906,747.80"
41738,2,0,0,41,8,2019,0,1,3875,856,0,"$4,176,013.90"
62314,4,1,1,32,2,1997,0,1,3322,584,0,"$6,241,387.70"
50668,3,1,0,29,10,2006,1,0,8205,502,1,"$5,071,084.60"
2725,8,1,0,50,2,2014,1,1,9573,146,1,"$280,421.40"
88205,6,1,0,63,1,1998,1,0,7110,404,1,"$8,827,584.80"
51785,8,1,1,81,2,2003,1,0,7229,865,0,"$5,191,640.30"
52284,4,0,1,58,3,2013,1,1,6926,301,0,"$5,236,681.30"
77411,3,1,1,9,8,2018,0,0,6481,152,1,"$7,746,795.80"
50875,5,1,1,43,1,1991,1,0,8637,178,1,"$5,097,157.10"
5640,4,1,0,44,2,2018,1,1,8766,313,0,"$567,329.80"
4371,9,1,0,13,2,2020,1,1,9765,563,1,"$440,119.00"
98257,8,0,0,69,2,2001,1,1,8466,689,0,"$9,828,903.10"
90499,2,1,1,75,7,1997,0,0,7822,745,1,"$9,057,504.70"
622,2,0,0,17,2,2010,0,1,6506,528,1,"$63,977.00"
40777,10,1,0,53,7,1993,1,0,5905,885,1,"$4,085,326.30"
1008,10,0,0,73,6,2005,1,1,7988,505,0,"$102,749.50"
57718,6,1,0,69,4,1993,1,0,9975,573,0,"$5,781,612.30"
17167,7,0,1,60,3,2004,1,0,9477,757,0,"$1,722,105.40"
46131,10,0,1,31,9,2013,0,1,8713,933,1,"$4,616,542.30"
40567,9,1,0,96,3,2001,1,1,8629,491,1,"$4,065,377.10"
77151,2,0,1,7,3,2016,1,1,7404,535,0,"$7,718,218.60"
94943,6,0,1,21,10,1991,1,0,6589,917,1,"$9,497,260.10"
31179,9,1,0,56,5,2008,0,1,5749,641,0,"$3,126,446.80"
80693,3,1,0,80,4,2018,1,1,5794,653,0,"$8,078,843.80"
16145,4,1,1,24,10,2008,1,0,3209,265,0,"$1,624,354.80"
9678,9,1,0,87,9,2008,0,0,2142,787,1,"$971,236.80"
73554,1,0,0,46,2,2004,0,0,5221,289,0,"$7,358,902.40"
6914,4,0,1,29,1,1996,1,0,1723,263,0,"$697,528.60"
2995,8,0,1,10,3,2019,1,1,9970,569,1,"$303,184.90"
68245,8,0,0,99,1,2005,1,1,7027,374,1,"$6,827,724.50"
52649,8,0,1,54,7,2004,1,0,908,503,1,"$5,272,349.40"
39040,6,0,0,50,8,2009,1,1,9320,936,0,"$3,905,700.90"
33936,3,1,1,93,8,2018,1,0,11,590,1,"$3,406,131.80"
18762,5,1,0,7,5,1991,0,1,2869,504,1,"$1,880,746.10"
40952,10,1,1,57,10,2004,1,1,1473,688,1,"$4,104,641.40"
90404,5,1,1,9,4,2004,1,0,4656,931,0,"$9,048,377.40"
94947,7,1,0,97,2,2000,1,1,4753,364,0,"$9,501,779.00"
81866,1,1,0,53,5,2007,1,1,6574,396,0,"$8,192,664.70"
49909,2,0,1,5,6,2006,0,0,3565,228,1,"$4,994,456.60"
31042,2,1,1,48,3,2017,1,0,1653,294,1,"$3,111,504.70"
35810,3,0,1,100,9,2001,0,1,1939,696,0,"$3,589,881.10"
2985,4,1,0,12,2,2011,0,0,7032,943,0,"$301,138.10"
63693,7,1,0,36,9,2005,1,0,5515,873,1,"$6,375,077.50"
94754,9,0,0,82,10,2010,0,0,3353,688,1,"$9,481,349.00"
15162,4,1,0,91,4,2012,1,1,8215,806,1,"$1,521,757.20"
32956,5,1,1,46,8,1993,1,1,7599,838,1,"$3,305,549.30"
96224,7,0,1,33,10,1990,0,0,6992,573,0,"$9,627,880.00"
86806,2,0,0,96,9,2001,1,1,8692,515,0,"$8,683,516.10"
42537,10,0,0,74,2,2010,1,0,6399,547,0,"$4,256,423.00"
77045,2,0,1,25,4,2013,1,0,6537,955,1,"$7,708,578.30"
76912,3,1,0,2,2,2005,0,0,5294,993,1,"$7,695,798.50"
33814,3,0,1,63,6,2014,1,0,3128,328,1,"$3,390,442.40"
4052,4,1,1,34,3,2002,1,0,247,953,0,"$416,251.20"
634,3,0,1,10,6,1990,1,1,5713,588,1,"$66,144.00"
32325,2,0,1,22,1,2009,0,0,8975,758,1,"$3,237,949.90"
59348,3,0,0,45,8,1995,0,0,3429,876,0,"$5,939,099.50"
40148,8,0,1,91,10,2003,1,1,9401,692,0,"$4,023,820.30"
62064,8,1,1,34,1,2007,0,0,4987,710,1,"$6,216,761.70"
23172,9,0,0,19,5,2015,1,0,7661,435,0,"$2,319,447.50"
80277,9,1,1,27,9,2019,0,1,5542,523,1,"$8,038,200.90"
62236,6,0,0,32,6,2011,1,1,5406,919,0,"$6,224,903.10"
58110,7,1,1,1,3,2003,1,1,9379,499,0,"$5,814,953.30"
99952,8,1,0,69,7,2000,0,1,1285,192,1,"$9,998,411.00"
9780,6,0,1,36,7,1992,0,0,7110,537,0,"$982,222.20"
26230,8,1,1,21,6,2005,1,1,4570,474,0,"$2,630,871.50"
44509,7,1,0,26,3,2005,0,0,7221,267,0,"$4,454,810.50"
94182,7,0,1,58,2,2005,0,1,1660,535,0,"$9,426,417.50"
28309,1,0,1,36,2,2009,0,1,3323,501,1,"$2,838,029.90"
98710,6,1,0,40,5,1994,0,0,3411,260,1,"$9,877,813.40"
6362,3,1,0,95,2,1994,0,1,4341,328,0,"$644,794.40"
21857,1,1,0,16,4,2006,0,1,8040,147,0,"$2,191,307.60"
60064,6,1,0,93,4,2015,1,1,8570,490,0,"$6,014,103.50"
41526,6,1,0,91,1,2014,1,0,8349,575,1,"$4,163,200.40"
65163,7,0,1,49,1,2018,0,1,1666,940,1,"$6,521,655.80"
38355,1,1,1,22,7,1992,0,0,5234,487,0,"$3,840,740.20"
8020,4,0,1,85,2,2012,1,0,6296,970,0,"$810,755.20"
95780,4,0,1,36,3,2011,0,1,3382,301,0,"$9,583,143.10"
63267,3,1,0,36,6,2007,0,0,988,316,0,"$6,335,282.70"
69314,9,1,1,80,7,2020,0,1,2084,118,1,"$6,940,209.00"
37781,10,0,0,31,9,2010,1,1,9571,472,0,"$3,781,636.00"
77210,3,1,1,27,3,1999,1,0,1272,217,0,"$7,729,101.90"
50792,7,0,1,74,5,2021,0,1,9192,451,1,"$5,089,100.10"
98934,9,0,1,95,3,1993,1,1,9407,138,0,"$9,902,124.30"
74265,2,1,0,87,10,2014,1,1,2985,777,1,"$7,437,378.40"
93180,3,1,0,54,1,2006,1,0,531,776,1,"$9,324,362.60"
4809,10,0,1,48,7,2003,1,0,4742,923,0,"$484,933.30"
91673,6,0,0,47,2,2011,1,0,2224,153,0,"$9,170,900.10"
13027,10,0,1,2,7,2011,0,1,8344,341,0,"$1,306,637.10"
40010,2,0,1,20,1,1992,1,0,2162,275,1,"$4,006,702.20"
86019,3,0,0,91,9,2014,1,0,4019,829,1,"$8,611,760.40"
65427,6,0,0,81,7,2013,0,0,2049,651,1,"$6,544,509.30"
52202,1,0,0,69,4,2010,1,1,8270,551,0,"$5,225,648.00"
85345,1,1,1,22,3,1995,0,0,6755,959,1,"$8,541,574.50"
7472,9,0,1,16,3,1991,1,0,1922,208,0,"$753,639.10"
60167,5,1,0,81,3,2014,1,0,2881,881,1,"$6,023,926.40"
822,1,0,1,17,9,1994,0,1,6382,819,1,"$86,104.40"
17889,3,1,0,84,9,2012,1,0,6772,250,0,"$1,797,252.20"
78122,10,0,0,33,5,2018,0,0,6797,954,1,"$7,815,968.80"
39831,2,1,0,78,7,2013,0,1,803,125,0,"$3,989,679.30"
67947,1,0,0,79,10,2000,0,0,5715,917,0,"$6,798,431.00"
90265,1,0,0,4,1,1990,0,0,7773,827,1,"$9,026,973.00"
21522,10,0,1,11,8,2008,1,0,2259,804,1,"$2,157,060.80"
79298,1,0,1,64,3,2007,1,0,2025,824,1,"$7,935,780.70"
6481,5,1,1,60,10,2017,1,1,3579,517,1,"$660,339.70"
87204,2,0,0,90,1,2007,1,1,6225,192,0,"$8,729,160.70"
19526,7,0,1,55,2,1999,1,1,5752,562,1,"$1,962,173.90"
61527,2,0,0,49,6,2007,1,1,464,705,1,"$6,157,867.70"
52141,6,0,0,35,4,2010,0,1,8712,487,1,"$5,215,581.00"
45370,2,1,1,28,5,2011,0,1,7717,583,0,"$4,545,472.10"
38511,2,0,0,27,3,2005,1,0,9764,123,0,"$3,852,614.50"
54462,9,1,1,36,5,2001,0,0,5999,800,0,"$5,458,103.10"
83847,3,0,0,73,3,2008,0,0,8793,759,1,"$8,386,564.80"
70213,3,0,1,32,8,1991,1,0,3866,322,1,"$7,025,651.10"
22328,7,1,1,54,6,2008,0,1,5198,827,1,"$2,243,514.80"
72870,3,1,1,29,7,2007,1,0,1533,167,0,"$7,293,420.70"
34980,10,1,1,84,8,2016,0,1,2449,129,0,"$3,507,649.60"
73136,2,1,0,88,9,2006,1,1,1730,967,0,"$7,325,694.60"
90087,1,0,1,80,3,1995,1,1,63,498,1,"$9,015,048.50"
16714,8,0,1,9,6,1998,0,1,6412,933,0,"$1,675,672.80"
52455,6,0,1,20,1,2021,0,1,943,443,1,"$5,250,717.10"
10817,2,0,1,12,9,2000,0,1,2414,654,0,"$1,087,354.00"
95367,6,0,0,41,10,2000,0,0,630,730,0,"$9,539,232.00"
94018,6,1,0,99,3,2004,1,1,3034,781,0,"$9,414,111.40"
38947,5,0,0,76,5,1996,0,1,1230,867,1,"$3,897,019.60"
46976,7,1,0,91,1,2006,1,0,6827,844,1,"$4,705,156.60"
34673,1,0,1,30,4,2001,1,0,9532,822,1,"$3,473,056.10"
17392,1,0,1,78,4,2001,0,1,6280,442,0,"$1,745,197.10"
43359,7,0,1,51,7,1991,1,0,9880,831,1,"$4,341,769.10"
32309,8,1,1,88,9,2002,0,1,6445,542,0,"$3,242,419.20"
88352,4,1,1,100,3,2017,0,1,8867,597,0,"$8,844,632.70"
50878,6,0,0,9,3,2016,0,1,5153,135,0,"$5,089,157.60"
60886,8,0,0,12,7,2005,1,1,8290,252,0,"$6,090,272.50"
63792,7,0,0,39,3,2000,1,0,4550,738,1,"$6,381,705.00"
85215,5,0,1,1,7,2000,0,0,2403,810,0,"$8,526,942.00"
80998,2,0,1,34,3,1992,0,0,7518,618,0,"$8,107,792.20"
29250,2,0,1,71,5,2015,0,1,187,729,1,"$2,935,648.50"
37941,7,0,0,41,1,2013,0,1,2711,583,1,"$3,796,341.30"
11242,9,1,0,75,1,2000,0,1,9700,562,1,"$1,127,009.00"
91558,2,0,0,46,1,1992,0,0,8565,304,0,"$9,158,541.20"
87819,7,0,0,4,1,2006,1,0,5912,377,0,"$8,782,664.60"
10035,4,1,0,6,5,2005,1,0,440,961,0,"$1,006,634.50"
57676,6,0,0,47,7,1991,0,1,8251,583,0,"$5,769,101.10"
20297,4,0,1,82,9,2002,1,0,8804,101,0,"$2,035,832.20"
68006,10,0,1,80,4,2010,0,0,4738,473,1,"$6,812,540.00"
48994,1,0,1,3,9,1992,1,1,8889,255,1,"$4,904,547.20"
66738,6,1,0,19,8,1995,1,1,4510,726,1,"$6,680,395.50"
22855,5,0,0,80,9,2017,1,1,2046,906,0,"$2,289,561.70"
21196,3,0,1,7,8,2004,0,1,2789,128,1,"$2,124,683.40"
36702,1,1,1,45,3,2020,0,0,8850,476,0,"$3,678,080.00"
76612,3,1,1,57,5,2000,0,0,4407,210,0,"$7,670,470.00"
22974,5,0,0,50,10,2020,0,1,1698,826,1,"$2,300,702.00"
16348,2,0,1,4,10,2008,0,0,6070,542,1,"$1,640,404.80"
50109,3,1,1,27,1,2018,1,0,478,690,0,"$5,019,832.80"
41759,8,0,1,64,10,1995,0,1,7628,557,1,"$4,181,321.50"
19572,8,1,1,64,1,2017,0,0,6782,383,1,"$1,969,866.70"
712,3,1,1,19,8,2019,0,0,330,661,1,"$80,879.90"
88172,7,0,0,41,7,2018,0,1,8601,190,0,"$8,818,402.80"
46944,4,1,1,2,3,1995,0,0,4029,158,0,"$4,699,401.50"
79649,10,1,0,98,8,2009,1,1,3251,261,0,"$7,976,501.90"
27488,7,1,0,28,4,2004,1,1,5009,718,1,"$2,756,731.40"
10972,3,1,0,73,10,2017,0,0,3653,923,0,"$1,105,258.70"
17797,3,0,1,82,10,1992,1,0,1253,579,1,"$1,792,290.20"
16252,6,1,0,58,7,1998,1,1,6786,748,1,"$1,630,793.80"
71603,1,1,1,7,1,2010,1,0,1864,402,0,"$7,169,029.00"
87022,8,1,0,89,6,2012,0,0,9969,874,0,"$8,707,681.20"
62289,5,0,1,96,8,1998,1,1,3573,423,0,"$6,233,774.80"
5825,10,1,1,90,2,2016,0,0,4888,424,1,"$598,186.60"
85225,7,1,0,21,2,1993,1,0,4706,482,0,"$8,527,022.30"
5820,10,1,0,78,4,2010,1,0,5270,435,1,"$592,006.00"
90539,6,1,1,81,3,2012,1,0,8002,521,1,"$9,069,445.20"
35233,4,1,1,52,6,2000,0,0,1637,361,1,"$3,536,738.00"
98559,4,0,0,94,2,1991,0,1,3762,173,1,"$9,862,559.10"
58056,6,0,1,29,9,1998,1,0,927,955,1,"$5,809,089.80"
91207,7,1,0,26,7,2004,0,1,8088,976,0,"$9,126,333.40"
67923,8,1,0,66,7,2018,1,1,2913,512,1,"$6,799,955.80"
12641,3,1,0,63,9,1992,0,0,2049,528,1,"$1,272,159.20"
35691,7,1,1,95,5,2016,1,1,8370,340,1,"$3,582,171.60"
48627,9,1,1,87,2,2000,0,0,9952,607,1,"$4,871,835.00"
5183,5,0,1,78,3,2013,0,0,6823,864,0,"$521,772.30"
16631,3,0,0,95,9,2003,1,1,1180,681,0,"$1,667,835.30"
18144,1,1,0,8,5,2020,1,1,5561,554,1,"$1,819,929.00"
10586,4,1,1,6,10,1991,1,1,7139,558,1,"$1,066,983.10"
64235,10,1,0,69,10,1992,1,1,5291,187,1,"$6,431,380.20"
88584,3,1,1,87,4,2011,0,0,7946,769,0,"$8,867,048.10"
2310,2,1,0,9,4,2012,1,0,8380,470,1,"$234,237.20"
55217,10,0,1,28,7,2007,1,0,6282,669,0,"$5,526,674.70"
64539,1,0,0,68,8,2002,0,0,8487,709,0,"$6,457,482.20"
90947,6,1,1,61,6,2014,0,1,5886,225,1,"$9,103,454.40"
68837,9,1,0,55,9,1997,0,0,2198,367,0,"$6,889,494.70"
60721,5,0,0,48,6,2015,0,0,4906,954,1,"$6,073,407.50"
51459,2,1,0,28,8,1992,0,0,485,424,0,"$5,149,505.20"
12820,2,0,0,16,8,2018,1,0,3771,661,0,"$1,283,027.80"
20734,5,0,1,63,3,1995,0,1,9622,731,0,"$2,077,771.50"
91988,4,1,1,47,4,2006,0,1,766,452,1,"$9,206,879.60"
40286,8,0,1,51,2,1993,1,0,5570,500,1,"$4,035,154.30"
10719,1,0,1,17,2,2018,1,1,9253,116,0,"$1,076,789.80"
17783,6,0,0,1,3,2003,0,1,9688,172,1,"$1,778,779.30"
72065,5,0,1,34,2,2015,0,1,9962,339,1,"$7,210,625.50"
58626,5,0,1,30,3,1993,1,0,7840,964,0,"$5,866,206.30"
13147,5,1,1,71,2,1997,0,1,6253,544,0,"$1,326,980.70"
90304,7,1,1,78,5,1990,0,0,4093,807,0,"$9,044,776.00"
80780,7,1,1,55,8,2016,1,1,8744,213,0,"$8,088,913.60"
82301,8,0,0,21,3,2012,0,0,9558,775,1,"$8,232,053.20"
78039,8,0,0,9,9,2010,1,0,1944,119,0,"$7,804,837.00"
92783,7,0,1,57,3,1996,0,1,4561,305,1,"$9,281,484.60"
67134,1,0,0,60,1,1992,1,1,6867,753,0,"$6,719,369.20"
27792,6,1,1,15,6,2007,0,1,5470,487,1,"$2,786,854.70"
96637,6,0,1,8,6,2008,1,1,8396,159,1,"$9,667,457.80"
36877,6,1,0,92,7,2008,0,0,8435,705,1,"$3,695,191.80"
88120,3,0,1,17,5,2009,1,1,455,477,1,"$8,816,378.90"
4385,1,1,1,56,4,2006,0,0,8249,357,0,"$445,694.60"
75903,10,0,1,27,1,2010,1,1,1609,601,0,"$7,594,699.00"
1171,10,0,1,85,3,1997,0,0,1662,884,0,"$126,268.70"
44615,6,0,0,34,4,2012,1,0,128,693,0,"$4,465,651.20"
65543,1,1,1,90,3,2008,0,0,9519,396,1,"$6,559,662.80"
17246,4,0,1,10,9,2007,0,0,6326,921,1,"$1,728,544.70"
7236,8,0,0,52,10,2003,1,0,9700,140,0,"$725,656.30"
32078,10,0,0,65,3,2012,0,1,5986,377,1,"$3,209,311.20"
82184,4,1,0,48,4,2011,1,0,6520,171,1,"$8,221,783.10"
6686,9,0,1,26,2,2020,1,1,551,464,0,"$675,399.00"
18536,9,0,0,28,10,1994,0,1,7513,465,0,"$1,856,793.40"
52683,9,0,0,57,9,2007,1,0,502,959,1,"$5,274,308.70"
32286,8,1,1,11,5,2008,1,0,2290,267,0,"$3,233,772.80"
34796,2,1,0,47,9,2001,1,1,9407,776,1,"$3,483,606.10"
26669,3,0,1,82,5,2009,0,0,2089,254,0,"$2,671,083.90"
47606,2,0,1,16,4,2021,0,0,5121,371,1,"$4,763,586.10"
91435,5,1,0,92,10,2019,1,1,4904,292,0,"$9,153,666.90"
889,10,1,0,30,7,1999,1,1,2656,847,1,"$92,858.90"
67511,3,0,1,67,10,1996,0,1,8668,279,1,"$6,759,802.60"
52655,10,0,0,6,4,1990,1,0,5798,750,1,"$5,266,351.00"
82432,1,0,0,57,8,2015,1,1,192,200,0,"$8,245,134.50"
75680,9,0,0,77,2,2009,1,1,5647,210,0,"$7,572,315.90"
28543,6,1,0,29,7,1990,1,1,6817,529,1,"$2,859,167.00"
66851,3,1,0,87,4,1990,1,0,5318,678,0,"$6,691,843.00"
49031,7,1,1,37,3,2020,1,1,1634,396,1,"$4,910,323.00"
71630,8,1,0,45,4,1996,1,0,2176,973,0,"$7,169,854.60"
25362,8,0,1,71,3,1995,0,1,3557,395,0,"$2,545,732.50"
87412,6,0,0,40,7,2020,0,1,6150,241,1,"$8,745,542.00"
41057,6,0,0,18,3,2014,0,1,449,162,1,"$4,106,731.40"
93325,4,1,1,73,10,2000,1,1,7511,626,0,"$9,346,064.00"
40330,10,0,0,28,4,2008,1,0,659,215,1,"$4,034,416.80"
5134,6,1,1,14,4,1994,0,0,2307,974,1,"$519,772.40"
93443,3,1,0,93,3,2015,0,1,9796,139,0,"$9,349,955.50"
55558,6,0,1,85,8,2020,1,1,867,215,0,"$5,564,448.00"
61694,2,0,1,4,7,2001,1,1,2380,726,0,"$6,172,206.10"
32713,3,0,0,93,8,1990,1,1,5579,332,0,"$3,278,723.00"
9428,8,0,0,34,10,1991,0,1,2787,744,0,"$944,839.10"
92032,6,1,1,5,1,2012,1,1,9502,268,0,"$9,212,773.20"
28091,1,1,0,93,8,2005,0,1,9433,390,0,"$2,815,613.50"
54706,4,1,0,46,2,2010,0,0,6787,467,1,"$5,475,756.00"
97429,6,1,1,29,1,2021,0,0,6846,675,1,"$9,751,706.10"
7808,10,1,1,18,9,2008,0,0,1463,834,1,"$789,027.80"
60265,3,1,1,45,9,1990,0,1,4110,599,0,"$6,033,313.00"
57850,9,0,0,93,10,1993,0,0,7085,141,1,"$5,789,083.30"
72554,10,0,1,79,5,2014,1,0,8908,758,1,"$7,268,379.40"
6966,2,0,1,97,3,2008,0,1,6552,893,1,"$700,650.80"
79957,8,1,1,42,1,2010,0,1,7192,599,1,"$8,003,950.00"
3629,10,0,1,33,3,1991,1,1,2249,202,1,"$369,764.10"
8732,1,0,0,37,6,2021,1,0,4070,763,1,"$876,270.10"
56514,9,0,0,48,3,1991,1,1,3987,677,0,"$5,652,969.10"
20533,3,1,0,91,9,2019,1,0,9659,618,0,"$2,056,508.90"
16625,3,0,0,8,9,2014,1,1,1946,545,0,"$1,664,023.40"
12313,8,1,0,55,4,2018,0,1,8829,803,1,"$1,240,834.80"
68052,4,0,0,5,3,1992,0,0,189,269,0,"$6,805,894.20"
35383,2,1,0,96,10,2009,0,1,6067,271,0,"$3,548,725.90"
8977,8,0,1,56,1,2015,1,0,6239,149,0,"$905,128.50"
79356,10,0,1,24,3,2001,0,1,1994,601,1,"$7,940,419.10"
67639,10,1,0,58,6,2012,0,0,7153,785,1,"$6,768,972.20"
21145,2,0,0,84,9,1997,0,1,923,188,1,"$2,119,485.70"
26009,3,1,1,9,6,1997,1,0,5716,801,1,"$2,606,754.70"
68580,9,0,1,53,8,2017,0,0,9874,1000,0,"$6,863,504.70"
88780,1,1,1,89,1,2016,0,0,4778,275,0,"$8,887,352.60"
72114,6,1,0,32,5,1990,1,0,9165,176,0,"$7,215,802.00"
89756,7,1,0,36,6,2018,1,0,7684,860,1,"$8,980,810.80"
1770,4,1,1,15,5,2015,1,0,364,658,1,"$183,765.50"
20109,7,1,0,28,5,1996,1,0,8494,858,1,"$2,017,287.60"
61067,7,1,1,39,3,1993,0,0,691,244,0,"$6,110,904.30"
30690,6,0,0,52,6,2015,0,0,4645,474,0,"$3,072,879.50"
12161,2,1,0,16,8,2005,1,1,9463,996,1,"$1,218,405.50"
47364,10,1,0,9,7,1999,0,1,9364,740,0,"$4,739,985.90"
57066,8,0,1,39,5,1991,0,1,2545,971,0,"$5,711,304.10"
97760,2,0,0,82,1,2011,0,1,5082,744,1,"$9,780,377.10"
47476,9,1,1,92,5,2020,0,0,8099,866,1,"$4,761,612.00"
32176,5,0,0,43,1,1999,1,0,2285,198,0,"$3,220,156.90"
98547,4,1,1,100,8,2001,0,0,5959,573,0,"$9,865,243.10"
86171,6,0,1,79,7,2021,0,0,9062,100,0,"$8,621,486.10"
65711,8,1,1,63,9,1992,0,1,5463,523,1,"$6,579,419.20"
73585,2,0,0,56,3,1999,0,0,105,210,0,"$7,359,509.90"
26665,7,1,0,62,9,2001,1,0,131,656,1,"$2,671,587.10"
69094,3,0,1,67,8,2018,1,1,2649,681,0,"$6,919,039.80"
27538,2,1,1,34,2,2000,0,1,993,209,0,"$2,761,292.00"
64922,5,1,1,11,5,2013,1,1,1975,225,1,"$6,500,624.30"
74600,2,0,0,21,5,2014,0,1,6617,226,1,"$7,461,192.40"
56595,1,1,1,2,10,2014,0,1,2429,162,1,"$5,664,278.40"
18037,3,0,0,16,7,2009,0,1,4570,336,0,"$1,805,824.90"
56587,10,0,1,98,10,2006,1,0,6539,505,0,"$5,670,619.60"
20105,7,0,1,20,9,1999,1,0,5797,836,1,"$2,017,609.90"
46322,9,0,0,1,5,2005,0,1,8312,546,0,"$4,632,807.50"
31301,9,1,1,91,6,2018,1,1,7180,878,1,"$3,142,338.80"
91952,10,1,1,80,9,2015,1,0,6435,978,0,"$9,207,839.50"
92948,7,0,0,47,4,1997,0,0,2471,213,1,"$9,297,047.70"
66812,5,1,0,57,8,2006,1,0,4238,810,1,"$6,687,761.60"
76424,5,0,1,81,7,2021,0,1,9985,505,0,"$7,647,871.10"
14823,6,0,0,65,4,1993,1,0,8095,283,0,"$1,484,434.30"
26682,2,1,1,6,4,2001,0,1,3514,636,1,"$2,675,367.10"
12995,3,1,1,18,7,1996,0,1,5729,194,1,"$1,305,488.60"
94789,7,0,1,3,9,1992,1,1,4633,895,1,"$9,484,024.20"
34703,9,0,0,68,6,2006,0,1,9584,636,1,"$3,476,698.60"
9691,2,1,0,56,8,1996,0,0,9727,603,1,"$978,280.60"
84118,2,0,1,52,1,2006,0,0,2660,785,1,"$8,416,992.60"
39272,6,0,1,79,2,2020,0,1,3992,458,1,"$3,936,310.00"
51037,8,0,1,49,1,2018,1,0,4346,109,0,"$5,107,476.80"
17325,1,1,0,37,7,1997,0,1,1830,755,0,"$1,737,822.70"
39104,9,1,1,70,2,2017,0,1,7647,997,0,"$3,920,958.70"
11247,8,1,0,69,2,2008,0,0,6319,356,0,"$1,129,896.80"
87000,3,0,0,9,5,2008,0,1,2744,568,0,"$8,700,807.80"
99999,1,0,0,68,4,2012,1,1,7631,776,0,"$10,006,771.20"
55888,3,1,0,82,8,2011,0,1,3338,583,1,"$5,594,957.10"
75296,1,1,0,76,1,2015,0,1,7837,422,1,"$7,535,664.50"
83512,7,1,1,45,6,2005,0,1,6862,225,0,"$8,358,211.50"
22825,10,1,1,18,6,1998,0,1,6184,397,0,"$2,289,049.80"
58287,5,0,0,98,4,1996,0,0,3654,247,0,"$5,837,331.60"
91441,6,1,1,88,3,2013,1,0,5440,359,0,"$9,155,265.30"
57564,7,0,0,18,2,1999,1,0,6422,927,1,"$5,758,203.90"
82280,6,0,1,89,1,2019,1,0,8129,349,0,"$8,235,158.90"
62646,5,1,1,43,2,2005,0,0,1710,784,0,"$6,273,246.50"
50133,1,1,0,92,9,2013,0,0,1617,263,0,"$5,019,119.30"
69719,7,1,1,87,3,1993,0,1,6303,767,0,"$6,982,744.30"
81840,2,0,0,34,4,1996,1,0,9967,101,0,"$8,186,999.60"
7851,7,1,1,19,7,1992,0,1,9947,418,1,"$793,981.20"
76564,7,0,0,88,10,1999,0,0,4284,733,0,"$7,662,557.90"
2095,7,1,0,27,10,1991,0,1,633,851,0,"$213,708.10"
13287,2,1,0,76,10,2003,0,1,7799,410,1,"$1,335,371.30"
94457,2,1,0,82,2,1991,0,0,308,755,0,"$9,455,820.10"
96573,8,1,0,28,6,1993,1,0,2651,303,1,"$9,664,738.30"
97898,10,1,0,2,3,1991,1,1,7753,760,1,"$9,794,464.10"
18642,4,0,0,65,8,2013,0,1,195,666,1,"$1,865,856.30"
52259,7,0,1,72,6,2003,1,0,1558,734,1,"$5,236,500.30"
68362,5,0,0,57,1,2006,0,0,6429,690,0,"$6,840,206.60"
66395,1,0,1,57,6,2006,1,0,1475,276,1,"$6,647,572.60"
10590,10,0,0,5,2,2013,0,1,4524,566,0,"$1,060,141.30"
51271,5,0,1,36,8,2018,0,0,3104,978,0,"$5,133,444.80"
91436,10,1,0,81,8,1997,0,0,645,879,0,"$9,151,236.70"
68072,7,0,1,40,2,2019,0,0,207,418,0,"$6,812,764.90"
12172,5,0,0,15,10,2007,1,0,4188,433,0,"$1,218,235.70"
34750,2,0,1,1,9,1993,0,1,9149,167,0,"$3,478,934.30"
52832,7,0,1,70,4,1993,1,0,1450,885,1,"$5,292,504.30"
87683,9,0,1,57,3,1993,1,0,1759,850,1,"$8,774,909.30"
25145,8,1,1,96,10,1998,0,0,4529,296,0,"$2,521,346.80"
18426,5,1,1,31,3,1996,1,0,461,840,1,"$1,854,935.60"
9381,7,0,0,77,5,1998,0,1,3817,423,0,"$943,600.80"
81658,10,0,1,14,4,2008,0,0,5367,215,1,"$8,171,711.80"
10028,2,1,0,56,6,2012,0,0,7965,106,0,"$1,009,529.20"
76352,10,1,1,12,2,2006,0,1,4185,694,0,"$7,641,804.60"
21247,9,1,1,43,5,2004,1,0,7906,815,0,"$2,136,110.40"
84805,9,0,1,9,7,2004,0,1,501,406,1,"$8,486,115.40"
8928,5,0,1,6,3,2018,1,1,2174,822,1,"$896,505.80"
14762,9,1,1,59,7,2002,1,0,7143,764,1,"$1,484,350.20"
53454,9,0,1,22,7,1996,0,1,9037,382,0,"$5,349,280.60"
35409,9,1,0,58,1,1992,1,1,4826,258,1,"$3,546,437.20"
53161,7,1,0,4,6,1993,1,1,1464,639,0,"$5,320,392.30"
12760,8,1,1,28,3,2015,0,0,1991,455,0,"$1,284,972.50"
42826,1,0,0,49,2,1998,1,1,8174,854,0,"$4,287,076.80"
58394,9,1,0,56,3,2001,0,0,3215,239,0,"$5,848,843.10"
95143,1,0,0,72,2,2010,1,1,8157,373,1,"$9,517,871.00"
46532,9,0,0,85,8,2000,0,0,5004,108,0,"$4,661,805.00"
42272,6,0,0,9,10,2009,0,0,7611,757,1,"$4,228,013.90"
42981,1,0,0,73,5,2014,0,1,7819,785,0,"$4,300,680.40"
62384,3,1,0,36,2,2005,0,1,7856,536,0,"$6,242,453.50"
81653,8,0,0,8,2,2005,1,0,5594,115,0,"$8,166,002.50"
63278,2,1,0,32,6,2011,1,1,8052,153,1,"$6,332,923.10"
95307,7,1,1,62,4,1994,0,1,3681,724,1,"$9,537,644.40"
72545,5,1,1,78,6,2021,1,1,7668,911,0,"$7,260,052.10"
66777,2,1,0,100,9,1998,0,0,2203,545,0,"$6,685,851.80"
61001,2,1,0,15,7,2013,1,1,2408,526,1,"$6,105,043.30"
65790,5,1,0,62,5,1991,1,0,892,180,1,"$6,589,425.10"
35948,4,0,0,53,10,2008,1,0,8724,357,0,"$3,596,039.80"
54929,2,0,1,4,7,2005,1,0,3412,170,0,"$5,498,846.50"
18397,8,0,0,93,7,1990,1,0,4891,930,1,"$1,846,201.00"
4623,3,0,1,58,10,2009,1,0,872,311,0,"$468,494.90"
58433,4,0,1,29,9,2018,1,1,7744,945,1,"$5,848,135.80"
79767,10,1,0,17,6,2013,0,0,4962,429,1,"$7,981,643.30"
58036,5,0,1,35,9,2007,0,1,4484,865,1,"$5,809,016.70"
6051,1,0,0,88,7,2015,0,1,5330,713,0,"$612,527.50"
22703,9,0,0,53,1,2018,0,0,979,487,1,"$2,273,445.80"
29319,6,1,0,47,3,2001,0,1,5846,407,1,"$2,939,576.10"
53722,8,1,1,96,1,2021,0,0,8599,804,1,"$5,383,626.10"
32218,8,1,0,39,4,2015,1,0,9705,728,1,"$3,225,722.50"
93288,6,1,0,73,7,2002,0,0,8206,432,0,"$9,334,856.20"
30402,7,0,0,33,9,2012,1,0,8054,984,1,"$3,043,179.20"
75632,4,1,1,12,8,2002,0,0,9594,601,0,"$7,573,328.20"
34592,8,0,0,80,7,1996,0,1,7058,753,1,"$3,467,169.60"
34304,8,0,0,95,2,2003,1,1,477,678,0,"$3,434,850.30"
21112,9,0,1,94,2,2019,1,1,7570,105,1,"$2,121,485.90"
40266,7,0,1,14,4,2009,0,0,3106,851,1,"$4,028,831.90"
93533,4,0,0,33,5,2017,0,0,9325,816,0,"$9,356,028.70"
78672,3,1,1,66,6,1995,1,0,6121,470,0,"$7,877,999.50"
47833,1,1,0,82,7,2008,1,0,4111,223,0,"$4,791,653.80"
22142,8,0,0,97,8,1995,1,0,3913,618,0,"$2,220,957.50"
19819,2,0,0,35,10,2000,0,0,9281,175,0,"$1,984,840.00"
69967,10,0,0,35,6,2012,0,1,4397,169,0,"$6,997,746.20"
28555,10,1,1,40,9,2018,0,0,1267,534,0,"$2,860,957.80"
25881,5,1,1,34,9,2004,0,0,1972,659,1,"$2,596,473.40"
81624,9,1,1,4,1,2004,1,1,7404,345,1,"$8,169,425.40"
73943,2,1,1,32,10,2005,1,1,4065,328,1,"$7,405,498.50"
78101,7,0,1,24,1,1995,1,1,919,862,0,"$7,814,923.50"
22162,9,0,1,99,10,1994,1,0,5587,693,1,"$2,223,268.40"
72836,3,1,0,24,8,2009,1,0,8012,526,1,"$7,289,126.90"
56614,3,0,0,13,1,1997,1,1,7692,880,0,"$5,662,574.70"
838,3,1,1,8,2,2003,1,1,3367,855,0,"$92,181.30"
25946,2,1,0,80,9,1999,1,0,2221,717,1,"$2,600,384.90"
17250,1,0,1,50,3,2021,1,1,233,917,0,"$1,734,432.10"
19387,2,0,0,64,4,2020,1,0,9284,654,1,"$1,940,788.00"
36503,10,1,1,90,10,2007,1,0,7309,633,0,"$3,659,340.70"
61752,9,0,1,57,2,2018,0,0,2373,393,0,"$6,181,908.80"
25136,5,1,1,35,7,2011,0,0,9715,745,1,"$2,520,958.10"
95989,9,1,1,46,5,2017,1,1,4482,188,1,"$9,610,818.70"
27665,6,1,1,24,10,2011,1,0,7584,861,1,"$2,771,481.10"
79169,3,0,0,39,4,2010,1,0,5102,464,1,"$7,918,220.00"
69642,2,1,1,24,9,2016,1,1,3147,648,1,"$6,974,699.60"
28727,4,0,1,23,6,2001,0,1,9487,450,0,"$2,877,589.10"
88940,8,1,0,5,1,2003,0,0,1220,968,0,"$8,896,898.30"
82978,1,0,0,62,1,1997,1,0,6974,578,0,"$8,299,837.70"
22374,10,1,0,67,5,2002,1,0,3445,381,0,"$2,244,101.20"
7169,9,1,0,8,1,2003,0,1,4688,371,0,"$722,385.30"
91380,3,0,1,33,8,2015,0,0,1329,816,1,"$9,144,773.50"
20799,7,1,0,47,8,2007,1,0,6761,155,1,"$2,084,113.70"
28446,5,1,1,61,4,2010,1,0,2439,640,1,"$2,852,653.00"
81618,8,0,1,80,5,2009,0,1,6008,733,1,"$8,170,899.90"
44513,2,0,1,40,7,2004,0,0,5258,309,1,"$4,457,308.40"
66436,10,0,1,51,3,2021,0,1,675,251,0,"$6,650,734.10"
55482,5,1,0,78,9,2016,0,0,92,202,0,"$5,558,268.60"
23376,10,1,0,43,9,2002,1,0,8961,596,0,"$2,346,829.20"
48380,5,0,1,35,7,1997,1,0,4835,552,0,"$4,842,254.70"
38765,4,0,1,56,2,2003,1,0,8594,398,0,"$3,882,491.30"
2484,6,0,1,23,7,2012,1,1,554,833,1,"$252,179.20"
5624,9,1,0,2,8,2014,0,1,756,265,1,"$566,535.40"
71541,7,1,1,44,3,2015,1,0,8881,302,1,"$7,159,919.50"
98857,9,1,0,15,3,2016,1,1,854,116,1,"$9,889,895.60"
6948,3,0,1,18,7,1997,0,1,7781,489,0,"$698,524.70"
16284,4,1,1,29,5,2019,1,1,2289,505,0,"$1,638,521.90"
60261,7,0,0,63,3,2006,0,1,9712,667,0,"$6,032,370.60"
92304,9,1,0,53,9,1996,1,0,2602,783,0,"$9,234,228.60"
32071,9,1,0,53,5,1998,0,1,6938,776,1,"$3,213,146.80"
76454,6,0,0,88,1,1990,0,1,8381,959,1,"$7,647,961.00"
70210,6,1,0,56,9,2021,1,0,8937,345,0,"$7,025,129.10"
75584,1,1,0,69,6,2016,1,1,190,328,1,"$7,567,791.60"
41669,6,1,1,34,5,2005,1,0,3252,484,0,"$4,176,148.50"
8940,10,1,0,39,3,2011,1,0,3985,790,1,"$899,258.10"
79628,1,1,0,59,3,2003,0,1,8615,752,1,"$7,967,880.30"
52979,3,0,1,45,9,2010,1,1,6879,708,1,"$5,304,197.00"
75414,6,1,0,75,3,1999,1,1,468,804,1,"$7,551,847.90"
91515,1,1,1,33,5,1997,1,0,2845,909,0,"$9,157,101.70"
68767,4,0,1,13,8,2014,0,0,5913,226,1,"$6,880,980.40"
90111,9,1,0,30,4,2008,1,0,1346,994,0,"$9,014,247.80"
1967,4,1,1,76,10,2009,0,0,3038,505,0,"$207,245.90"
21843,3,0,1,10,2,2018,1,1,570,437,0,"$2,186,457.80"
45049,6,1,1,80,10,2000,1,1,3486,525,0,"$4,519,980.00"
925,4,1,0,51,4,1998,1,0,1388,985,1,"$97,785.80"
53956,5,0,0,97,5,2001,1,0,137,620,1,"$5,401,835.10"
3343,7,1,0,65,6,2004,0,1,5841,281,0,"$344,710.40"
25942,8,1,1,30,2,2021,0,0,1136,145,0,"$2,601,765.10"
51171,8,0,1,91,5,1991,0,0,6243,961,1,"$5,125,181.10"
82629,9,0,0,51,8,2012,1,1,6941,840,1,"$8,267,316.20"
78721,6,0,0,59,6,1997,0,0,7256,508,1,"$7,875,331.70"
82900,10,0,1,11,7,2013,0,0,3959,767,1,"$8,295,028.30"
79399,1,1,0,44,10,2006,0,1,1033,869,1,"$7,946,835.60"
87078,1,1,0,77,10,2002,0,0,3076,856,1,"$8,714,830.20"
65246,1,1,1,31,5,2008,1,0,8038,991,1,"$6,529,755.80"
48271,7,0,1,47,4,2008,0,0,1924,883,0,"$4,835,629.80"
61311,5,1,1,4,8,2008,1,1,9512,616,0,"$6,137,635.80"
742,1,1,1,6,6,1995,0,1,9552,626,1,"$81,336.50"
55164,3,1,1,64,1,2007,1,1,9636,725,1,"$5,526,826.70"
37448,3,1,1,58,1,2000,1,1,6941,877,1,"$3,754,453.00"
34208,3,1,1,2,1,2013,0,0,5868,508,1,"$3,428,754.30"
21442,4,0,0,16,6,2018,1,1,4095,534,1,"$2,145,503.80"
69290,4,0,0,38,3,2009,0,1,8296,225,0,"$6,932,336.90"
15299,4,1,0,95,2,2020,0,1,4927,997,0,"$1,542,950.00"
30203,2,0,0,86,1,2019,0,0,1994,934,0,"$3,029,401.90"
74069,9,1,1,91,7,1993,0,0,4836,268,1,"$7,417,780.30"
780,8,0,1,95,9,2005,0,1,1624,149,1,"$82,916.50"
85060,3,0,0,12,9,1998,0,0,8413,298,0,"$8,507,007.80"
47143,7,1,1,63,5,1990,0,1,8840,798,1,"$4,728,886.00"
40194,1,0,1,69,10,2005,0,0,2540,226,0,"$4,022,680.50"
74411,7,1,0,82,4,2017,0,0,4699,854,1,"$7,450,324.70"
3527,6,1,0,79,1,1999,1,1,6224,338,0,"$358,050.90"
85185,3,0,1,11,1,2015,0,0,9938,370,0,"$8,522,775.50"
68772,6,0,1,98,5,2018,1,1,1631,821,0,"$6,885,105.80"
6281,2,1,1,10,1,1996,0,0,4461,361,1,"$636,186.60"
8319,9,0,0,55,10,2019,0,1,9668,403,1,"$834,891.90"
39572,10,0,1,15,6,2021,1,1,7125,497,0,"$3,960,690.10"
61787,10,0,0,53,6,2000,1,0,9961,531,0,"$6,182,153.00"
71117,2,1,0,22,7,2010,1,1,761,644,0,"$7,116,581.00"
42903,7,1,1,28,4,1991,1,1,3336,562,1,"$4,297,348.10"
68847,10,0,0,30,6,2019,0,1,3592,634,1,"$6,888,091.90"
55035,5,1,0,92,10,2021,1,0,8272,822,1,"$5,513,804.10"
76485,1,1,0,14,1,1992,1,1,6449,264,0,"$7,652,091.20"
27521,4,0,0,81,9,2002,0,1,7048,492,0,"$2,754,134.20"
63072,5,0,1,5,2,2008,1,0,4048,116,1,"$6,311,417.80"
60454,9,1,0,50,5,2003,1,0,2112,869,0,"$6,054,212.30"
43204,7,1,0,22,5,2005,0,1,6269,977,1,"$4,322,877.50"
70279,3,0,1,31,7,2005,0,0,9453,402,1,"$7,035,681.50"
99303,1,1,0,76,10,1998,0,1,9151,875,1,"$9,940,504.80"
52952,1,1,1,36,6,2019,1,1,9731,206,1,"$5,303,295.90"
40139,7,0,1,27,3,1991,1,1,6579,828,1,"$4,017,300.10"
26960,1,1,1,5,2,2004,1,0,9032,478,1,"$2,699,467.40"
21726,8,0,0,20,5,2016,0,1,306,292,1,"$2,173,491.60"
18098,9,1,0,23,4,2008,0,0,8546,990,0,"$1,813,099.80"
23519,2,1,0,31,4,1992,0,0,2898,625,1,"$2,358,426.20"
50949,5,1,0,9,6,1996,0,0,3213,725,1,"$5,097,163.60"
80834,7,0,1,45,5,2003,1,1,630,195,0,"$8,089,908.30"
77743,7,1,1,8,7,2001,0,0,7258,783,0,"$7,780,280.10"
97124,5,1,1,79,8,2020,0,0,264,162,0,"$9,725,279.00"
80459,5,1,0,25,7,1991,0,0,496,983,1,"$8,050,098.10"
59237,9,1,0,85,3,2012,1,1,165,828,1,"$5,932,547.20"
43579,10,1,0,87,4,2019,0,1,1392,516,1,"$4,361,420.90"
10484,9,0,0,43,10,2016,1,1,3872,799,1,"$1,051,974.60"
19907,6,0,1,47,7,2020,0,1,1080,498,1,"$1,996,937.00"
68643,5,1,1,2,1,2020,0,1,8979,614,0,"$6,870,485.00"
67457,3,1,1,57,2,2003,0,0,8367,676,1,"$6,757,663.30"
44593,3,0,1,21,10,2015,1,1,320,470,1,"$4,465,177.50"
56339,5,1,1,21,10,2012,0,0,4673,626,0,"$5,642,801.20"
74817,8,1,0,53,8,1996,0,1,9036,709,0,"$7,490,782.60"
51109,8,0,0,38,6,2017,1,1,1368,754,0,"$5,114,433.70"
63601,5,1,0,51,2,2006,0,0,1811,105,0,"$6,368,141.60"
72926,3,0,0,28,10,2011,1,1,5630,448,0,"$7,295,797.10"
1562,5,1,1,31,6,1996,0,0,701,115,1,"$167,143.60"
2536,3,1,0,25,5,2018,0,0,264,669,1,"$258,795.80"
44175,8,0,0,1,9,1995,0,1,4000,200,0,"$4,418,372.50"
4069,2,0,1,3,5,2003,0,0,6946,630,0,"$411,451.30"
73082,4,1,1,18,9,2007,0,1,3716,418,0,"$7,318,776.70"
37718,7,0,0,5,10,1994,1,1,1768,689,1,"$3,772,814.40"
47386,4,0,1,73,8,2012,0,0,725,937,1,"$4,746,476.20"
33871,6,0,1,64,6,2008,1,0,9488,269,1,"$3,394,030.80"
45406,2,1,0,54,9,1998,0,1,9302,837,0,"$4,545,686.80"
66434,7,0,0,16,8,2009,1,1,2276,262,1,"$6,644,460.90"
23684,5,0,0,76,10,2013,0,1,6588,931,0,"$2,370,875.30"
47177,3,1,1,25,4,2002,0,1,1157,910,0,"$4,726,802.20"
61661,7,0,0,33,10,2004,0,0,6270,151,1,"$6,168,562.40"
449,5,0,0,59,2,2011,1,1,5930,132,0,"$50,344.10"
66648,4,0,1,52,10,1999,0,1,748,319,1,"$6,670,719.90"
48757,6,0,0,51,4,2017,1,1,9681,278,0,"$4,879,405.70"
23558,9,0,0,65,2,2010,0,0,2336,319,0,"$2,359,701.00"
56223,6,1,1,31,5,2016,0,1,4779,689,0,"$5,629,298.60"
14137,4,1,1,50,7,2021,0,0,9290,189,0,"$1,425,174.10"
59386,7,0,1,27,4,2000,1,1,2341,734,1,"$5,942,766.00"
34826,2,1,0,2,2,2011,1,0,6494,129,0,"$3,488,059.10"
12785,8,0,1,35,8,2019,0,0,5795,834,0,"$1,284,860.90"
72587,4,1,1,20,5,1998,1,0,7012,493,0,"$7,265,382.80"
69804,8,1,0,8,2,2007,0,1,8059,785,1,"$6,984,611.70"
63915,6,0,0,72,6,2002,0,0,7612,896,0,"$6,396,088.20"
24415,4,0,0,4,9,2019,0,0,4510,836,1,"$2,442,299.90"
91007,8,0,0,6,7,2004,1,0,5933,324,1,"$9,101,688.40"
24023,10,1,0,11,6,1998,1,1,1490,642,0,"$2,405,911.80"
66716,9,1,0,72,10,2013,0,1,7644,196,1,"$6,678,899.30"
44653,1,0,1,78,1,2002,0,0,9351,266,0,"$4,473,832.20"
91013,2,0,1,65,9,2010,0,0,6098,565,1,"$9,111,320.00"
14725,7,1,0,69,4,1997,0,0,6787,121,1,"$1,484,099.70"
61115,5,0,1,56,10,1991,1,1,6995,469,1,"$6,116,454.10"
90925,7,0,0,45,3,2007,1,0,8,958,0,"$9,094,635.70"
54717,4,1,1,3,6,2019,0,1,8650,424,1,"$5,478,930.90"
53708,10,1,0,73,4,2006,1,0,6615,718,1,"$5,378,041.60"
55413,7,1,1,64,5,2018,1,1,8161,522,0,"$5,551,048.80"
74875,9,1,1,7,4,2017,1,0,7067,196,0,"$7,495,681.70"
65844,2,0,1,68,2,1998,1,0,1264,705,1,"$6,587,579.80"
28613,7,0,0,13,6,1997,1,0,1582,386,1,"$2,862,135.70"
99458,2,1,1,77,1,1994,0,0,6255,220,0,"$9,957,307.40"
69399,6,0,0,1,6,2003,0,0,9456,604,0,"$6,940,277.30"
51237,10,1,1,32,9,2017,1,0,9301,388,0,"$5,130,743.70"
29276,6,0,0,41,2,1997,0,0,1366,108,0,"$2,928,782.70"
50938,5,1,1,49,5,1994,1,0,5170,731,1,"$5,103,724.40"
39614,6,0,1,66,8,2001,1,0,9419,946,1,"$3,968,931.10"
5758,10,1,0,57,8,1990,1,0,387,308,1,"$581,130.00"
60562,7,0,1,4,5,2014,1,0,7722,125,1,"$6,061,364.40"
28048,3,0,0,93,1,1998,0,1,7318,844,1,"$2,806,887.80"
92649,4,1,0,54,4,2015,1,0,6367,327,1,"$9,270,413.50"
16354,3,1,1,53,3,2019,1,0,6420,160,0,"$1,645,035.90"
50418,2,0,0,64,7,2006,1,0,620,440,1,"$5,047,372.60"
20075,5,0,0,87,3,2000,0,1,1432,807,1,"$2,010,227.00"
54729,9,1,1,9,2,2001,0,1,4763,281,1,"$5,479,404.10"
34767,1,0,0,91,1,2017,0,0,257,654,1,"$3,481,346.70"
31388,3,1,1,18,1,2015,0,1,7904,626,0,"$3,145,817.50"
37134,1,1,1,9,1,2005,1,1,1826,607,0,"$3,718,807.50"
14011,4,0,1,59,2,2002,0,1,9027,585,1,"$1,408,285.20"
87589,6,0,1,80,2,2016,1,1,1104,531,0,"$8,769,157.60"
40993,9,0,1,7,8,2017,1,0,8833,112,0,"$4,102,780.70"
92811,4,0,1,91,5,2014,0,1,6492,396,1,"$9,293,471.40"
26867,3,0,0,30,10,2000,0,1,2923,577,0,"$2,690,300.00"
49170,6,0,1,21,3,1991,0,1,4929,571,1,"$4,923,152.10"
77081,7,0,1,54,5,1995,0,1,242,419,1,"$7,711,931.50"
66959,7,1,0,36,8,2010,1,0,2741,294,0,"$6,699,322.00"
82458,10,0,1,14,9,2001,1,1,5165,624,1,"$8,250,503.10"
85615,8,1,1,63,3,2009,0,0,2503,548,0,"$8,572,770.90"
61803,4,1,1,39,2,2005,0,1,1851,740,0,"$6,187,398.50"
93190,1,0,0,44,5,1998,1,0,4817,998,0,"$9,322,069.80"
79240,9,1,0,66,3,1994,0,0,3190,166,1,"$7,928,275.40"
86184,4,1,1,42,4,1993,1,0,6361,945,1,"$8,625,590.30"
57097,7,0,1,31,7,2011,1,1,6657,582,0,"$5,715,926.10"
683,2,1,1,31,3,2009,0,1,6528,172,0,"$76,430.90"
22255,6,1,1,65,3,2002,0,1,4297,978,0,"$2,239,467.20"
43586,7,1,0,96,6,2015,0,0,6790,626,0,"$4,366,236.50"
55472,10,0,1,13,6,2008,1,1,4205,653,1,"$5,553,013.80"
58253,2,1,0,94,1,2014,1,1,4926,990,1,"$5,832,546.40"
46308,6,0,0,97,5,2009,0,0,2825,861,0,"$4,639,736.90"
65961,2,0,1,18,10,1997,0,0,6764,211,0,"$6,600,131.70"
77262,1,0,1,38,5,1990,1,1,8000,210,1,"$7,732,674.00"
48399,5,0,1,72,2,2007,0,0,6962,246,1,"$4,847,310.70"
75402,8,0,1,21,10,2003,1,0,521,257,1,"$7,545,050.30"
54750,9,0,0,69,4,1990,1,0,4193,783,1,"$5,481,119.00"
25968,1,1,0,4,5,2002,0,1,8566,112,0,"$2,601,762.20"
28993,2,1,0,3,6,1998,0,0,3119,552,1,"$2,902,643.80"
28605,2,0,1,25,6,2003,1,1,1624,492,0,"$2,866,459.30"
68184,3,0,0,85,4,1998,1,1,1937,112,0,"$6,823,394.80"
98283,2,0,1,8,9,2003,0,1,7569,236,0,"$9,833,681.30"
95238,6,1,0,54,9,2019,0,1,1533,395,0,"$9,530,991.90"
67519,3,0,0,55,10,2014,1,1,3599,298,0,"$6,754,271.40"
33608,9,1,0,18,2,1998,0,1,2298,616,1,"$3,365,171.80"
22851,6,0,0,22,10,2011,1,0,3531,480,1,"$2,287,033.10"
69165,8,1,0,10,5,2019,0,0,2470,125,0,"$6,919,982.90"
15321,1,0,0,8,4,2014,1,1,2829,853,1,"$1,533,279.40"
74477,9,1,1,27,8,1994,1,0,8045,109,0,"$7,454,179.40"
17668,7,1,0,25,9,1995,0,0,8821,326,1,"$1,771,537.50"
19794,8,1,1,19,5,1992,1,0,6784,246,1,"$1,985,050.20"
21294,3,1,1,44,7,2017,1,0,8661,964,0,"$2,140,798.70"
56753,4,0,0,99,6,2012,1,0,1207,276,1,"$5,682,190.20"
35753,3,1,0,28,10,2017,0,1,5690,923,1,"$3,580,868.70"
14118,10,1,1,37,5,1991,0,1,6843,959,0,"$1,418,040.10"
39307,5,0,1,55,3,1999,0,0,4625,571,1,"$3,937,946.90"
21477,4,0,1,18,8,1992,1,1,2677,338,1,"$2,152,653.20"
52264,9,1,1,89,6,2006,1,1,491,981,1,"$5,230,980.60"
61350,6,1,0,92,2,1995,0,1,5277,435,1,"$6,139,665.50"
71993,6,1,1,79,4,2012,0,1,5357,233,1,"$7,211,507.20"
60450,8,1,0,31,9,1996,0,0,3105,688,0,"$6,051,258.60"
42791,10,0,0,38,5,2008,0,0,4072,492,1,"$4,281,322.80"
9289,1,0,0,59,6,2008,0,1,7262,484,0,"$934,488.80"
84888,1,0,0,6,2,1997,1,0,9528,111,1,"$8,489,801.70"
45867,2,1,1,25,6,2019,0,0,6109,178,1,"$4,594,103.90"
72100,4,1,1,97,1,2015,1,0,3233,325,0,"$7,226,586.50"
13381,4,0,0,69,8,2013,1,0,175,634,1,"$1,340,414.30"
27690,6,0,0,31,9,1990,1,1,8449,434,0,"$2,772,656.00"
18149,6,1,1,92,4,2002,1,0,2467,470,1,"$1,829,948.20"
85154,10,1,0,33,6,1994,0,1,9887,740,1,"$8,518,699.40"
10851,5,0,1,95,4,1999,0,1,6671,387,0,"$1,095,539.90"
19214,9,0,1,42,8,2010,1,1,4573,654,0,"$1,925,120.00"
93450,3,1,0,63,9,2021,1,0,4453,416,0,"$9,350,673.10"
25051,4,0,0,32,5,1997,0,0,125,978,0,"$2,506,485.70"
54300,2,1,1,60,10,2011,0,0,2678,314,1,"$5,442,438.10"
22241,7,0,0,39,3,1990,1,1,523,920,1,"$2,225,712.00"
26853,5,0,1,28,9,2005,0,1,8610,961,0,"$2,689,625.50"
42360,3,0,0,59,6,1992,1,1,4091,555,0,"$4,239,495.20"
50710,6,0,0,6,4,2011,0,0,3848,137,0,"$5,071,797.10"
7512,9,1,1,24,4,1999,1,0,1867,508,1,"$758,423.90"
28956,2,0,1,2,6,1991,0,0,7047,879,1,"$2,898,953.10"
71001,9,0,0,46,6,1998,1,1,3398,245,0,"$7,104,645.80"
96364,4,1,1,59,10,2005,0,0,8954,965,0,"$9,648,728.50"
74315,7,1,0,17,7,2002,0,1,2758,721,0,"$7,435,387.20"
4487,7,1,0,64,10,2020,1,0,6917,272,1,"$456,380.00"
75066,7,1,1,79,6,2021,0,1,1780,686,1,"$7,519,416.10"
81374,10,1,1,15,4,2020,1,1,1091,629,1,"$8,143,861.00"
92490,4,0,0,44,8,2015,1,1,5233,797,1,"$9,250,743.50"
24686,9,1,1,58,8,1995,0,0,1145,760,0,"$2,474,395.50"
81548,6,1,1,71,3,2016,0,0,3118,480,1,"$8,161,315.60"
83789,4,0,0,55,10,1992,0,1,518,404,1,"$8,382,124.20"
82407,5,0,0,70,6,2019,1,0,2601,538,1,"$8,244,581.90"
15763,10,0,0,58,7,1994,0,1,8631,835,1,"$1,581,323.40"
56191,5,0,1,78,5,1997,1,0,1325,175,0,"$5,629,430.70"
93324,10,1,1,38,4,1994,0,1,1027,960,1,"$9,343,406.40"
75039,8,1,1,26,8,2021,0,0,2821,164,0,"$7,512,308.10"
24270,1,0,1,96,9,2005,0,0,9110,987,0,"$2,436,202.50"
19277,3,1,1,34,2,1990,1,1,9790,415,1,"$1,936,026.00"
48799,9,1,0,87,9,2007,1,0,4551,401,1,"$4,886,995.70"
86184,1,1,0,50,5,1992,1,0,9976,615,1,"$8,624,330.20"
21217,9,0,1,47,3,1995,0,1,3267,936,0,"$2,127,258.50"
90679,9,0,0,97,9,2019,0,1,9439,331,1,"$9,072,340.90"
75873,7,0,0,10,3,2015,1,0,8475,558,0,"$7,588,881.50"
58091,4,1,0,2,4,2014,1,0,7565,170,0,"$5,813,567.40"
89396,4,0,1,97,5,1993,0,1,3402,369,1,"$8,949,480.30"
87867,10,0,0,43,10,2014,0,0,6211,611,0,"$8,788,119.40"
62655,1,0,0,76,6,1997,1,0,9858,176,1,"$6,270,255.70"
55840,8,1,0,14,6,2002,1,1,5784,472,0,"$5,587,969.20"
28720,8,1,0,2,9,1993,1,0,1140,836,0,"$2,876,831.30"
79783,2,0,1,26,1,1993,0,0,1337,538,1,"$7,983,955.30"
68260,7,0,0,69,10,1996,1,1,3248,935,1,"$6,829,892.60"
4113,6,1,0,22,5,2013,0,1,7534,923,0,"$416,148.30"
29556,5,1,1,33,4,1990,1,0,6403,677,0,"$2,962,632.00"
90300,7,1,0,88,1,1998,0,0,7415,614,0,"$9,037,944.80"
80439,2,0,0,89,7,2009,1,0,7325,606,0,"$8,046,219.90"
89245,2,1,1,19,9,2007,0,1,7958,985,0,"$8,930,367.70"
42540,8,1,1,51,10,1999,0,0,7793,231,0,"$4,264,337.90"
2978,3,1,1,29,7,2011,1,1,1578,105,0,"$307,536.10"
43038,4,1,0,62,6,1996,1,1,3011,788,0,"$4,307,230.60"
65201,10,0,1,21,10,2007,0,0,7406,108,1,"$6,522,337.70"
16200,10,0,0,40,6,2011,0,1,8974,639,1,"$1,621,661.10"
24095,9,0,0,2,3,2017,0,0,4398,898,0,"$2,409,945.70"
10503,8,0,1,95,3,1995,0,0,7455,438,0,"$1,058,224.50"
90338,9,1,0,52,8,2005,1,0,4831,641,1,"$9,040,287.50"
58402,2,1,0,65,8,2011,1,0,9446,805,1,"$5,848,466.10"
7431,6,1,1,83,9,2013,0,0,2823,123,1,"$749,725.30"
55047,6,1,1,15,1,2013,0,0,287,574,0,"$5,512,488.30"
78897,2,0,1,96,5,2007,0,0,1913,765,1,"$7,901,129.70"
52123,1,1,0,52,4,2007,1,1,7905,889,0,"$5,219,801.70"
41157,6,1,0,8,1,2005,1,1,2767,397,0,"$4,119,982.50"
12838,4,1,0,10,2,2014,1,0,9562,666,1,"$1,286,311.40"
18285,10,1,1,87,7,2013,1,0,7280,465,1,"$1,835,040.30"
33435,6,0,1,43,1,2020,0,1,7469,562,1,"$3,349,314.00"
77618,1,1,0,29,8,2019,0,0,58,619,0,"$7,768,108.90"
64044,7,0,0,43,10,1991,0,0,9665,975,0,"$6,406,275.10"
69788,2,0,0,42,2,2020,0,1,5784,561,1,"$6,980,862.00"
5208,5,0,1,69,7,2003,0,0,4575,920,1,"$526,474.30"
69952,5,0,0,93,8,1996,0,1,5595,681,0,"$7,001,508.60"
9613,5,0,1,29,3,2019,1,0,8657,410,1,"$969,559.90"
79915,8,1,0,8,6,2005,0,1,5815,477,1,"$7,994,470.50"
99636,9,1,0,30,5,1990,0,1,6629,854,1,"$9,969,033.00"
37822,6,0,0,71,10,2011,1,1,384,814,1,"$3,785,912.10"
33726,1,0,0,59,4,2012,1,1,5305,488,0,"$3,376,333.20"
97854,7,0,1,43,5,1991,1,1,2255,505,1,"$9,792,071.10"
80266,7,0,0,75,7,2002,1,0,7669,135,0,"$8,030,275.20"
48875,2,0,1,19,1,2019,0,0,443,662,0,"$4,892,360.90"
35019,1,1,1,98,3,2021,1,0,2487,822,1,"$3,510,681.10"
55020,3,0,0,14,9,2001,1,1,191,715,0,"$5,503,232.10"
29256,6,1,0,87,3,1991,0,1,8984,437,0,"$2,933,216.10"
26943,2,0,0,27,6,2014,1,0,8399,973,1,"$2,697,365.40"
11050,4,1,0,5,1,2013,1,0,9051,442,0,"$1,107,198.30"
47413,5,0,0,91,6,2005,0,1,2015,414,1,"$4,743,556.50"
20002,5,1,1,76,6,1997,0,1,7291,253,1,"$2,015,304.70"
60216,7,1,1,97,4,2012,0,0,2305,663,1,"$6,031,741.20"
83275,6,1,0,54,5,1999,1,1,6822,614,1,"$8,331,662.90"
80150,9,0,1,62,8,1991,0,1,6238,764,1,"$8,022,700.10"
38057,9,1,0,43,8,1997,0,0,7554,134,1,"$3,809,962.70"
53449,1,1,1,33,7,2014,0,0,6012,117,0,"$5,352,469.40"
33785,4,0,0,17,5,2002,0,0,8905,306,0,"$3,380,715.20"
9463,5,1,0,80,4,2001,0,1,6221,953,1,"$956,197.10"
94370,5,1,1,21,2,2013,0,0,7200,442,1,"$9,445,972.30"
44698,3,0,0,38,10,2003,1,0,10,931,1,"$4,473,490.30"
75743,6,1,0,32,9,2014,0,1,4005,982,1,"$7,580,464.40"
17622,7,1,0,100,2,2005,0,1,5686,491,1,"$1,767,131.50"
62662,10,0,0,92,10,2013,1,1,9760,652,1,"$6,271,685.30"
17346,3,0,1,79,4,1990,1,1,9506,465,0,"$1,740,674.00"
88899,10,0,1,23,5,2020,1,0,3130,769,0,"$8,893,227.00"
72447,5,1,0,99,9,2012,0,0,168,103,1,"$7,257,991.20"
40555,3,1,0,62,3,2003,0,1,7158,310,0,"$4,061,001.30"
91095,2,1,0,33,10,2018,0,0,7840,880,1,"$9,115,770.80"
69810,8,0,1,67,4,2003,0,1,8612,477,1,"$6,986,464.30"
27533,5,1,0,87,2,2009,1,0,6605,293,1,"$2,761,258.90"
75271,4,0,1,74,2,2002,0,0,8171,125,0,"$7,537,873.20"
42010,5,0,1,90,3,2017,1,0,1113,133,0,"$4,206,362.70"
2169,3,0,1,48,10,1992,0,1,1685,978,1,"$221,299.20"
29004,8,0,1,24,9,2002,1,1,942,365,1,"$2,905,549.20"
32966,6,0,1,44,6,2011,1,0,9942,625,1,"$3,303,709.10"
14859,6,1,1,17,6,1992,0,1,636,923,0,"$1,492,436.20"
33640,9,0,1,18,4,1995,0,1,2712,105,1,"$3,367,992.50"
73808,10,1,1,14,8,2002,0,1,513,960,0,"$7,388,725.20"
30807,3,0,0,54,8,1998,1,1,6559,156,0,"$3,083,235.80"
14243,3,0,1,90,8,2016,1,1,8832,148,0,"$1,430,473.60"
82190,6,0,0,81,7,2019,1,0,4936,221,1,"$8,221,240.90"
31968,8,0,1,76,1,2015,0,1,9147,912,1,"$3,203,508.50"
23558,3,1,0,33,3,1996,0,0,4650,411,1,"$2,359,810.60"
81063,9,0,1,60,6,2008,1,0,4818,465,0,"$8,113,870.80"
9542,10,1,1,2,8,2018,1,1,1318,277,0,"$962,999.80"
39699,3,0,1,89,9,2005,1,1,4477,586,1,"$3,977,888.50"
50788,2,0,1,68,1,2018,1,1,2063,705,0,"$5,087,258.80"
41681,5,1,1,85,1,2021,0,0,7883,663,0,"$4,173,046.10"
3798,7,1,0,39,8,2014,1,0,8370,366,0,"$385,544.40"
31044,1,0,0,16,10,1999,0,1,698,740,1,"$3,106,033.90"
46291,6,0,1,33,6,2018,0,0,5437,854,0,"$4,633,898.80"
15727,9,1,0,55,7,2007,0,1,8350,859,1,"$1,577,602.70"
67555,2,0,0,79,7,2018,1,0,3080,931,1,"$6,758,958.80"
1903,4,0,0,97,2,1997,1,0,5250,262,1,"$193,030.70"
67271,3,1,1,79,7,2021,1,1,8845,948,1,"$6,737,040.10"
39217,6,1,1,78,9,2007,0,1,9942,680,0,"$3,932,893.70"
62532,4,1,0,52,2,1998,1,0,6319,960,1,"$6,261,175.80"
36239,4,1,1,78,2,2000,1,0,6543,968,0,"$3,634,312.00"
11987,4,1,0,53,4,2018,1,0,7342,150,1,"$1,203,183.80"
32862,9,0,1,83,3,2013,1,1,4444,917,1,"$3,296,039.30"
10983,7,0,1,4,3,2011,1,1,89,657,0,"$1,100,529.10"
94294,2,1,1,30,9,2004,1,0,8222,684,1,"$9,439,785.40"
11157,4,0,0,90,10,2020,0,0,2513,208,1,"$1,120,482.00"
59018,3,1,0,49,1,2021,0,1,4947,259,1,"$5,907,138.10"
84807,6,0,0,22,2,2008,0,1,4460,219,0,"$8,482,192.80"
31585,9,1,0,50,6,2016,1,0,1709,595,1,"$3,165,163.60"
44670,10,1,1,3,2,1992,1,1,8465,470,1,"$4,470,923.20"
16951,4,0,0,60,10,2001,1,0,6356,622,1,"$1,701,160.10"
5892,3,1,1,83,6,2015,0,0,8233,536,1,"$601,283.50"
24971,6,0,0,85,7,1994,0,1,306,527,1,"$2,501,574.40"
56217,1,1,0,61,9,2011,1,1,9,947,0,"$5,629,960.10"
6138,9,0,0,38,1,2008,0,1,5987,831,1,"$617,184.80"
37582,9,1,1,27,10,2009,1,1,7306,324,0,"$3,769,640.90"
18848,3,0,0,36,8,2013,1,1,7949,892,1,"$1,887,019.30"
12107,3,0,0,9,5,2011,0,1,2174,716,1,"$1,211,581.10"
71523,1,0,1,42,5,2002,0,0,9048,505,0,"$7,159,041.20"
88328,1,1,0,63,1,1992,0,0,7827,737,1,"$8,840,872.20"
22304,3,0,1,37,2,2000,0,1,9032,870,0,"$2,235,124.00"
90523,4,1,1,6,6,2011,0,1,5822,846,0,"$9,058,136.10"
91987,6,1,0,90,1,1993,0,1,7546,954,0,"$9,208,316.30"
57719,8,1,1,60,4,2017,0,0,3224,730,1,"$5,779,467.70"
87073,9,0,1,95,9,2015,1,0,9703,537,0,"$8,719,452.50"
1878,3,0,1,48,3,2005,1,0,504,830,0,"$195,927.50"
47184,3,1,1,54,8,2011,1,0,213,771,1,"$4,724,350.10"
45511,3,1,0,44,4,2013,1,1,3373,882,1,"$4,558,309.30"
98450,2,0,0,33,9,1999,1,1,6424,984,0,"$9,848,719.90"
38551,10,1,1,74,1,2002,0,0,7991,133,0,"$3,867,229.20"
1359,7,0,1,90,6,2016,1,0,6201,607,0,"$145,834.60"
76903,7,0,0,40,8,2000,0,1,7764,714,1,"$7,694,030.00"
67496,6,0,0,26,2,1999,1,1,5347,124,1,"$6,752,379.90"
39756,8,0,1,23,4,2019,1,0,7195,564,0,"$3,980,007.90"
25643,8,1,1,34,8,2021,0,1,4701,384,0,"$2,571,876.10"
14043,6,1,0,92,9,2004,0,1,2732,444,1,"$1,415,900.40"
82311,10,0,0,98,4,2012,1,1,9962,164,1,"$8,239,353.20"
9333,3,1,1,9,1,2005,1,1,4842,335,1,"$939,398.50"
36563,5,0,0,4,7,2001,1,0,5100,154,1,"$3,657,222.10"
33427,8,1,1,99,3,2020,1,1,3522,214,0,"$3,351,101.00"
52552,1,0,1,55,7,2006,0,1,113,326,1,"$5,262,997.60"
1294,7,1,0,83,2,2021,1,1,9301,137,0,"$142,745.10"
19382,10,1,1,30,8,2014,1,0,6716,891,0,"$1,943,992.40"
62805,10,0,1,67,7,1999,0,1,9898,877,0,"$6,288,112.90"
76045,4,0,0,4,7,2000,0,0,134,925,0,"$7,605,336.00"
11660,8,0,1,25,4,2019,1,0,4061,163,1,"$1,169,525.90"
65965,9,1,1,46,4,2008,0,1,6767,871,1,"$6,607,805.80"
18243,6,0,0,22,7,1995,0,1,9979,117,0,"$1,826,399.50"
45620,9,1,1,63,5,2002,0,1,2875,751,1,"$4,572,312.20"
95620,7,1,0,6,2,2011,1,0,8365,179,1,"$9,564,517.10"
44159,2,0,0,76,9,2020,1,0,5390,873,1,"$4,422,962.00"
56819,2,1,0,55,10,2017,1,0,2052,110,1,"$5,688,459.70"
45681,2,1,0,91,8,2013,1,1,2800,343,0,"$4,575,079.30"
45885,4,1,1,78,10,2011,1,0,5879,298,1,"$4,598,304.10"
42781,9,1,0,13,4,2005,0,0,9090,268,1,"$4,280,444.50"
48919,2,0,0,48,7,2006,1,0,6295,502,1,"$4,896,296.60"
4846,9,0,0,25,2,2015,0,0,7001,870,1,"$486,151.50"
31160,1,1,0,64,10,1993,0,0,7925,234,0,"$3,125,704.30"
7033,2,0,1,37,10,2001,0,1,5051,534,1,"$708,252.10"
72797,6,0,0,80,1,2020,1,0,7739,866,1,"$7,286,052.00"
59068,4,0,0,43,8,1997,1,1,4857,999,1,"$5,910,960.70"
10737,7,1,1,59,1,1996,0,1,5050,368,1,"$1,083,375.60"
5798,6,0,1,15,3,2010,1,1,9805,292,1,"$586,009.00"
63396,1,0,1,95,10,2018,0,0,8561,243,1,"$6,347,194.80"
12196,2,0,1,17,2,2007,0,0,3483,933,0,"$1,223,454.70"
45271,10,0,0,61,2,2016,1,1,2268,793,0,"$4,533,164.60"
53885,9,0,0,36,9,2013,0,1,8840,377,1,"$5,392,191.30"
21006,5,0,0,6,8,2014,1,0,7626,604,0,"$2,101,763.40"
99184,5,0,0,21,10,2006,0,1,2451,659,1,"$9,920,683.60"
27569,10,1,1,69,8,1999,1,1,3855,504,0,"$2,765,641.90"
11064,6,0,0,58,7,1992,0,0,1680,171,1,"$1,108,539.20"
60299,3,1,1,30,3,2014,1,0,6445,949,0,"$6,035,836.40"
43337,5,0,0,98,8,1993,0,0,1389,121,0,"$4,334,979.30"
6738,10,1,0,60,5,2013,1,1,5201,303,0,"$680,185.30"
7939,2,1,1,56,4,2011,0,1,7730,889,0,"$806,926.10"
33316,1,0,1,72,4,2000,1,0,6673,616,1,"$3,340,809.00"
28193,2,1,0,96,5,2011,1,1,7652,990,0,"$2,833,176.10"
60768,1,0,1,65,1,2000,0,0,9454,408,1,"$6,083,121.00"
405,7,0,1,91,9,2013,0,1,2657,898,1,"$54,382.30"
78229,6,1,1,41,5,2021,1,0,6218,862,0,"$7,831,558.10"
38892,4,0,1,50,10,1998,1,1,7490,415,0,"$3,898,426.80"
16834,3,1,0,54,8,1999,0,1,4649,947,1,"$1,691,557.90"
98767,7,1,0,80,7,1997,1,0,7301,452,0,"$9,881,688.70"
19931,2,0,1,58,7,2004,1,0,8527,742,1,"$1,998,436.40"
94165,10,1,1,33,3,2013,0,0,2614,730,1,"$9,425,553.30"
3166,4,0,1,38,5,2016,0,0,1038,158,1,"$322,863.60"
14307,2,1,0,59,5,2009,0,0,5113,675,0,"$1,438,756.90"
74927,5,0,0,17,5,2013,0,1,1056,243,0,"$7,494,035.30"
46132,4,1,0,90,7,1993,1,1,7242,987,0,"$4,624,268.30"
93683,2,0,0,4,4,2019,1,1,7230,356,1,"$9,369,675.90"
22136,2,0,0,100,4,2012,0,0,6358,304,1,"$2,217,451.20"
22334,6,0,1,49,9,2017,1,1,948,113,0,"$2,239,252.70"
94723,4,0,1,23,2,1996,1,1,9540,439,1,"$9,476,464.60"
525,5,0,0,62,1,1994,1,0,7377,113,1,"$56,225.40"
44111,6,1,1,75,10,1992,0,1,8588,689,1,"$4,421,849.20"
50839,10,0,1,60,5,2015,0,0,9636,451,0,"$5,088,531.50"
81019,5,0,1,84,10,2001,0,0,9850,889,1,"$8,108,376.10"
36137,5,0,1,31,4,2020,1,1,2452,421,1,"$3,619,989.00"
56439,1,1,1,29,2,2000,1,1,402,417,1,"$5,650,606.00"
1937,6,1,0,90,5,2009,1,0,5879,254,1,"$201,865.90"
93001,8,0,1,82,7,2002,0,0,9735,154,0,"$9,310,693.20"
67233,3,0,0,84,5,2018,0,0,8416,960,0,"$6,731,477.80"
55682,6,0,1,38,10,2004,0,0,7381,858,1,"$5,575,110.40"
97897,10,1,1,91,9,1990,0,1,2736,834,0,"$9,799,105.00"
66836,4,1,0,63,1,2017,1,0,9048,903,1,"$6,692,953.70"
78235,9,1,1,31,2,2019,0,0,7253,803,0,"$7,835,672.90"
32419,8,1,1,68,5,2021,0,1,2857,929,0,"$3,253,478.10"
54995,9,1,1,72,8,2010,0,1,3447,878,0,"$5,507,408.00"
7133,9,1,1,53,2,1999,1,0,6795,429,0,"$723,366.90"
48223,1,1,0,30,10,1996,1,1,8779,108,1,"$4,826,979.60"
28354,7,0,1,15,5,2000,0,1,2945,577,0,"$2,842,100.00"
63613,7,0,1,76,3,2007,1,1,8277,810,0,"$6,370,994.70"
40812,7,1,0,59,3,2018,1,1,3176,241,0,"$4,088,680.80"
40736,6,1,1,46,5,1994,1,1,4246,134,1,"$4,087,187.40"
93690,8,1,0,31,2,1995,0,0,1801,140,0,"$9,372,359.50"
50276,3,0,0,45,1,2008,1,0,7875,480,1,"$5,030,850.80"
21294,5,0,1,3,3,2011,1,0,7367,602,1,"$2,133,300.10"
99074,10,1,0,100,7,2001,0,1,4194,314,0,"$9,914,551.10"
24979,2,1,1,62,5,2011,1,0,5980,502,1,"$2,508,814.10"
41441,7,1,0,88,9,1990,0,1,2349,292,1,"$4,156,420.00"
97857,6,0,1,61,8,2007,1,1,4407,684,1,"$9,790,445.70"
65931,5,0,0,84,7,2017,1,0,4220,125,1,"$6,595,633.70"
39077,2,0,0,33,8,1995,1,0,9471,647,1,"$3,908,929.50"
95690,3,0,1,65,5,2021,0,1,4741,136,0,"$9,573,812.10"
82236,5,1,1,81,8,2018,1,0,3778,283,0,"$8,231,424.80"
36539,10,1,1,49,2,1994,0,1,2863,974,1,"$3,664,156.40"
99491,10,1,0,51,1,2000,0,1,4292,738,0,"$9,957,075.00"
32185,10,1,0,12,7,2008,0,1,1976,733,1,"$3,221,329.80"
59183,3,0,0,54,2,1994,1,1,1612,688,1,"$5,924,125.40"
11006,5,1,1,87,2,2015,1,1,8194,378,0,"$1,107,901.50"
24025,1,1,1,97,4,1999,1,1,3028,190,0,"$2,415,923.90"
92120,5,0,1,67,4,2001,0,1,7137,507,0,"$9,219,455.10"
63342,6,1,1,86,2,1997,1,0,2111,877,1,"$6,349,697.70"
91418,8,1,0,98,8,1992,0,0,407,142,0,"$9,152,058.20"
99151,1,1,0,17,10,2020,0,0,7237,715,1,"$9,918,352.00"
31429,7,1,1,78,5,2021,0,1,5090,145,0,"$3,151,080.10"
92781,8,0,1,66,7,2006,0,0,3302,121,0,"$9,284,649.60"
7719,7,0,1,3,6,1993,0,1,1057,105,1,"$777,314.30"
46313,4,0,1,42,3,1998,1,1,7861,760,0,"$4,638,363.80"
53973,1,1,0,82,3,2003,0,0,7112,910,0,"$5,404,423.30"
95748,6,0,0,75,2,2001,1,1,3446,664,0,"$9,577,750.10"
64615,4,1,0,45,10,2019,1,1,7118,753,1,"$6,469,341.90"
10876,3,0,0,44,8,1990,0,1,7227,146,0,"$1,089,783.00"
38315,7,0,1,58,3,2000,0,0,3440,309,0,"$3,839,110.00"
16733,3,0,0,4,10,2019,0,1,9584,841,1,"$1,674,111.90"
17417,8,0,0,47,5,2000,0,1,1800,645,1,"$1,743,942.00"
45946,5,0,0,64,2,2001,1,1,11,328,1,"$4,601,566.10"
32143,3,1,0,33,4,2007,0,0,3743,384,0,"$3,219,151.70"
23409,10,1,0,55,2,2002,1,0,151,971,0,"$2,345,459.20"
58559,2,0,0,2,8,2016,0,0,8360,778,0,"$5,856,579.60"
88182,6,1,1,82,9,2014,1,1,1245,353,1,"$8,830,006.40"
12315,7,1,0,58,10,1997,0,0,4618,376,1,"$1,240,599.70"
19520,3,0,1,64,7,2018,1,0,7335,351,0,"$1,960,957.80"
79262,10,0,0,10,7,2009,1,0,6144,911,1,"$7,927,560.90"
33550,5,0,1,76,10,1999,0,0,6166,554,0,"$3,366,345.90"
45179,1,0,0,10,8,2015,0,0,6509,559,1,"$4,519,301.50"
8677,9,0,1,91,10,1994,0,0,342,974,1,"$877,121.40"
52517,4,0,1,85,6,2017,1,1,6381,894,0,"$5,254,743.70"
53762,2,1,1,27,6,1991,0,1,9075,919,1,"$5,387,288.10"
79553,8,1,0,61,2,1996,1,1,3372,896,1,"$7,964,369.60"
9367,8,1,1,73,9,2006,0,0,4137,571,1,"$944,409.60"
20349,1,0,1,52,3,2016,1,0,5795,618,1,"$2,039,634.60"
34433,4,1,1,34,1,2009,1,0,2283,696,0,"$3,453,087.90"
1451,2,0,1,82,4,2016,0,0,1682,703,0,"$148,347.60"
21527,6,1,0,76,6,2012,1,0,2781,214,0,"$2,157,776.20"
45209,4,0,1,8,4,2008,1,1,9292,699,0,"$4,526,043.80"
93318,5,1,1,34,2,2008,1,1,9193,783,1,"$9,340,167.80"
31437,1,1,0,52,8,2013,0,1,1424,405,1,"$3,148,110.30"
4742,8,1,1,73,7,1990,1,0,4268,188,0,"$485,143.00"
48648,1,0,0,99,8,2021,1,0,9147,797,1,"$4,875,007.10"
89003,10,1,0,86,7,1992,1,0,8897,279,0,"$8,911,885.20"
25182,5,1,1,90,3,1993,1,0,5591,773,0,"$2,526,249.30"
38890,5,1,1,52,9,2001,0,0,8583,297,0,"$3,898,194.10"
8682,9,1,0,55,8,1991,0,1,3549,574,0,"$876,659.10"
17332,4,1,0,77,10,2009,0,1,2473,968,1,"$1,742,502.90"
75671,10,1,1,65,2,2003,1,0,44,271,1,"$7,574,463.30"
5991,2,0,0,77,8,2021,0,0,293,722,0,"$602,374.10"
46463,1,1,0,79,6,2009,1,1,3911,553,1,"$4,653,602.90"
99774,2,0,1,80,1,2011,1,0,6072,859,1,"$9,983,069.10"
60244,10,0,1,46,5,1993,0,0,6251,930,0,"$6,031,860.30"
78747,2,1,1,96,10,1992,0,0,3456,941,0,"$7,887,317.20"
47635,8,1,0,83,8,2011,0,1,3885,736,0,"$4,774,793.10"
6591,5,0,1,51,1,1994,1,1,189,518,0,"$663,660.40"
12997,5,0,1,99,4,2017,1,1,4616,631,0,"$1,312,665.70"
16146,2,0,1,9,8,2016,0,1,7438,244,0,"$1,619,608.60"
94792,2,0,0,89,3,2010,1,1,4621,528,0,"$9,484,212.00"
2382,2,0,1,38,1,1997,1,0,1806,870,0,"$244,305.70"
71528,3,1,0,59,10,2000,1,0,8815,595,1,"$7,159,665.00"
16249,5,0,0,77,3,2009,0,1,4661,297,1,"$1,627,810.90"
34910,10,1,1,4,7,2020,1,0,8602,812,1,"$3,499,187.00"
32396,9,1,1,8,10,2017,1,1,4276,428,1,"$3,247,610.70"
50205,9,0,1,9,3,1996,1,1,5072,491,0,"$5,023,160.60"
10697,3,1,1,19,7,2020,1,0,2175,357,1,"$1,075,136.00"
50436,7,1,1,31,6,1993,0,0,3666,791,1,"$5,051,967.30"
89215,8,0,1,48,3,2016,0,0,2596,584,1,"$8,927,554.60"
88746,10,1,0,43,2,2017,1,0,8703,426,0,"$8,880,447.70"
81582,3,1,0,58,2,2009,0,1,7337,942,1,"$8,166,678.90"
17241,5,1,1,7,2,2001,0,1,8505,238,0,"$1,730,302.10"
81401,4,1,1,88,4,2021,1,0,626,173,0,"$8,149,175.10"
41659,3,0,0,73,9,1998,1,0,826,696,0,"$4,171,071.80"
62268,8,1,0,23,10,2019,1,0,1370,587,0,"$6,230,294.90"
91618,3,1,0,28,5,2003,0,1,369,137,1,"$9,166,381.30"
37151,1,0,1,72,1,1992,1,0,6711,334,1,"$3,718,557.20"
17705,1,1,0,94,6,2003,0,0,8332,866,0,"$1,780,034.30"
93558,10,1,0,73,5,2004,1,0,2215,676,0,"$9,366,616.40"
3086,6,1,1,87,6,2016,0,1,4313,524,1,"$323,109.60"
30247,10,1,1,70,7,2005,1,1,3888,806,0,"$3,034,212.50"
26580,10,1,0,53,7,1997,1,0,7512,403,1,"$2,666,936.70"
21316,2,1,1,27,8,1999,0,0,8423,973,1,"$2,138,919.90"
77646,7,0,1,49,1,1998,1,1,4539,977,0,"$7,770,618.80"
39806,4,1,1,66,10,2014,0,0,2890,752,1,"$3,990,034.40"
91624,6,0,1,20,6,2013,0,1,877,682,1,"$9,168,443.30"
96329,4,0,1,80,2,2021,0,0,1353,373,1,"$9,643,766.10"
36580,7,1,0,53,6,1998,0,1,5577,727,0,"$3,664,202.80"
50013,5,1,1,82,3,2010,1,1,9040,136,0,"$5,014,166.00"
3763,2,0,1,20,4,2003,0,0,4511,838,0,"$381,105.30"
93256,7,1,0,62,5,2021,0,1,4082,681,1,"$9,333,157.10"
85705,7,1,0,24,10,2006,0,0,984,614,0,"$8,575,077.60"
10714,1,0,1,53,7,2000,0,0,3618,631,1,"$1,076,250.00"
10540,10,1,1,2,1,1998,0,0,2045,952,0,"$1,059,468.80"
70126,1,0,1,42,1,1991,0,1,8899,135,0,"$7,018,315.10"
87915,4,1,1,100,1,2003,1,0,9853,344,1,"$8,800,446.30"
44244,3,1,1,29,3,1994,0,0,6431,946,0,"$4,434,431.40"
65101,4,0,0,60,9,2019,1,0,2696,158,1,"$6,515,401.90"
93278,8,1,1,47,9,2015,1,1,3487,447,0,"$9,339,538.50"
38372,4,0,0,77,9,2008,0,1,7937,796,0,"$3,842,724.80"
97165,5,0,1,39,2,2005,1,1,2637,216,0,"$9,720,521.50"
42113,3,1,0,37,9,2018,1,1,7965,601,0,"$4,217,469.80"
7288,8,0,1,44,5,2015,1,0,2988,766,1,"$734,763.50"
62690,3,1,1,62,10,1995,0,1,8061,239,1,"$6,277,655.50"
32689,6,1,1,46,10,2001,0,1,8889,888,1,"$3,273,464.10"
21106,3,0,0,33,5,2005,0,0,9968,395,0,"$2,114,088.50"
4921,10,0,1,6,1,2008,0,0,8781,599,1,"$493,917.80"
96988,7,0,1,56,2,1998,1,1,3186,472,0,"$9,704,380.80"
28363,7,1,1,77,8,2011,0,0,4253,658,1,"$2,845,490.10"
13374,9,1,0,34,9,2005,1,1,5906,346,1,"$1,342,193.50"
16932,7,1,0,77,10,1997,0,1,1623,710,0,"$1,700,179.70"
66258,2,1,1,84,10,2015,1,0,376,428,0,"$6,637,330.50"
63975,7,0,0,90,7,1998,1,1,4922,676,1,"$6,401,849.80"
11028,2,0,1,46,5,2013,0,1,7812,193,0,"$1,108,926.30"
7316,1,1,1,79,6,1999,0,0,4919,876,0,"$745,551.90"
27924,1,1,0,33,3,1993,0,1,7414,132,1,"$2,799,025.30"
65349,9,1,0,70,9,1990,1,1,3458,369,0,"$6,544,694.00"
10370,3,1,1,2,4,2005,1,1,3456,380,0,"$1,045,712.50"
72581,7,0,0,11,8,2004,0,0,3188,691,1,"$7,258,967.40"
42957,8,0,1,55,9,2002,1,1,3808,343,0,"$4,303,225.20"
26308,2,0,0,16,10,2017,0,0,1819,539,0,"$2,631,805.70"
2168,5,1,0,72,4,2003,0,0,2069,103,1,"$223,041.30"
55289,7,0,0,40,8,2019,0,1,9836,593,1,"$5,531,801.90"
42870,1,1,1,49,1,2002,0,1,6199,461,0,"$4,299,631.20"
40953,1,0,1,50,9,1997,1,0,9711,364,0,"$4,102,635.70"
37955,2,0,0,42,1,1998,0,0,4425,986,0,"$3,796,781.80"
1663,9,0,0,99,2,1992,0,1,9289,538,0,"$174,521.20"
75755,8,1,1,41,9,2010,1,0,4163,914,1,"$7,581,701.00"
51290,7,0,1,77,6,2003,1,0,8273,324,1,"$5,136,728.30"
78122,2,1,1,29,9,1996,0,0,1649,468,0,"$7,822,983.60"
49757,1,1,1,43,8,2000,1,1,5681,257,1,"$4,982,131.00"
75669,5,1,1,64,6,1993,1,1,3501,613,1,"$7,578,283.30"
3239,6,0,0,28,10,1997,1,1,5321,899,1,"$327,481.70"
97887,4,1,0,90,5,2008,0,1,7599,898,0,"$9,799,403.80"
75972,3,0,1,3,5,2006,1,1,1197,972,0,"$7,601,494.60"
15426,8,1,1,41,4,2021,0,0,5421,185,1,"$1,549,952.10"
51566,6,1,0,94,7,1998,0,1,8584,771,0,"$5,170,194.80"
95395,1,1,0,18,4,2004,1,1,9564,565,1,"$9,543,121.40"
41926,3,0,1,87,2,2019,0,0,2939,418,0,"$4,197,897.90"
25150,7,1,1,70,7,2011,1,1,336,584,1,"$2,520,440.10"
75727,4,1,1,44,10,2012,1,1,8247,323,0,"$7,583,793.20"
85663,2,1,1,21,3,2005,1,0,8408,864,1,"$8,575,283.50"
73488,10,1,1,84,2,2006,1,0,1524,257,0,"$7,356,188.60"
25059,8,0,0,95,7,2015,0,1,8645,819,1,"$2,513,876.50"
61878,9,0,0,71,6,2005,1,0,8822,542,0,"$6,192,576.50"
83920,3,0,0,17,7,2005,0,0,1432,980,1,"$8,393,890.50"
54086,2,1,1,32,4,2017,0,0,1437,832,1,"$5,416,631.70"
36608,4,0,1,87,9,1994,1,1,9477,164,1,"$3,667,019.40"
8369,3,0,1,67,1,2012,0,1,6047,117,1,"$846,945.20"
84048,2,0,1,5,2,2015,0,1,436,169,1,"$8,408,266.50"
48926,9,0,1,52,4,2010,0,0,8767,766,0,"$4,897,709.00"
94188,2,0,1,43,7,2010,0,1,1769,191,0,"$9,422,005.00"
33052,5,1,1,39,5,1992,0,1,1891,970,1,"$3,312,643.20"
4372,4,1,0,5,9,2012,0,0,1424,735,1,"$441,738.20"
51744,4,0,1,7,5,2006,1,1,680,351,0,"$5,179,860.60"
13117,8,0,1,84,6,1992,0,1,9117,140,0,"$1,320,033.20"
59776,5,1,0,45,7,2019,0,0,2406,943,1,"$5,985,363.90"
85707,9,1,0,30,8,1993,0,0,1828,398,0,"$8,578,494.30"
2248,8,0,0,77,6,1990,0,0,8498,263,1,"$229,172.00"
81668,6,1,1,28,2,2019,1,0,4806,543,0,"$8,175,885.90"
79760,10,1,1,37,7,1992,1,1,3372,653,0,"$7,986,501.20"
93833,3,1,1,30,10,2003,1,1,5655,453,0,"$9,390,420.30"
58543,7,0,1,57,9,1999,0,1,4671,523,1,"$5,858,487.90"
66283,3,0,1,95,2,2008,0,1,9947,280,0,"$6,640,110.80"
87603,8,1,1,62,8,2020,0,0,9232,755,0,"$8,768,975.00"
27612,3,1,1,29,4,2019,1,0,9956,753,0,"$2,770,163.90"
10379,5,0,0,12,5,1995,0,0,6609,452,1,"$1,039,247.50"
79577,8,1,1,20,6,2008,1,1,8400,740,0,"$7,967,626.80"
57441,7,1,1,43,8,2013,1,0,1872,505,1,"$5,754,031.30"
24303,8,0,1,96,1,1992,1,0,6952,359,1,"$2,440,617.20"
54872,4,0,1,91,1,2015,1,1,5201,302,1,"$5,491,066.50"
18086,10,1,0,28,6,2001,0,1,9600,211,1,"$1,814,230.10"
21150,8,1,1,5,2,2006,1,1,2917,472,1,"$2,124,502.60"
92617,2,1,1,71,7,2011,0,0,7412,711,0,"$9,271,402.10"
54337,2,0,1,20,2,2013,1,0,6201,465,1,"$5,437,840.30"
89721,6,1,1,25,1,2005,0,1,5594,280,0,"$8,978,088.50"
7863,10,0,0,9,6,1993,1,1,1557,258,1,"$788,123.30"
34358,5,0,1,29,3,2015,1,0,3450,461,0,"$3,442,393.50"
49898,1,0,1,87,8,2000,0,1,6421,333,1,"$5,000,704.00"
39405,6,0,1,44,2,2011,1,0,8707,206,1,"$3,944,548.10"
33349,1,0,0,81,6,2001,0,0,7350,701,0,"$3,336,491.10"
89715,4,1,0,19,4,2021,0,1,9802,984,0,"$8,978,105.10"
53396,1,1,0,42,3,1990,1,1,4830,199,1,"$5,344,746.00"
99085,6,1,0,41,4,2010,1,0,920,313,0,"$9,916,844.00"
70247,6,1,0,46,6,2020,1,0,2074,622,1,"$7,034,364.00"
35153,9,0,0,93,10,2004,0,0,182,408,0,"$3,522,618.40"
22121,2,1,0,31,10,2015,0,0,485,826,0,"$2,217,570.50"
34288,7,1,0,41,4,2011,1,1,4489,348,1,"$3,435,548.10"
42078,9,1,1,9,3,2005,0,0,8430,185,0,"$4,213,583.50"
96791,10,1,1,4,8,2011,0,1,1317,336,0,"$9,683,987.10"
900,6,1,1,51,4,2008,0,1,7384,715,1,"$100,197.80"
58150,7,1,0,27,6,1990,0,0,2670,689,1,"$5,820,741.00"
68102,5,0,1,46,1,1999,1,0,7405,670,1,"$6,818,967.90"
69418,9,1,1,70,6,1992,0,1,1835,314,0,"$6,951,279.20"
42630,8,0,1,23,6,1991,0,0,4767,814,0,"$4,267,672.10"
35249,10,0,1,20,8,2012,1,0,4551,712,1,"$3,529,536.20"
14344,4,1,1,73,7,1993,1,0,6964,485,0,"$1,446,006.30"
16446,1,1,1,42,2,2017,1,1,5734,942,0,"$1,650,622.70"
95733,5,1,1,97,10,2013,1,0,9434,779,1,"$9,584,807.30"
85425,1,0,1,92,2,1994,1,1,9186,805,0,"$8,552,545.40"
71472,4,1,1,40,2,2015,0,0,4405,159,1,"$7,154,589.50"
13440,4,0,0,83,3,2006,0,1,6486,548,0,"$1,345,546.60"
22061,8,1,1,50,6,1997,1,1,5559,127,1,"$2,212,814.70"
55439,9,1,0,82,2,1996,0,1,4954,843,1,"$5,550,349.60"
88001,8,0,1,74,9,2007,0,0,7889,548,1,"$8,804,639.70"
70613,7,1,1,29,2,2011,1,1,1819,662,0,"$7,071,960.10"
35488,8,1,0,79,7,2018,0,1,6111,867,0,"$3,559,112.80"
12700,6,0,1,71,4,1994,1,0,1867,436,1,"$1,279,169.40"
23885,5,1,0,23,3,2002,0,0,5011,369,0,"$2,392,010.20"
36667,4,0,1,61,3,1991,0,1,5319,645,1,"$3,675,788.10"
19189,6,1,0,50,8,2014,1,0,1317,792,1,"$1,922,029.40"
61418,5,0,0,80,2,2000,1,0,874,829,0,"$6,148,450.00"
27995,3,1,1,1,5,2013,0,0,7010,847,0,"$2,809,288.30"
39385,5,0,0,27,1,2002,1,1,5014,362,0,"$3,941,795.20"
55333,1,0,0,54,8,2017,1,1,7655,696,0,"$5,539,161.70"
97187,3,1,1,55,5,1992,0,0,2433,900,0,"$9,729,784.20"
68985,5,0,0,80,1,2009,0,1,2680,576,0,"$6,901,750.90"
71354,7,1,0,13,3,1999,1,1,2938,300,1,"$7,140,052.90"
57026,5,1,1,2,9,1994,0,0,6913,661,1,"$5,710,109.40"
62149,6,1,1,17,10,1991,0,1,8579,544,0,"$6,221,668.10"
25836,2,0,1,98,1,2007,0,1,480,985,1,"$2,597,793.70"
74465,3,1,1,85,4,1992,0,0,6696,586,0,"$7,460,896.20"
33304,7,0,0,50,10,2001,1,0,4009,317,1,"$3,334,300.10"
59660,6,1,0,90,6,2015,1,1,1111,784,0,"$5,975,034.50"
22298,8,0,1,99,10,1992,0,0,6038,130,1,"$2,236,646.20"
82554,2,1,1,8,5,2004,0,0,7888,450,0,"$8,265,275.40"
97970,10,0,1,94,4,2000,0,0,9558,232,1,"$9,809,237.00"
60187,5,0,1,23,6,1999,1,1,7472,353,1,"$6,023,643.90"
57930,8,1,0,82,9,2000,0,1,6834,768,1,"$5,796,201.00"
59392,10,1,1,36,10,2001,0,0,9394,834,1,"$5,948,797.10"
45324,7,0,0,84,1,2014,0,1,1256,746,0,"$4,536,393.40"
83245,6,1,0,2,6,2002,0,1,1113,921,0,"$8,327,808.20"
21086,10,1,1,58,2,2006,1,1,4001,527,0,"$2,116,427.60"
88539,2,0,0,86,3,2003,1,0,1702,943,1,"$8,858,484.30"
75402,8,1,0,21,2,1992,0,0,3045,446,1,"$7,545,890.20"
17347,1,0,0,93,3,1995,0,1,1771,132,1,"$1,742,732.50"
77765,6,0,1,24,9,2015,1,0,7248,622,1,"$7,782,483.50"
16187,3,1,1,10,2,2008,0,0,7265,656,1,"$1,625,626.80"
9972,3,1,0,27,5,2018,1,1,8502,755,0,"$1,004,815.80"
57015,1,1,1,80,3,1994,0,0,4070,512,0,"$5,711,455.40"
24237,8,1,1,21,2,2021,0,1,8582,588,1,"$2,430,773.10"
80995,5,0,1,50,4,2019,0,0,4568,567,1,"$8,106,168.90"
31055,2,0,0,66,5,2012,0,0,4128,464,0,"$3,109,679.20"
97831,4,0,1,75,9,2004,0,1,1728,613,1,"$9,790,034.40"
89089,2,1,0,66,9,2020,1,1,6424,810,1,"$8,914,602.00"
36555,3,1,0,55,2,1990,1,0,2681,661,1,"$3,661,032.00"
44247,10,1,0,76,5,1995,0,1,5574,220,0,"$4,430,620.50"
202,4,1,0,82,4,1996,1,1,5740,106,1,"$28,295.60"
45403,8,1,1,6,7,2002,0,1,6257,543,0,"$4,547,042.20"
39611,8,0,1,50,9,2005,1,1,9229,409,0,"$3,968,264.50"
78016,3,1,0,57,2,1993,1,1,751,702,0,"$7,809,472.30"
37065,9,0,0,32,4,1998,0,1,1943,859,0,"$3,709,895.80"
35415,4,1,1,97,7,1995,1,0,1282,973,0,"$3,552,201.50"
22884,7,0,1,3,4,1994,1,1,7608,267,1,"$2,292,005.40"
83954,2,0,1,91,10,2013,0,0,3517,259,0,"$8,404,690.30"
63780,8,0,1,82,2,2018,1,1,8755,134,0,"$6,386,345.80"
35758,1,1,0,9,10,2018,0,1,4397,259,0,"$3,578,395.80"
72555,6,1,1,61,3,2009,0,0,5346,533,0,"$7,264,099.90"
42136,2,1,0,63,4,2004,1,1,9918,430,0,"$4,217,052.40"
29798,3,0,0,25,4,2015,0,0,6504,462,0,"$2,981,776.50"
38643,3,1,1,54,3,2015,0,0,2198,303,1,"$3,874,219.50"
98799,4,1,0,42,5,2020,1,0,5468,712,1,"$9,887,392.00"
55668,10,0,1,48,1,2009,0,1,2002,984,1,"$5,576,689.90"
65786,8,1,0,40,6,1993,0,0,5005,309,1,"$6,581,341.30"
80000,9,1,1,19,5,2013,0,0,9879,926,1,"$8,007,346.30"
19443,5,1,1,27,1,2006,0,0,9579,117,0,"$1,954,996.60"
5354,1,0,1,70,9,2021,1,0,4380,644,0,"$545,595.10"
19534,5,0,0,20,3,2011,0,1,2861,908,1,"$1,954,981.10"
58585,5,0,1,49,4,2010,0,0,3178,992,1,"$5,864,736.00"
51547,10,0,1,23,6,2002,0,0,8346,861,1,"$5,158,989.20"
93363,2,1,0,88,4,2020,0,1,4992,871,0,"$9,341,198.00"
47258,10,0,0,13,7,1995,0,0,7398,192,0,"$4,727,374.50"
57117,9,1,1,86,8,2014,0,0,9199,460,0,"$5,722,262.40"
49557,3,1,0,85,7,2020,1,0,5338,977,1,"$4,960,553.00"
90164,6,1,1,13,2,2016,1,1,8609,697,0,"$9,022,533.60"
1500,5,1,0,18,5,2001,1,0,6767,198,1,"$153,756.10"
54245,7,0,1,15,1,2001,1,1,658,167,0,"$5,426,769.10"
87795,6,0,1,55,3,2001,1,0,1819,620,0,"$8,787,355.10"
24523,4,1,0,21,1,1998,1,1,1625,980,0,"$2,457,562.80"
68595,10,0,1,88,6,1998,1,0,3024,518,0,"$6,865,628.80"
20304,10,1,0,52,6,2009,1,1,1310,522,1,"$2,039,313.90"
11471,3,0,0,100,4,1993,1,0,469,112,1,"$1,152,849.30"
46644,7,0,0,55,9,2017,0,1,1862,375,0,"$4,668,991.70"
20771,3,0,1,35,6,2019,1,1,9823,445,0,"$2,083,710.90"
84716,6,0,1,84,9,1998,0,0,8032,958,1,"$8,479,849.80"
34762,7,1,0,45,2,1990,1,1,3618,457,1,"$3,482,612.00"
37442,5,1,0,75,1,2003,0,0,5322,812,0,"$3,750,097.30"
83214,6,0,1,82,5,2015,1,0,1773,428,0,"$8,329,159.50"
5460,6,0,0,84,10,2006,0,0,3309,226,0,"$552,196.60"
36297,6,0,1,99,7,2013,0,1,8023,235,1,"$3,635,567.30"
81557,8,1,1,19,2,1990,0,0,238,647,1,"$8,162,608.00"
30300,2,0,0,74,3,1998,1,0,6474,988,0,"$3,033,117.80"
79814,6,1,1,75,3,1991,1,1,1270,438,1,"$7,995,547.10"
94707,1,0,1,1,7,2014,1,0,2933,276,1,"$9,473,157.40"
17934,10,0,1,72,6,2013,1,1,5652,470,1,"$1,801,096.30"
57939,1,1,1,73,3,2011,0,1,5502,965,0,"$5,805,607.10"
13814,9,1,0,97,2,2007,0,0,4772,598,0,"$1,388,629.70"
13461,7,1,0,31,6,1996,1,1,9134,604,0,"$1,349,819.60"
16693,6,0,1,35,3,2020,1,1,3780,955,1,"$1,673,561.00"
5888,2,1,1,40,10,2014,0,1,394,619,0,"$597,556.40"
79610,2,1,1,6,3,2011,1,0,2551,538,1,"$7,968,541.10"
27655,3,0,0,19,10,2009,1,0,2566,453,1,"$2,767,015.90"
5849,9,0,0,43,8,2009,1,0,7993,672,0,"$588,467.90"
99536,2,0,0,32,4,1992,0,0,3710,360,0,"$9,956,467.20"
70383,2,0,1,87,2,2005,1,1,5567,871,1,"$7,050,270.50"
40372,7,0,1,26,9,2011,0,0,8992,758,1,"$4,042,590.10"
63975,8,0,1,90,5,2020,0,0,407,639,0,"$6,404,090.00"
2155,8,1,0,1,1,1990,0,0,292,529,1,"$219,290.00"
58516,7,1,1,45,4,2012,0,1,9795,333,1,"$5,859,646.20"
22238,1,0,1,14,6,1990,0,1,4166,425,0,"$2,229,057.00"
17345,5,1,0,22,7,2019,0,0,2768,919,0,"$1,739,138.90"
27002,1,0,1,18,6,2007,1,0,223,754,1,"$2,703,257.70"
68667,5,0,0,24,8,2015,1,0,7536,357,0,"$6,867,515.50"
31054,6,0,0,44,5,1994,0,0,7568,582,0,"$3,108,729.40"
229,3,1,0,6,1,2014,1,0,1820,805,1,"$27,438.40"
87800,1,1,1,51,9,2010,1,1,8158,500,1,"$8,790,424.00"
73069,8,0,0,40,5,2021,1,0,8757,418,0,"$7,310,442.10"
6031,7,0,0,6,8,2017,0,1,3757,433,0,"$604,367.70"
76903,5,1,1,29,10,1996,0,1,4698,941,0,"$7,700,543.60"
9889,9,0,1,65,1,2006,1,0,3856,470,1,"$994,976.60"
61745,3,0,1,36,7,2019,1,1,9747,819,0,"$6,180,867.90"
91532,10,0,0,86,3,2020,0,0,9729,303,1,"$9,156,554.00"
99609,10,0,0,68,2,1996,1,0,6693,619,0,"$9,967,075.60"
82665,5,0,1,85,5,2018,1,1,3307,125,0,"$8,280,105.80"
97179,1,1,0,66,1,1993,1,1,7033,323,0,"$9,724,166.30"
79582,5,0,0,24,1,2001,0,1,8998,424,1,"$7,960,890.10"
16852,1,1,0,7,10,2004,0,0,1619,626,1,"$1,690,910.40"
43920,5,0,1,93,6,2003,1,1,7470,451,1,"$4,396,723.30"
86397,9,0,0,98,5,2017,1,1,8353,621,0,"$8,649,275.70"
65883,10,0,1,66,1,2018,0,0,5578,559,1,"$6,599,494.80"
93815,8,0,0,32,8,2004,0,0,8644,253,1,"$9,383,412.40"
27902,10,1,0,28,3,1991,1,0,5299,585,1,"$2,797,357.10"
59732,6,1,1,75,6,2021,1,1,9728,788,0,"$5,982,091.10"
36428,5,1,1,25,4,2018,1,0,6406,827,0,"$3,649,020.80"
37174,8,1,0,28,8,1990,1,0,6526,775,0,"$3,721,209.00"
79770,2,1,0,73,6,2001,1,1,5995,846,1,"$7,983,537.10"
78259,2,1,0,3,4,1992,1,1,4501,215,1,"$7,829,196.20"
22811,2,1,0,50,4,2016,0,1,9974,355,1,"$2,285,502.60"
35912,9,1,1,85,7,2018,0,0,4027,814,0,"$3,603,983.80"
1575,7,1,1,17,8,2016,0,0,5798,277,0,"$163,475.60"
42934,10,1,0,2,6,2020,1,1,8797,496,0,"$4,297,263.00"
54016,10,0,1,50,5,2000,1,0,2496,130,1,"$5,407,699.00"
78983,3,1,0,49,6,1990,0,1,9114,916,0,"$7,904,937.00"
81319,9,0,0,98,7,2020,0,1,348,659,0,"$8,141,470.00"
70432,6,0,0,4,3,2012,0,1,3986,793,0,"$7,044,387.20"
53762,10,0,1,98,5,2000,1,0,1270,153,1,"$5,385,468.00"
43761,4,0,1,5,10,2013,0,1,4391,559,1,"$4,378,702.30"
50643,6,1,0,46,9,2013,1,1,2086,745,0,"$5,070,436.30"
38305,9,0,0,47,7,2010,0,1,4046,310,0,"$3,833,081.00"
13389,7,0,1,95,4,2015,1,1,2978,441,0,"$1,349,726.50"
81783,1,1,1,26,4,2014,0,1,1530,175,0,"$8,186,131.40"
60511,8,1,0,44,4,1996,0,1,1982,396,0,"$6,056,788.60"
96387,1,0,1,45,5,1992,1,1,9583,984,1,"$9,643,438.20"
51687,1,1,1,89,2,2016,1,1,7341,579,1,"$5,183,003.60"
86933,9,0,0,7,9,1991,1,1,2580,610,1,"$8,694,297.10"
15124,7,1,1,98,10,2017,0,0,3444,746,0,"$1,524,899.70"
8931,9,1,1,44,8,1997,0,0,2495,530,1,"$902,753.70"
90091,6,1,0,52,7,1994,1,0,5101,488,0,"$9,018,116.40"
16279,3,1,1,95,6,2007,1,0,8181,415,0,"$1,636,515.70"
52345,10,1,1,14,6,2003,0,1,1017,305,1,"$5,241,325.30"
5916,6,0,0,10,4,1998,1,1,1338,253,0,"$592,539.80"
47499,8,1,1,95,4,1994,0,1,7833,913,0,"$4,758,839.40"
44208,9,1,0,33,9,1999,1,1,8253,555,1,"$4,425,818.90"
40137,6,0,1,86,3,2017,1,1,3809,775,0,"$4,022,874.70"
74309,3,0,0,73,1,2015,0,0,6743,607,0,"$7,433,733.50"
98094,3,0,1,8,3,1998,0,0,2462,272,1,"$9,813,413.80"
32029,6,0,1,97,3,1999,0,1,535,189,1,"$3,213,964.90"
11182,1,1,0,77,7,2013,0,1,6799,179,0,"$1,128,240.30"
57962,7,1,0,93,8,2013,0,1,2498,215,1,"$5,808,764.30"
44967,2,1,1,77,10,2002,1,0,19,373,1,"$4,505,471.20"
36466,5,1,0,11,4,2021,1,0,3367,938,1,"$3,648,757.10"
81394,5,0,0,100,1,2009,1,0,3663,320,1,"$8,145,950.90"
78189,9,1,1,34,7,2014,0,0,5556,151,0,"$7,828,149.40"
21919,10,1,0,3,4,2003,0,1,4561,866,1,"$2,196,404.30"
43645,3,0,0,58,6,2002,0,1,7742,237,1,"$4,369,168.20"
67448,9,0,0,15,8,2000,0,0,1772,549,1,"$6,745,520.00"
80150,10,1,0,88,6,1997,1,0,3444,188,0,"$8,020,491.70"
93032,6,0,0,4,1,2021,1,0,7900,403,0,"$9,304,114.10"
82838,1,1,0,37,7,1991,0,0,6966,552,1,"$8,291,462.10"
2563,8,1,0,79,5,1999,1,0,4860,986,1,"$264,728.90"
81299,3,1,0,80,1,2000,0,1,694,826,0,"$8,137,736.00"
50092,6,0,0,67,5,2018,0,1,6506,396,1,"$5,014,491.80"
77048,4,1,1,29,7,1993,1,1,901,463,0,"$7,711,979.30"
47628,4,1,0,41,5,2021,0,1,3423,561,1,"$4,768,776.10"
97976,6,0,1,31,5,2012,0,0,7987,731,1,"$9,805,123.20"
10446,9,1,0,56,2,2008,0,0,9565,757,0,"$1,052,752.80"
26901,4,0,0,38,3,2015,0,0,7844,994,1,"$2,693,285.50"
87864,8,1,0,97,5,2016,1,1,8207,296,1,"$8,798,646.60"
30510,9,1,1,16,3,1993,0,0,256,750,1,"$3,057,646.30"
32546,9,0,1,58,6,2001,1,0,9834,643,0,"$3,262,467.10"
61398,3,1,1,43,2,1993,0,0,573,368,1,"$6,151,348.30"
10652,10,1,0,42,5,2016,1,0,9021,102,0,"$1,069,306.60"
64331,5,1,1,18,3,2012,1,0,7769,202,0,"$6,442,542.20"
72319,5,1,1,53,9,2021,0,1,5644,982,1,"$7,245,147.10"
51214,2,0,0,77,10,2002,1,0,6970,223,1,"$5,123,070.20"
34640,5,0,0,22,7,2020,1,0,5870,177,1,"$3,466,722.00"
82751,6,1,1,58,6,2003,0,0,4007,607,1,"$8,284,460.30"
6443,5,1,0,37,5,2008,0,0,3467,918,1,"$650,272.80"
81951,9,1,0,34,9,2009,0,1,4919,545,1,"$8,201,048.90"
61054,3,1,0,50,2,2010,0,1,5476,893,0,"$6,110,657.00"
42557,2,1,1,23,2,2015,1,1,880,938,1,"$4,264,085.50"
22505,1,0,1,90,1,1998,0,1,1040,574,1,"$2,258,877.80"
41600,10,0,1,58,1,2020,0,1,2859,864,1,"$4,170,132.00"
22701,7,0,1,35,5,1999,0,0,9077,706,1,"$2,274,785.90"
77446,9,1,1,2,3,2003,0,0,6338,454,1,"$7,749,398.30"
81793,5,0,1,59,5,2006,0,1,9523,242,0,"$8,182,431.60"
77150,3,0,1,33,4,1996,0,0,231,167,0,"$7,719,651.60"
53326,5,0,1,87,2,2010,1,1,7620,307,0,"$5,340,791.00"
96685,8,1,1,55,10,2002,1,1,7963,888,1,"$9,682,268.20"
82158,1,1,0,82,6,2020,1,0,1109,539,0,"$8,227,135.00"
24972,1,1,1,80,5,2007,0,0,6402,979,1,"$2,511,380.70"
8746,8,1,0,39,1,2008,1,1,3641,494,0,"$880,925.80"
38449,10,1,1,22,10,2019,1,1,3589,662,1,"$3,852,125.90"
36187,4,0,0,66,3,2000,1,0,7004,161,1,"$3,624,960.00"
6518,6,0,0,8,8,2002,1,1,9235,978,0,"$653,208.20"
33785,5,1,0,9,6,1994,1,0,8088,264,0,"$3,383,514.40"
20556,6,0,0,24,5,2004,1,0,4270,765,1,"$2,057,988.40"
89198,6,0,1,46,8,1990,1,1,9247,735,1,"$8,925,638.00"
39664,9,1,0,75,3,1997,1,0,1277,267,0,"$3,973,483.70"
14401,5,0,1,34,10,2006,1,0,281,453,0,"$1,445,095.60"
49382,10,0,0,81,7,2005,0,1,8135,470,0,"$4,945,454.50"
86571,9,0,0,23,1,2007,0,1,778,582,0,"$8,658,306.70"
10727,4,1,0,12,9,2012,0,1,4362,255,0,"$1,077,784.20"
86688,6,1,0,18,6,2018,0,0,2319,329,1,"$8,672,319.80"
79410,2,1,1,29,3,1991,1,0,3012,163,0,"$7,949,040.10"
74330,9,0,0,35,3,2001,0,1,8017,192,1,"$7,434,095.10"
1754,10,1,0,70,6,2013,1,1,5466,355,1,"$185,004.30"
93571,10,1,1,59,5,1998,0,1,5789,661,0,"$9,365,745.80"
70380,7,0,1,49,5,2006,1,1,9977,178,0,"$7,047,022.60"
40006,2,0,1,81,4,1991,0,0,7307,352,1,"$4,012,759.10"
66327,4,0,0,52,6,1990,1,1,8266,938,1,"$6,636,303.00"
86204,10,0,1,8,3,2021,1,1,4686,786,0,"$8,625,334.10"
62752,6,0,1,50,10,2007,0,1,3955,542,1,"$6,281,821.70"
49183,6,0,1,31,2,2015,1,0,345,101,1,"$4,922,034.50"
20755,7,1,0,74,10,2007,1,1,1713,780,1,"$2,083,312.70"
82626,1,1,1,75,9,2011,1,1,3598,524,0,"$8,278,341.10"
72993,6,1,0,16,8,2006,0,1,2092,898,0,"$7,303,799.60"
91745,10,1,0,9,3,2021,0,0,457,291,1,"$9,177,089.10"
47803,1,0,0,51,9,1995,1,1,5370,814,0,"$4,785,479.50"
26162,7,0,1,61,8,2001,1,1,3363,476,1,"$2,622,100.10"
64717,1,1,1,62,9,2008,0,0,3005,227,0,"$6,484,598.80"
69426,3,0,1,37,5,1996,1,1,6116,272,1,"$6,948,093.60"
7954,3,0,1,50,4,1990,1,0,5205,957,1,"$803,694.00"
17341,10,0,1,74,7,2011,0,0,5669,921,1,"$1,741,766.10"
36138,3,0,1,11,10,1998,1,0,4502,397,1,"$3,619,052.80"
73072,9,0,1,22,6,2019,1,0,5092,909,1,"$7,310,814.90"
83352,10,1,0,54,3,2010,0,0,189,606,0,"$8,341,664.00"
32337,2,1,0,80,4,1991,0,1,9580,875,1,"$3,239,612.10"
30566,6,1,0,20,9,2004,1,1,6890,869,1,"$3,061,321.40"
89114,10,0,1,77,6,1991,0,1,8363,285,1,"$8,919,368.10"
3190,8,0,0,95,6,2004,1,1,9709,338,0,"$322,180.40"
77807,8,0,0,46,8,2015,1,0,8242,984,1,"$7,781,711.50"
69665,2,0,0,13,9,1998,1,1,9066,151,1,"$6,967,594.80"
5475,4,1,0,80,9,2017,0,1,637,315,1,"$557,404.70"
872,9,1,1,23,2,2013,1,1,2975,900,1,"$94,371.30"
91187,10,0,0,50,3,1997,1,0,9053,799,1,"$9,123,299.70"
96711,8,0,1,37,4,2000,0,1,3966,347,1,"$9,677,596.00"
39289,9,1,0,50,1,2020,1,1,5277,634,0,"$3,933,825.00"
3448,10,0,1,68,2,2001,0,0,6278,928,1,"$351,335.10"
24623,4,1,0,75,5,1993,0,0,7639,860,1,"$2,469,572.30"
80995,4,1,0,100,4,2009,0,1,8042,182,0,"$8,104,164.90"
62239,7,0,0,96,7,2003,0,1,2969,534,0,"$6,233,248.30"
58413,10,1,1,27,10,1990,1,1,6367,601,1,"$5,852,813.00"
26484,7,1,0,61,8,1997,1,0,8814,839,1,"$2,654,798.70"
93466,6,0,0,27,9,2007,1,0,3103,166,1,"$9,347,751.70"
71146,1,1,1,45,3,2007,1,1,2192,458,0,"$7,123,165.70"
69133,9,1,1,24,8,1992,0,0,4316,793,0,"$6,922,630.20"
16205,10,0,0,11,2,2013,1,1,9455,986,1,"$1,621,809.30"
43815,2,0,1,99,3,1995,1,1,4522,488,1,"$4,387,387.50"
21396,1,1,1,44,10,2008,0,1,6835,906,1,"$2,150,994.80"
52416,8,1,1,98,7,2012,1,0,618,507,1,"$5,259,907.20"
95012,6,1,0,57,1,2009,1,1,1933,558,0,"$9,505,478.90"
11617,10,1,0,67,6,2006,1,0,7914,821,0,"$1,171,852.60"
96459,7,1,1,49,7,2001,1,1,1306,197,1,"$9,655,536.10"
38443,3,1,0,97,1,2001,1,0,908,161,1,"$3,854,728.10"
47982,2,1,1,32,7,1994,1,1,4986,338,0,"$4,808,638.40"
89500,8,0,1,57,4,1991,1,1,7175,655,0,"$8,955,536.10"
50396,2,0,1,19,10,1995,0,1,1421,125,1,"$5,044,139.50"
7759,7,1,1,80,9,2005,1,0,1667,609,1,"$784,516.50"
68925,6,1,1,93,8,1991,0,0,8068,328,0,"$6,906,463.10"
67391,7,1,1,23,10,1996,1,0,5136,359,0,"$6,749,765.60"
63567,6,0,1,63,1,2013,0,1,415,217,0,"$6,362,145.30"
25133,4,1,0,2,4,2010,1,0,8127,407,0,"$2,516,676.00"
27823,5,1,0,61,7,1991,1,1,6934,693,1,"$2,791,784.10"
3411,1,0,1,66,1,2009,0,1,3419,455,0,"$350,289.90"
44227,5,0,0,73,5,1999,0,1,1100,155,1,"$4,424,786.90"
35849,8,1,1,7,3,2010,0,0,9292,969,0,"$3,594,490.00"
64430,4,1,1,44,3,1999,1,1,5624,637,1,"$6,453,925.90"
57581,1,1,0,34,8,2000,1,0,1251,115,0,"$5,766,399.00"
55901,6,0,0,54,7,2015,0,1,2529,238,0,"$5,594,909.50"
692,7,1,1,36,9,2014,1,0,2723,543,0,"$78,924.40"
27461,3,1,1,48,7,2013,0,1,9320,543,0,"$2,755,288.30"
43496,3,1,1,30,7,2011,0,0,8954,705,0,"$4,360,682.10"
8214,7,1,1,1,10,1995,0,1,7508,779,0,"$828,785.50"
57557,8,0,1,36,7,2007,1,1,5908,563,0,"$5,762,136.70"
90070,6,1,1,84,9,2003,1,0,4964,272,0,"$9,017,234.30"
10482,9,1,1,70,5,2000,0,0,6032,655,0,"$1,055,477.00"
41440,3,0,1,22,8,1998,1,0,2056,870,1,"$4,150,108.80"
82469,7,0,1,12,8,1995,0,0,7134,217,0,"$8,250,061.50"
14774,1,0,0,85,8,2014,0,0,3286,781,0,"$1,483,681.40"
5758,8,1,0,31,2,2018,1,0,2936,203,0,"$579,242.80"
51501,2,1,1,4,9,2002,1,1,9240,847,1,"$5,154,868.20"
29396,4,1,1,3,4,2015,1,0,6762,687,1,"$2,947,040.50"
68947,7,1,0,17,8,1996,0,0,1074,643,1,"$6,899,120.60"
49617,3,0,0,32,6,2015,1,1,9250,664,0,"$4,964,077.50"
27831,1,1,0,72,10,1999,1,0,720,677,0,"$2,788,302.90"
22348,8,1,0,46,1,2012,0,0,8192,358,1,"$2,243,084.20"
67396,8,0,0,50,9,2016,0,1,1145,619,0,"$6,744,101.60"
71930,3,1,0,31,10,2018,1,0,6593,325,0,"$7,197,994.80"
51837,3,0,0,29,9,2016,0,0,1946,657,1,"$5,187,272.60"
1220,8,1,1,37,7,2004,1,1,2133,852,0,"$134,474.40"
85238,9,0,1,4,9,2008,0,1,7120,399,1,"$8,525,952.80"
20110,3,1,1,71,1,2005,1,1,7835,307,0,"$2,021,327.50"
90178,10,0,0,65,10,1999,1,0,5594,790,0,"$9,023,404.90"
2308,6,0,0,62,9,2008,1,1,6003,267,0,"$237,020.80"
64783,6,1,1,47,6,2020,1,1,7710,449,0,"$6,488,470.00"
63345,3,0,0,93,5,2000,1,1,8836,212,1,"$6,337,954.00"
4802,7,1,1,62,3,2008,0,0,457,641,1,"$490,922.80"
82506,6,0,1,78,2,1999,0,0,2437,871,1,"$8,260,448.90"
91525,1,0,0,74,5,1992,0,1,2789,474,1,"$9,158,303.20"
97684,8,0,0,93,6,2016,0,1,9925,443,1,"$9,772,177.60"
85990,6,1,0,51,5,2019,1,0,4454,973,1,"$8,605,325.90"
88140,4,1,1,75,7,2011,1,0,3339,657,1,"$8,828,417.10"
41086,10,0,1,33,1,2007,1,1,4065,687,1,"$4,116,465.70"
70872,1,0,1,45,8,2003,0,1,1143,1000,0,"$7,092,845.30"
50015,10,1,0,59,9,2008,1,0,4798,203,1,"$5,009,733.80"
90488,3,1,0,93,2,1992,0,1,5550,329,0,"$9,056,651.20"
60050,9,0,0,41,1,2002,0,1,6469,655,0,"$6,008,607.20"
57897,1,1,0,3,9,2012,1,1,9796,375,0,"$5,792,780.20"
45339,2,1,1,64,5,1993,0,0,1593,377,1,"$4,541,883.30"
41167,7,1,1,7,4,2012,1,1,8507,661,1,"$4,121,602.20"
63648,9,1,1,23,2,2015,0,0,7273,876,0,"$6,373,960.50"
18726,6,1,0,69,1,2019,0,1,7773,223,1,"$1,876,721.90"
72938,5,1,0,15,4,2007,1,0,8905,507,1,"$7,299,819.70"
8090,10,1,0,38,7,1991,0,1,9650,507,0,"$811,168.10"
20869,9,1,0,100,1,1990,1,0,8356,311,0,"$2,101,176.00"
57300,1,0,0,34,10,2002,1,1,3016,619,0,"$5,732,956.20"
19430,10,1,0,47,8,2004,0,1,2876,822,0,"$1,949,922.40"
22924,4,0,0,54,10,2016,1,1,4760,120,0,"$2,294,397.60"
50593,5,0,1,82,2,2021,1,0,4624,181,0,"$5,066,402.10"
69667,4,1,1,56,4,1996,0,1,9663,409,0,"$6,976,846.60"
23552,6,1,0,93,5,1992,0,0,9650,112,0,"$2,359,256.20"
54029,6,0,1,85,9,2018,1,1,9738,194,0,"$5,411,241.80"
82948,10,0,0,71,7,1992,1,0,7708,429,0,"$8,299,141.20"
4398,5,0,0,32,9,2000,1,1,3227,229,0,"$442,758.00"
51781,7,1,1,46,10,1991,0,0,5053,903,1,"$5,184,433.10"
55671,4,0,1,81,9,2010,0,1,7184,846,0,"$5,574,713.00"
83281,9,1,0,2,7,2015,0,1,245,152,0,"$8,332,688.50"
49795,8,0,0,43,1,2013,1,0,852,619,0,"$4,983,282.30"
51482,8,1,1,22,2,2004,0,0,6595,523,0,"$5,153,891.40"
34236,10,1,0,85,5,2012,0,0,1703,167,1,"$3,429,690.20"
64005,3,0,0,44,4,1994,1,0,7986,757,1,"$6,405,309.40"
72449,4,0,1,48,6,2003,0,1,1566,937,1,"$7,252,083.30"
52771,8,0,1,72,10,2016,0,1,4158,738,0,"$5,284,748.60"
68106,9,1,0,92,6,2000,0,0,8691,603,1,"$6,818,219.00"
99907,3,0,1,8,4,2019,0,1,5185,999,0,"$9,994,473.90"
42253,7,1,0,16,5,2008,1,0,196,633,0,"$4,228,711.80"
82295,2,0,1,73,1,2015,0,1,1048,207,0,"$8,236,958.50"
77466,6,1,0,80,1,1999,0,1,7972,709,1,"$7,753,678.90"
33625,8,0,0,50,7,2004,0,0,6539,211,1,"$3,367,500.40"
31612,10,0,0,73,8,2001,1,0,644,279,0,"$3,164,839.10"
82524,9,0,1,61,1,1995,1,1,29,953,1,"$8,259,448.50"
68038,4,0,0,42,1,2011,1,0,5230,752,1,"$6,807,415.10"
68144,7,1,0,87,6,2011,0,0,5525,435,0,"$6,825,041.10"
89946,5,1,0,50,4,2006,0,0,6744,520,0,"$9,002,540.60"
95546,9,1,1,65,2,2005,1,1,6223,334,1,"$9,565,439.50"
39742,1,0,0,40,5,1994,1,0,2804,710,1,"$3,977,539.40"
210,1,0,1,83,5,2000,1,0,6453,744,1,"$28,028.00"
99431,1,0,1,44,7,1991,0,0,3561,298,0,"$9,946,390.10"
40960,3,0,1,45,7,2000,1,1,5163,241,0,"$4,102,102.00"
97082,4,0,1,66,4,2013,1,0,6838,639,1,"$9,715,287.30"
69705,5,1,0,93,8,2003,0,0,7427,898,0,"$6,984,450.30"
41324,5,0,1,58,1,1990,0,1,9323,408,1,"$4,138,064.00"
3461,10,1,1,88,5,1993,1,0,5751,666,0,"$358,703.30"
68933,7,0,0,1,10,1999,1,1,1854,535,0,"$6,894,438.90"
13054,4,0,1,42,9,1999,1,1,7793,130,0,"$1,311,257.90"
87705,10,0,1,41,9,2019,1,0,6536,911,1,"$8,778,255.90"
44859,4,1,0,91,1,2017,1,1,2158,659,0,"$4,496,708.70"
10134,5,0,0,62,6,2013,1,0,3751,916,0,"$1,015,389.30"
45184,5,0,0,64,5,2015,1,1,2234,290,0,"$4,521,371.50"
14862,4,0,0,71,3,2004,1,0,4045,786,0,"$1,491,791.40"
41989,10,1,1,57,4,1994,1,0,8836,714,1,"$4,209,907.40"
70690,3,0,0,53,9,1992,1,0,9381,722,0,"$7,073,132.20"
48443,6,1,1,17,3,2014,0,1,3057,643,1,"$4,854,913.40"
51442,10,0,0,99,9,1992,0,0,7016,803,1,"$5,152,369.20"
71256,6,0,1,87,7,1999,0,1,7831,638,0,"$7,136,102.90"
22100,10,1,0,32,8,2005,1,1,923,692,0,"$2,217,330.50"
59726,2,1,0,51,9,1996,0,1,9178,934,0,"$5,978,949.60"
33201,8,1,1,77,6,1991,1,0,9550,107,0,"$3,329,880.10"
28706,4,0,1,70,10,2006,0,0,3183,383,0,"$2,875,896.60"
88287,6,0,0,95,7,2009,1,1,3586,472,1,"$8,837,290.90"
57182,3,1,1,100,1,1992,1,0,5306,492,1,"$5,728,972.20"
30918,7,1,0,63,9,1993,1,1,7715,631,1,"$3,099,241.30"
47749,6,1,0,92,9,2010,0,0,2519,513,0,"$4,778,728.00"
4229,7,0,1,37,6,2001,0,0,5829,200,0,"$427,872.10"
89940,2,0,0,52,5,2017,1,1,7822,812,1,"$8,995,621.70"
26271,6,0,1,72,4,2018,1,1,2018,421,1,"$2,635,559.80"
18639,7,0,1,13,6,1995,1,0,679,641,1,"$1,867,531.50"
97760,9,1,1,72,4,1990,0,1,4201,371,0,"$9,785,459.00"
74171,10,0,1,90,10,1997,1,1,1120,961,0,"$7,423,971.70"
76423,10,1,1,56,6,2017,1,1,3709,413,1,"$7,656,245.70"
40115,6,1,0,14,4,2003,1,1,3049,622,1,"$4,015,695.30"
7888,2,0,1,90,10,2004,0,0,9789,513,1,"$794,180.40"
33018,7,0,0,60,1,1995,0,0,6754,536,1,"$3,303,609.50"
13123,5,1,1,8,2,2020,1,1,4404,122,0,"$1,321,158.00"
59608,6,1,0,32,10,2012,1,0,8997,414,1,"$5,968,780.20"
55198,1,1,1,16,9,2003,0,1,1900,484,1,"$5,528,250.30"
66504,1,1,1,35,1,1998,0,1,9511,336,0,"$6,661,493.80"
14386,9,1,1,87,1,2007,0,1,3837,127,1,"$1,448,793.70"
9817,7,1,0,95,10,2002,0,1,262,529,0,"$989,421.20"
92494,6,1,0,90,3,2004,1,0,3100,117,1,"$9,254,500.40"
36649,4,1,1,42,3,2016,1,1,8619,422,0,"$3,672,422.60"
78163,4,1,0,42,10,1996,0,0,596,579,1,"$7,822,877.60"
53877,10,1,1,57,2,2021,0,0,8811,963,0,"$5,396,902.10"
76130,2,0,1,63,8,2018,1,1,4019,415,0,"$7,621,164.80"
63172,2,1,1,87,2,2020,0,0,6433,799,0,"$6,327,173.00"
96595,1,1,1,63,9,2002,0,1,2867,252,0,"$9,671,244.20"
85743,3,1,0,75,2,2004,1,1,1839,875,0,"$8,580,878.40"
99740,6,1,1,23,2,1999,0,0,6110,359,0,"$9,982,698.90"
32839,5,1,1,22,7,1991,1,0,3101,386,0,"$3,294,617.10"
38480,7,1,0,83,3,2010,1,0,7385,376,0,"$3,853,735.00"
84970,5,0,1,19,1,1998,1,0,8384,949,1,"$8,504,061.80"
90115,5,0,0,12,9,1997,0,0,164,412,0,"$9,012,893.70"
19069,1,0,1,36,4,1997,1,0,4306,135,0,"$1,910,241.70"
8528,7,1,1,48,10,1998,0,0,9256,865,0,"$861,004.80"
51010,3,0,1,65,10,2018,1,1,3391,622,1,"$5,106,590.80"
36256,8,0,1,98,1,2003,1,1,8926,136,1,"$3,633,301.30"
49956,5,0,1,61,5,2019,1,1,3903,956,1,"$5,000,197.90"
97578,7,1,1,63,1,2006,0,0,8747,474,1,"$9,764,792.60"
85024,5,1,0,31,6,2017,0,0,732,791,1,"$8,506,042.70"
66169,8,0,0,66,5,1993,0,1,2547,239,0,"$6,623,375.30"
2895,7,1,0,24,3,2008,0,1,6657,604,0,"$292,915.80"
25805,8,1,0,86,7,1991,0,1,1197,680,0,"$2,591,493.10"
13073,7,1,1,21,6,2001,1,0,3203,410,0,"$1,316,580.10"
57213,2,1,0,31,8,1994,1,0,5321,337,0,"$5,725,473.40"
73479,7,0,1,78,3,2004,1,1,1567,288,0,"$7,356,083.40"
52397,7,0,0,25,4,1990,1,0,2567,992,1,"$5,241,599.00"
82897,3,0,1,90,9,2001,1,1,3520,487,1,"$8,298,456.10"
9242,4,1,0,36,8,2008,0,1,4534,494,0,"$930,448.80"
87603,4,0,0,31,4,2019,1,0,5175,684,0,"$8,762,692.90"
99516,4,1,0,43,7,2012,1,0,5178,712,1,"$9,955,482.20"
74819,7,1,0,32,3,2010,0,1,2214,453,0,"$7,484,727.00"
12101,1,1,0,23,7,1996,1,0,7780,544,1,"$1,215,445.60"
5540,4,1,0,61,4,1995,0,0,9042,752,0,"$559,407.50"
43411,6,1,1,59,8,2009,1,1,8856,897,1,"$4,350,544.90"
33928,10,1,1,39,8,2016,1,1,3437,754,1,"$3,401,310.60"
42011,9,0,0,53,7,2021,1,0,5192,639,0,"$4,203,445.10"
85202,8,1,1,40,5,2011,1,1,2236,884,1,"$8,530,631.10"
80617,1,0,0,53,8,2000,0,0,4837,699,0,"$8,062,892.00"
460,1,0,0,12,8,1993,0,1,7166,734,1,"$47,257.30"
13005,9,1,0,9,7,2020,1,1,7738,368,1,"$1,304,605.00"
70202,8,1,0,19,1,2010,0,1,9899,349,1,"$7,025,433.00"
13400,7,1,1,47,2,2000,0,1,5660,712,0,"$1,351,303.00"
29619,7,0,0,53,10,1993,0,1,2987,491,0,"$2,967,787.30"
85246,9,1,1,19,6,1990,1,1,8405,890,0,"$8,530,688.00"
20375,9,1,0,4,2,2017,0,1,8866,963,0,"$2,042,174.70"
63010,3,1,0,83,6,1992,1,1,215,491,0,"$6,308,475.20"
59172,8,1,1,60,1,1995,1,0,9255,121,1,"$5,927,710.50"
20685,10,0,1,86,5,2012,1,1,150,929,1,"$2,077,651.20"
81814,4,1,0,7,8,2016,1,1,7677,864,0,"$8,184,989.60"
77309,9,1,0,71,7,2020,0,0,5734,389,1,"$7,735,889.00"
55917,9,1,0,1,10,2014,0,1,2007,182,0,"$5,594,069.40"
55474,4,1,1,65,3,2012,0,0,411,176,1,"$5,553,845.20"
67509,7,1,1,63,6,2016,1,0,1471,142,0,"$6,761,569.60"
36387,2,0,1,38,6,2010,0,1,5865,991,0,"$3,645,155.00"
31244,3,1,0,34,4,2000,0,0,9770,594,0,"$3,132,092.00"
12010,2,0,1,36,6,1996,0,1,529,968,1,"$1,205,863.60"
33249,10,0,0,52,4,2017,0,0,9373,393,0,"$3,327,793.70"
1042,10,0,1,89,1,2009,0,0,7965,521,1,"$116,146.90"
35498,10,1,1,84,6,1993,0,0,9554,280,1,"$3,561,303.30"
75598,1,1,1,29,2,2021,1,1,506,771,0,"$7,568,656.10"
45893,9,1,0,43,10,2017,1,0,8584,326,1,"$4,596,499.70"
43588,3,0,1,81,9,1998,0,0,870,676,1,"$4,365,377.80"
33260,1,0,0,57,5,2019,0,1,7987,997,1,"$3,328,632.90"
74169,8,1,0,39,3,2005,1,1,9717,233,1,"$7,421,839.50"
1271,1,0,0,8,1,2010,1,0,3446,393,1,"$128,255.00"
61435,3,1,1,64,1,1999,1,1,6580,630,0,"$6,155,348.90"
94934,9,0,1,90,7,2007,1,0,325,563,0,"$9,499,856.70"
94904,3,1,0,27,8,2020,1,0,1808,651,1,"$9,497,623.00"
10944,9,1,0,30,1,2017,0,0,1858,207,0,"$1,099,743.70"
39171,1,1,1,18,10,2002,0,1,5721,232,0,"$3,923,469.20"
28495,10,1,1,89,10,2013,1,0,9180,298,0,"$2,860,568.30"
54250,2,1,0,23,10,2011,1,0,9177,802,0,"$5,431,886.10"
53001,9,1,0,64,5,2016,0,0,5989,454,0,"$5,306,618.60"
4299,8,1,1,61,7,2018,0,0,5226,225,0,"$441,384.80"
8978,6,1,1,16,3,1990,0,0,4408,826,0,"$905,148.00"
66542,6,0,1,53,1,1997,0,1,6602,195,0,"$6,659,594.70"
90179,3,0,1,24,4,2021,1,1,7306,228,1,"$9,022,516.10"
15724,5,1,1,91,8,1999,0,1,7229,444,1,"$1,589,321.90"
35523,3,0,1,84,10,2009,1,0,5066,945,0,"$3,560,958.90"
71443,10,0,0,56,9,2003,1,0,6685,413,1,"$7,146,766.30"
84930,7,0,0,40,7,2017,0,1,8319,716,0,"$8,496,751.70"
44637,5,0,1,51,10,2021,1,1,3965,385,1,"$4,473,507.10"
40089,5,1,1,42,1,1999,0,1,5976,993,0,"$4,016,591.90"
92942,10,0,0,38,10,2001,1,0,389,513,1,"$9,298,850.10"
66099,7,0,1,96,6,2004,0,1,981,441,0,"$6,616,281.40"
55320,9,1,1,77,9,1998,0,0,6927,433,1,"$5,542,804.80"
42346,10,1,1,4,2,1998,0,0,1953,997,0,"$4,241,310.80"
69778,3,0,0,98,9,2001,0,1,7906,141,1,"$6,988,206.10"
87565,5,0,1,83,2,2005,1,0,7926,790,0,"$8,760,812.50"
59234,3,1,1,91,10,1991,1,0,2578,528,0,"$5,936,567.10"
10838,7,0,0,51,4,2011,0,0,5863,413,1,"$1,086,957.10"
10821,2,1,1,97,7,1991,1,1,8154,297,0,"$1,100,557.10"
67531,4,1,0,66,4,1992,0,0,6449,478,0,"$6,760,858.20"
66542,10,0,0,96,9,2004,0,1,1773,502,1,"$6,660,410.40"
87294,9,1,0,80,7,1992,1,1,7378,575,1,"$8,740,010.20"
69648,7,0,0,3,9,2011,0,1,7249,620,0,"$6,965,618.10"
6373,8,1,0,88,1,2015,0,0,5343,692,1,"$646,190.50"
56126,6,0,0,92,2,1998,0,0,2765,825,1,"$5,622,399.80"
47373,10,0,1,60,1,1997,0,0,3801,223,0,"$4,744,247.70"
70346,5,1,0,83,1,2007,0,0,3350,772,1,"$7,041,725.70"
59009,9,0,1,88,5,2006,1,1,6191,375,0,"$5,908,459.60"
13982,1,1,1,71,5,2016,1,0,462,564,1,"$1,408,422.60"
17687,1,0,0,58,6,1999,1,0,4510,725,0,"$1,771,295.90"
83606,5,0,0,81,2,1992,0,0,3933,461,1,"$8,365,435.20"
54111,5,1,1,58,10,2016,1,0,6646,261,0,"$5,418,802.60"
88554,5,1,0,26,6,2000,0,1,1261,850,0,"$8,859,758.00"
41309,7,1,0,5,5,2003,0,1,6009,162,0,"$4,136,015.30"
87066,9,0,1,99,10,2020,1,0,8057,866,1,"$8,718,414.00"
27921,2,1,0,41,4,2002,1,1,842,153,1,"$2,799,272.20"
34723,10,0,1,41,8,2003,0,0,3190,414,1,"$3,476,474.30"
76929,9,0,1,16,5,2019,0,0,922,748,1,"$7,696,040.90"
29141,5,1,1,67,9,1999,0,0,6084,286,0,"$2,926,194.90"
17583,10,0,1,86,3,2010,0,1,6237,675,1,"$1,765,645.00"
59501,8,0,0,72,6,2011,1,0,1220,341,0,"$5,956,711.10"
24537,10,0,0,21,7,1994,0,0,6984,135,1,"$2,455,081.40"
83641,5,0,0,22,4,2006,0,1,3871,210,1,"$8,365,598.60"
16046,6,0,0,41,5,2017,0,0,4718,139,0,"$1,606,409.70"
84791,4,1,1,69,9,2001,0,0,960,535,1,"$8,490,703.10"
86215,3,0,1,43,3,2006,0,1,3203,203,1,"$8,630,496.60"
46356,10,1,1,81,6,2007,0,1,4688,774,0,"$4,648,974.70"
77196,4,1,0,94,3,1991,1,1,9702,330,1,"$7,726,722.10"
5725,7,1,0,21,9,2009,1,1,4343,498,1,"$576,509.90"
84322,5,1,0,11,2,2007,0,1,2794,152,0,"$8,437,871.70"
25602,7,1,0,90,7,2006,0,0,4297,685,1,"$2,568,817.60"
19857,4,1,1,50,4,2016,0,1,5887,361,1,"$1,994,317.60"
49033,1,0,0,38,1,2018,1,1,5064,494,0,"$4,907,507.80"
65369,8,0,0,50,3,1999,1,1,7890,110,0,"$6,539,399.90"
27428,4,0,0,61,8,2008,1,0,5843,369,0,"$2,746,938.80"
38057,8,1,1,99,4,2007,1,0,5824,964,1,"$3,820,611.70"
29273,8,0,0,46,1,2000,1,1,6821,208,0,"$2,930,120.00"
76712,2,0,1,10,2,2001,1,1,3408,543,0,"$7,675,385.10"
44917,9,1,1,86,6,1994,0,0,5000,897,0,"$4,504,064.40"
45390,2,1,1,59,7,2011,1,0,4896,718,1,"$4,545,301.10"
45889,3,0,1,31,10,2021,1,0,9483,491,0,"$4,593,571.10"
65280,8,0,1,28,5,2019,0,0,4415,358,0,"$6,531,738.90"
72050,9,1,0,54,6,2005,1,0,45,311,1,"$7,214,204.50"
98712,7,1,1,79,3,2012,1,1,4712,553,1,"$9,881,657.20"
22713,5,1,0,25,3,1994,1,0,3257,824,0,"$2,277,018.40"
67105,5,1,0,87,7,2014,1,0,2199,949,1,"$6,716,149.40"
96562,8,1,0,99,7,2009,1,1,696,310,0,"$9,662,306.90"
60368,2,0,1,21,3,1998,1,1,6195,384,0,"$6,043,393.80"
99820,8,0,0,72,4,1994,1,0,4603,401,1,"$9,987,501.40"
12386,4,1,1,5,6,2018,0,1,1634,259,1,"$1,248,980.80"
49425,7,1,1,79,8,1996,0,1,710,464,0,"$4,952,474.60"
13628,7,1,0,60,8,2013,0,0,8364,992,1,"$1,368,408.30"
30779,1,0,0,28,1,2020,0,0,2087,635,1,"$3,080,536.00"
92770,6,1,1,12,2,2011,0,1,2888,377,1,"$9,282,866.10"
83104,6,0,1,80,3,2005,1,0,1123,245,0,"$8,317,986.50"
97284,5,1,1,24,5,2010,0,0,7150,496,1,"$9,738,363.00"
5977,7,0,0,12,1,2005,1,0,8767,418,0,"$599,038.50"
48179,6,1,0,63,9,2007,0,1,3572,447,1,"$4,821,918.70"
71000,4,0,1,69,10,2006,0,0,8486,948,0,"$7,105,944.60"
2246,4,0,0,46,1,2015,0,1,9881,384,0,"$226,661.50"
97491,6,0,0,97,1,1992,0,0,5197,878,1,"$9,753,285.20"
98267,10,0,0,15,7,2009,0,1,4610,425,0,"$9,828,650.90"
34837,10,0,1,51,6,1995,0,0,3723,524,0,"$3,492,788.50"
25996,9,1,1,18,4,2014,0,0,8070,685,0,"$2,607,460.40"
52151,4,1,1,1,8,2011,1,0,4450,405,1,"$5,221,936.10"
36327,2,1,0,7,1,1994,1,1,4907,500,0,"$3,635,910.40"
28285,3,1,0,21,9,2015,0,1,9324,433,1,"$2,833,869.50"
15451,3,1,1,30,7,1999,1,1,3747,249,1,"$1,553,369.90"
55624,5,0,1,34,4,2013,0,0,3030,377,1,"$5,565,335.30"
41007,1,1,1,67,2,2007,1,1,1291,308,1,"$4,113,915.70"
82678,9,0,1,62,3,2017,1,1,7282,364,0,"$8,273,923.70"
88822,1,0,0,35,10,2008,1,0,6495,921,0,"$8,885,730.80"
25492,8,1,1,37,9,1998,0,0,8111,641,1,"$2,554,328.80"
29708,7,1,1,83,1,2018,0,0,17,969,1,"$2,986,343.80"
61254,3,1,1,30,6,1995,0,0,8988,592,1,"$6,133,621.50"
47559,1,0,0,66,1,2018,1,0,6654,854,1,"$4,762,739.80"
34308,3,1,1,58,1,2019,0,0,1470,198,0,"$3,440,386.90"
99913,7,1,0,83,1,2014,1,1,6217,493,0,"$9,998,090.40"
29824,3,1,0,24,1,1993,1,1,3653,253,0,"$2,986,708.30"
96931,10,0,1,98,3,1999,0,0,3644,165,0,"$9,703,396.90"
13194,4,0,1,16,9,2020,0,1,4236,929,1,"$1,325,734.00"
7597,7,1,0,90,4,2013,1,1,874,900,0,"$763,978.30"
74943,1,1,0,10,8,2016,0,0,9626,953,0,"$7,496,206.60"
68224,5,1,0,14,2,2017,0,1,1292,525,1,"$6,826,969.70"
27233,1,0,1,41,8,2021,0,1,8478,131,1,"$2,728,421.10"
99821,3,0,0,12,1,2001,0,1,1812,152,1,"$9,982,792.10"
55575,5,0,1,64,7,2001,0,1,6170,244,0,"$5,563,122.10"
56616,10,0,1,47,5,2004,0,1,5788,818,1,"$5,666,924.40"
48352,3,0,0,11,9,1990,0,0,3916,562,1,"$4,836,393.00"
21503,1,1,1,74,1,2004,0,0,8279,824,1,"$2,159,844.40"
34291,4,0,1,37,5,1991,0,1,9105,401,0,"$3,434,499.10"
71353,2,0,1,21,1,2019,0,0,2488,740,1,"$7,142,339.90"
30871,4,1,1,66,7,1992,1,1,4040,641,0,"$3,101,000.20"
77012,9,1,0,18,5,2006,1,0,457,483,0,"$7,704,558.60"
64021,3,1,1,39,1,2018,1,1,2634,247,0,"$6,412,082.80"
98124,3,1,1,36,4,2002,0,0,9507,601,0,"$9,821,245.20"
59195,1,1,0,100,9,2010,0,1,5995,478,0,"$5,923,843.00"
82275,8,0,0,59,10,2012,0,1,5408,551,1,"$8,230,302.20"
34213,4,0,0,52,8,2010,1,0,6992,754,0,"$3,424,803.00"
62399,5,0,1,51,8,2011,1,0,8250,185,1,"$6,246,364.10"
12831,9,1,0,16,3,2015,0,0,9668,969,0,"$1,288,685.50"
55691,9,0,0,46,8,2000,0,0,5173,449,0,"$5,574,008.00"
72365,5,1,1,79,10,2013,0,1,5829,984,1,"$7,248,658.30"
98840,8,0,0,6,4,2005,1,1,3563,833,1,"$9,885,470.50"
64027,6,0,1,34,8,2021,0,0,4663,860,1,"$6,408,770.10"
25745,10,0,1,53,7,2020,0,1,8242,457,1,"$2,583,236.00"
58971,1,0,0,67,3,2019,0,1,1799,876,0,"$5,901,033.90"
34159,1,0,1,25,9,2004,1,0,6456,467,0,"$3,420,308.40"
63017,3,0,1,33,10,1999,0,1,8223,404,1,"$6,307,594.90"
40570,8,1,0,46,9,2021,1,0,1565,229,1,"$4,060,237.10"
60307,10,0,0,31,7,1991,0,1,9401,230,0,"$6,031,864.10"
29269,10,0,0,10,1,1994,1,1,2305,616,1,"$2,928,059.40"
9916,2,1,1,2,1,1995,1,1,8357,521,1,"$997,349.50"
79408,2,1,0,86,8,1992,0,1,7716,577,0,"$7,948,588.20"
10001,4,1,0,93,5,2015,1,0,1629,998,0,"$1,006,263.50"
82835,5,1,1,68,5,2007,1,0,8099,547,1,"$8,290,732.70"
65953,10,1,0,9,2,1999,1,1,3460,383,0,"$6,599,401.90"
52689,2,1,0,43,10,2003,1,1,6782,342,0,"$5,273,689.30"
91973,7,0,0,14,10,2021,0,1,6767,621,1,"$9,198,800.10"
13840,8,1,1,93,6,1995,0,1,1309,840,1,"$1,393,777.50"
70556,8,0,1,10,9,2019,0,1,1421,879,1,"$7,059,493.90"
57612,2,1,1,31,8,2010,0,0,2828,116,0,"$5,767,803.00"
42052,7,1,0,68,1,2016,0,1,1548,833,0,"$4,211,525.60"
50982,3,1,0,73,8,2007,1,1,372,438,0,"$5,105,930.70"
35452,9,1,1,59,9,2016,0,1,7714,326,0,"$3,555,588.60"
69957,9,1,1,45,9,2000,1,1,6641,557,1,"$7,007,658.00"
62330,4,1,1,50,3,2007,0,0,7395,931,1,"$6,242,179.70"
31492,3,0,0,28,5,2020,0,0,2546,475,0,"$3,149,910.00"
90444,10,0,0,34,5,2001,0,1,7534,281,0,"$9,045,666.10"
87577,9,1,1,97,6,2005,0,1,5100,752,0,"$8,772,102.50"
85955,4,0,0,56,1,2015,0,1,4303,408,1,"$8,601,595.50"
97406,4,1,1,72,10,2009,1,1,1911,146,0,"$9,750,051.90"
51547,10,0,1,77,6,2006,0,1,1583,877,0,"$5,164,202.60"
21952,10,0,0,82,10,2018,0,0,7602,728,1,"$2,201,323.80"
65136,7,0,0,86,3,2016,1,0,9465,188,1,"$6,517,333.60"
75626,3,0,1,31,4,2003,1,1,2591,659,1,"$7,570,125.30"
42065,8,0,0,68,1,2001,1,1,7010,108,1,"$4,210,618.10"
40437,10,0,0,6,9,1992,1,1,3597,440,1,"$4,045,077.20"
58610,8,0,0,83,2,2012,1,1,2014,644,1,"$5,868,889.20"
74737,5,1,1,29,2,2002,1,0,6054,797,1,"$7,479,745.20"
68999,3,1,1,38,8,2020,1,1,7260,437,1,"$6,912,274.00"
11303,10,1,0,93,10,2000,0,0,7036,272,1,"$1,138,807.00"
68681,9,0,1,15,3,2008,0,0,906,690,1,"$6,870,787.80"
96134,5,0,0,61,9,2016,0,1,8390,400,1,"$9,616,397.60"
59889,4,1,0,60,7,2016,0,0,5106,232,0,"$5,997,892.60"
58706,5,1,1,38,1,1993,1,0,217,205,0,"$5,879,090.30"
187,8,1,1,46,2,2019,0,0,9680,134,0,"$26,533.90"
74218,4,1,0,74,4,2010,0,1,7468,524,1,"$7,430,737.00"
36795,4,0,1,60,10,1995,0,0,4579,139,1,"$3,682,712.50"
21208,10,1,0,13,1,2011,0,0,7107,614,0,"$2,125,947.10"
41264,9,1,0,41,2,2006,0,1,970,100,0,"$4,134,223.60"
1618,7,0,1,83,5,2003,0,1,7153,113,1,"$171,840.30"
87245,3,1,0,37,8,1997,0,1,2924,942,0,"$8,729,428.70"
54831,1,1,0,81,3,2001,0,1,7826,822,1,"$5,492,297.10"
24439,10,1,0,65,5,2018,1,1,9638,344,0,"$2,449,426.80"
26611,7,0,0,70,5,1996,1,1,2145,344,1,"$2,665,389.60"
75995,10,0,0,49,1,2005,1,1,2788,287,1,"$7,604,371.50"
94912,1,0,0,80,7,2008,0,1,15,637,0,"$9,499,780.80"
33676,4,1,0,29,10,2006,0,0,2290,675,0,"$3,373,913.60"
75020,7,0,1,18,3,2009,0,1,5391,251,0,"$7,505,819.90"
66720,3,0,1,12,5,1991,0,1,6276,392,0,"$6,675,714.10"
64576,10,0,1,26,7,2014,1,0,3254,354,1,"$6,463,138.40"
37845,5,1,1,53,5,2004,0,0,4598,524,0,"$3,792,884.40"
5157,9,1,1,65,9,1998,1,1,8074,422,1,"$526,302.80"
3990,10,1,1,33,4,1996,1,0,1288,805,1,"$404,538.60"
67844,4,0,1,51,9,1997,0,1,5715,961,0,"$6,790,489.70"
31209,6,1,0,23,9,2008,0,0,2215,439,1,"$3,125,990.80"
59900,2,0,1,66,10,1996,1,0,6670,971,0,"$5,994,776.60"
31723,10,1,1,72,4,2006,0,0,6325,295,1,"$3,187,117.60"
19793,6,0,0,4,7,2012,0,1,4666,854,1,"$1,980,251.20"
97983,10,0,1,57,3,2004,0,1,3233,738,1,"$9,806,846.40"
20586,1,0,0,99,6,2007,1,1,2155,383,1,"$2,065,934.70"
73309,2,1,1,41,7,1996,1,1,9466,139,1,"$7,340,458.60"
55910,2,0,1,27,1,2009,0,1,48,544,0,"$5,595,244.90"
98714,7,1,0,10,4,2020,0,0,3504,764,0,"$9,876,308.00"
93463,3,1,1,95,4,2021,1,1,9678,738,0,"$9,354,794.10"
85525,9,1,0,55,10,2015,1,0,2075,387,0,"$8,558,313.50"
74263,3,0,0,79,3,2019,1,0,5883,888,0,"$7,428,602.90"
50974,3,0,0,39,1,1993,0,1,5557,947,1,"$5,100,640.30"
302,5,1,0,30,10,1994,1,1,9024,786,0,"$34,373.40"
26916,3,1,1,97,7,2020,1,1,3944,823,0,"$2,703,096.00"
62483,8,1,1,76,6,2003,1,0,3522,201,0,"$6,261,216.30"
21149,5,1,0,35,6,2000,1,0,2306,802,1,"$2,118,884.00"
35184,7,0,0,14,8,2005,1,0,3132,361,1,"$3,520,242.50"
66628,9,1,0,70,5,1997,0,0,1180,723,1,"$6,668,709.70"
85460,4,1,1,58,10,2003,0,0,6799,770,1,"$8,557,497.30"
60186,1,1,0,12,6,2020,0,1,8750,921,1,"$6,024,280.00"
94070,1,0,0,91,4,1990,1,1,9080,883,1,"$9,411,507.00"
27247,3,1,1,39,1,2019,1,1,6473,405,0,"$2,736,774.90"
9840,1,0,1,36,6,2012,1,1,6545,446,0,"$990,892.20"
21460,10,1,0,53,1,2014,0,1,8355,484,0,"$2,151,657.40"
92264,10,1,1,26,3,1995,1,0,6972,828,1,"$9,235,289.50"
9193,3,1,0,31,4,2018,0,0,4946,111,1,"$923,138.80"
5670,1,0,0,56,8,1994,0,0,882,814,1,"$570,043.40"
55645,3,0,1,57,2,1998,0,0,161,567,0,"$5,571,700.80"
13138,4,1,0,25,3,2009,1,1,3239,423,1,"$1,319,407.90"
15194,6,1,0,4,3,2009,1,0,1987,443,0,"$1,523,752.90"
94254,7,1,1,35,8,1999,0,1,8107,870,0,"$9,431,803.90"
5473,3,0,0,77,4,1992,0,0,1207,705,1,"$552,681.20"
28400,1,1,1,53,8,1996,1,0,6621,554,1,"$2,852,499.60"
58280,1,1,1,12,8,2019,0,0,696,880,1,"$5,836,801.90"
4263,4,0,1,26,6,2002,0,0,6579,987,0,"$433,150.20"
26492,4,0,0,6,5,2012,0,0,8278,897,1,"$2,649,965.20"
1866,4,0,0,8,5,2000,1,0,1421,176,1,"$187,470.00"
8890,9,1,0,91,9,2001,1,1,2466,906,1,"$898,429.10"
85361,3,1,1,16,1,2000,1,0,8756,607,1,"$8,543,750.00"
17794,2,0,0,82,8,1990,0,1,1574,752,1,"$1,782,969.00"
42378,1,0,0,68,4,2010,0,1,3183,180,0,"$4,244,979.00"
16490,9,1,1,62,1,1994,0,1,3740,603,0,"$1,659,834.40"
143,3,0,0,53,2,2010,1,0,4426,911,0,"$17,071.00"
63798,8,1,0,55,2,1990,1,1,6025,134,0,"$6,388,275.00"
67215,10,1,1,10,9,1999,1,1,851,273,0,"$6,728,090.90"
57689,6,1,1,56,6,2011,1,1,6998,959,1,"$5,779,614.10"
25821,1,0,1,58,8,2015,1,1,6389,800,0,"$2,587,736.50"
5640,4,0,0,69,5,2012,0,0,4958,122,1,"$568,560.20"
87443,4,1,1,41,9,2012,0,0,2921,810,1,"$8,747,353.20"
14829,5,0,1,67,6,2002,1,1,3275,951,1,"$1,487,038.20"
488,7,1,0,80,7,1991,0,0,7643,660,1,"$53,933.10"
76859,7,1,0,13,9,1996,0,1,9005,826,1,"$7,687,938.60"
90380,7,0,0,20,8,1991,1,0,5762,100,0,"$9,039,029.10"
59751,7,1,1,66,4,1999,0,1,7799,836,1,"$5,988,688.90"
47063,6,0,0,44,6,1993,1,1,9138,249,1,"$4,710,827.30"
30126,3,0,1,34,7,2004,1,0,355,309,0,"$3,017,394.40"
13312,3,1,1,60,6,2005,1,0,6237,766,0,"$1,343,890.50"
37729,10,0,0,16,5,1993,1,0,5623,537,0,"$3,773,925.30"
57160,2,1,0,27,5,2001,0,0,6595,709,0,"$5,720,788.10"
78576,6,0,0,35,10,2016,1,1,4316,359,0,"$7,861,426.60"
42824,8,0,0,89,3,2017,0,0,79,437,0,"$4,284,208.70"
24943,7,0,1,37,3,2001,0,1,2741,641,1,"$2,499,961.10"
7023,5,1,1,38,9,2007,0,1,9675,241,0,"$708,136.70"
79786,10,1,1,87,10,1990,1,1,4178,151,0,"$7,991,735.00"
44149,1,1,1,28,9,2017,1,1,4054,485,0,"$4,420,910.70"
128,10,0,1,6,2,1990,0,0,6861,442,0,"$15,488.00"
3573,2,0,1,80,3,1995,1,1,3114,510,0,"$363,088.50"
84387,8,0,0,73,4,2007,1,1,5742,885,0,"$8,444,076.70"
98900,3,1,0,65,8,2007,1,1,6939,316,0,"$9,896,574.70"
53454,8,1,1,89,3,2021,1,1,5328,826,0,"$5,357,472.10"
64214,6,1,0,80,4,2016,0,1,5428,415,0,"$6,430,251.60"
27423,5,0,0,45,4,2020,0,0,8676,275,1,"$2,744,762.00"
17117,7,1,1,31,6,1997,1,0,3505,447,0,"$1,717,255.70"
36122,4,1,1,7,9,1996,0,1,3511,195,0,"$3,622,538.60"
62577,1,0,0,35,2,2014,0,0,8371,981,0,"$6,258,456.40"
58339,10,0,0,13,9,2009,0,0,4011,679,1,"$5,834,718.90"
14757,8,1,1,19,10,2004,0,1,6071,287,1,"$1,485,110.40"
97915,5,1,0,51,5,2011,1,1,2625,575,0,"$9,795,686.10"
47671,9,1,1,78,1,2015,0,0,5479,765,0,"$4,773,675.50"
98683,3,0,1,48,4,1992,1,1,4670,638,1,"$9,876,937.20"
55002,5,0,1,52,3,2007,1,1,2350,430,0,"$5,510,046.70"
77690,7,1,0,60,3,2013,1,0,6027,110,0,"$7,777,085.30"
52894,3,1,0,2,10,2003,0,1,5114,772,1,"$5,293,640.30"
78338,4,0,1,65,7,2010,1,0,6549,472,1,"$7,839,471.00"
45065,9,0,0,50,3,2003,0,1,3027,284,1,"$4,509,900.30"
63755,3,0,1,77,6,1999,0,1,7286,389,0,"$6,383,188.90"
45248,7,1,0,90,10,2013,0,0,7958,607,1,"$4,530,134.30"
98294,2,1,0,48,3,2002,0,1,6102,227,0,"$9,835,842.20"
42715,4,0,1,55,2,2003,0,1,4761,522,0,"$4,277,360.30"
62054,6,0,1,98,9,2017,1,0,6991,722,1,"$6,211,948.70"
41023,7,1,0,9,8,2001,1,0,2154,902,1,"$4,108,214.10"
53980,2,0,0,47,8,2005,0,1,8548,553,0,"$5,403,271.50"
82535,7,0,1,17,2,1997,0,0,2712,494,1,"$8,256,501.70"
56127,10,1,1,69,3,1991,0,0,536,647,1,"$5,621,278.10"
97653,2,0,1,76,5,2006,1,1,415,137,1,"$9,776,232.60"
75927,4,1,1,38,3,2001,1,0,4681,472,1,"$7,599,356.10"
68120,3,1,1,100,1,2011,0,1,9419,471,0,"$6,820,694.10"
30479,9,0,1,12,6,2006,0,0,8193,766,1,"$3,052,380.60"
57491,8,0,0,84,6,2011,1,1,2766,289,1,"$5,755,947.10"
3349,2,0,1,53,7,2000,1,0,7763,164,1,"$340,857.00"
58036,2,1,0,50,10,2006,0,0,4616,509,0,"$5,810,570.60"
22521,8,1,1,63,7,2016,0,1,8808,999,0,"$2,262,620.60"
5034,1,1,0,43,1,1998,0,0,3093,871,1,"$508,566.80"
85942,6,0,0,37,4,2002,1,1,7298,521,1,"$8,598,513.20"
41932,6,0,0,89,5,1990,1,1,2379,942,0,"$4,196,797.00"
33997,10,1,1,99,1,1990,1,1,7949,435,1,"$3,416,922.00"
92563,3,1,0,84,4,2016,1,1,1455,249,1,"$9,263,168.60"
9092,3,1,0,62,9,1991,0,0,7149,455,1,"$917,439.10"
41087,6,1,0,42,2,2020,1,1,8904,412,0,"$4,115,899.00"
49358,7,1,1,49,10,2020,1,0,6110,319,0,"$4,943,111.00"
81835,5,0,0,43,7,2021,0,1,9513,875,1,"$8,187,964.10"
32890,6,1,0,96,9,2003,1,1,3368,495,0,"$3,298,699.30"
71693,9,1,0,19,5,2015,0,1,4893,912,1,"$7,173,700.50"
96708,6,0,0,65,8,2009,1,1,3964,871,0,"$9,677,130.90"
50449,7,0,1,20,10,2012,1,0,2024,866,0,"$5,050,044.20"
56969,1,0,1,56,4,2017,1,0,3026,104,1,"$5,703,520.70"
13631,1,0,0,69,5,2005,0,0,305,748,0,"$1,368,204.50"
62366,2,0,0,41,5,2020,1,0,7835,178,1,"$6,240,017.00"
56878,2,0,1,62,5,2015,0,0,8687,771,0,"$5,695,950.50"
52671,3,0,0,37,5,2000,0,1,6327,419,0,"$5,270,960.00"
49818,2,0,0,69,9,2005,1,0,4751,199,1,"$4,983,109.50"
38969,4,1,1,48,4,2019,1,1,6113,352,1,"$3,904,399.90"
52861,7,0,1,84,2,1996,0,1,9739,440,1,"$5,296,085.60"
93003,4,0,1,17,3,1999,1,1,8476,303,1,"$9,303,949.90"
20666,4,1,0,57,1,1994,1,1,5379,984,0,"$2,072,485.40"
59749,5,1,1,24,6,1998,0,0,1405,938,0,"$5,981,892.80"
3802,1,0,0,9,3,2015,1,1,4314,143,0,"$381,031.50"
50815,9,1,1,59,4,2009,1,0,5729,605,0,"$5,091,098.90"
8282,1,0,1,57,6,1991,0,0,8604,568,0,"$836,291.10"
40141,4,0,0,25,8,1992,0,1,5131,505,0,"$4,017,149.20"
35944,3,1,1,56,2,2000,1,1,7476,361,0,"$3,601,009.00"
13642,9,1,1,97,7,2017,1,1,4827,143,0,"$1,373,231.70"
72794,9,0,0,75,3,2019,0,1,5361,104,0,"$7,281,001.90"
99062,8,0,0,47,1,2007,0,1,6902,214,1,"$9,907,981.70"
3893,5,0,1,89,9,1996,1,1,8765,848,1,"$399,892.60"
62059,8,0,1,27,4,1990,1,0,5463,862,0,"$6,214,001.00"
30559,9,0,1,43,5,2002,1,0,6318,255,0,"$3,061,654.20"
466,3,1,1,87,3,2001,1,1,4173,182,1,"$58,180.10"
40782,8,1,0,87,3,2005,1,1,9795,244,1,"$4,090,861.50"
10437,8,0,1,23,10,1999,1,1,4018,193,1,"$1,050,183.90"
11871,3,1,0,77,3,2000,1,1,7893,797,0,"$1,196,124.00"
50660,5,1,0,74,2,2016,0,0,3389,955,1,"$5,074,190.60"
48637,7,1,0,83,4,1992,1,0,594,898,0,"$4,872,012.20"
20082,4,0,0,92,3,2012,0,0,7692,336,0,"$2,016,445.20"
52143,8,1,1,59,5,2007,0,1,2386,418,0,"$5,225,721.70"
78563,8,1,1,96,1,1997,1,1,6449,478,0,"$7,872,245.70"
39477,4,0,0,59,8,1999,1,0,8909,373,1,"$3,950,541.90"
55039,8,0,1,98,2,1992,0,0,3351,725,0,"$5,515,121.20"
24118,1,0,0,93,5,2013,0,0,5779,581,1,"$2,416,901.30"
6270,4,1,1,42,8,2000,0,1,1781,747,0,"$636,262.00"
48206,3,0,1,88,7,2005,0,0,111,511,1,"$4,830,507.50"
80212,9,0,0,92,10,2011,1,1,6821,115,1,"$8,029,445.10"
61929,6,1,0,44,2,2006,0,1,1841,679,1,"$6,197,708.60"
2632,7,0,0,35,8,1991,0,1,2238,359,0,"$266,129.10"
45278,7,1,0,21,2,2000,1,0,4086,261,0,"$4,533,893.00"
61985,1,0,1,35,6,1997,1,1,1254,437,0,"$6,204,099.70"
19788,6,1,0,96,4,2015,0,0,5138,862,1,"$1,992,318.50"
65662,10,0,1,34,10,1993,0,1,8300,911,1,"$6,571,434.30"
12922,2,1,0,34,10,2017,0,1,6376,757,1,"$1,296,979.70"
26976,10,0,1,7,6,1996,1,0,6302,753,1,"$2,703,352.60"
26258,10,1,1,69,4,2018,1,0,5481,991,0,"$2,639,003.80"
87887,8,1,1,92,6,2009,0,0,5570,933,1,"$8,802,291.90"
62054,7,0,1,72,5,1991,1,1,3994,411,1,"$6,211,960.10"
30308,5,0,0,58,1,1994,0,0,8158,241,0,"$3,032,783.40"
57352,8,1,0,32,3,1996,0,0,4183,655,0,"$5,740,389.60"
81336,1,1,0,53,6,1995,0,0,2406,212,1,"$8,139,811.50"
3770,9,1,1,22,8,2007,1,1,7193,513,1,"$386,366.70"
87556,7,1,1,13,6,2001,0,1,2242,828,1,"$8,763,636.10"
77698,7,0,0,59,9,2015,1,0,7418,226,0,"$7,772,144.50"
60283,10,1,0,63,4,1991,1,0,6074,711,0,"$6,033,341.10"
95084,2,1,0,63,7,2003,0,1,437,387,1,"$9,517,011.30"
734,4,0,1,21,9,2021,0,1,1498,196,1,"$76,259.10"
35013,4,1,0,34,9,2011,1,1,8933,886,1,"$3,506,141.10"
2945,3,1,0,23,7,1998,0,0,322,166,0,"$299,982.80"
58092,6,1,0,42,10,2000,1,1,2172,329,0,"$5,813,987.00"
94771,10,0,1,44,4,2006,0,0,1583,274,0,"$9,481,654.60"
2726,6,1,1,37,6,2008,0,0,5909,251,0,"$279,807.80"
71027,2,1,0,41,5,2001,0,0,5770,607,0,"$7,109,174.10"
28284,7,1,1,1,9,2003,1,0,8469,798,1,"$2,834,962.30"
64307,7,1,1,67,10,2019,0,1,6824,956,1,"$6,442,043.90"
3649,2,1,1,73,2,2003,0,0,5011,814,0,"$375,031.30"
69797,1,1,1,3,2,1995,1,0,6918,285,0,"$6,986,534.50"
97428,9,1,0,76,7,2009,1,1,2064,832,0,"$9,750,656.90"
28399,10,0,0,84,7,1993,0,0,2671,116,0,"$2,844,533.30"
67583,1,1,0,99,2,2000,1,0,5587,638,1,"$6,769,148.00"
18152,2,1,0,85,4,2001,0,1,561,487,0,"$1,824,872.10"
33667,4,0,0,20,10,2009,1,1,4493,594,1,"$3,369,190.90"
38755,5,0,1,53,2,2005,1,1,8609,802,1,"$3,884,790.50"
45430,1,1,0,75,4,1999,0,0,3881,720,0,"$4,549,681.90"
24937,7,0,1,27,3,2009,1,1,3706,471,0,"$2,498,730.90"
7822,6,0,0,13,1,1994,1,0,2111,323,0,"$783,295.40"
56223,8,1,0,73,4,1993,1,0,4302,115,0,"$5,634,379.30"
17454,6,1,1,74,6,1991,1,0,7634,839,0,"$1,753,382.10"
2442,10,0,1,13,9,2000,1,0,7635,376,0,"$247,791.00"
31343,8,1,1,40,7,2018,1,1,9429,189,1,"$3,141,490.80"
54757,8,0,0,60,7,1993,0,0,9867,210,0,"$5,482,099.30"
35576,9,0,0,18,3,2006,1,1,5824,790,1,"$3,559,204.60"
96040,4,0,0,27,9,1997,0,1,323,269,1,"$9,606,107.70"
60617,2,0,0,39,6,1996,1,0,7114,393,0,"$6,063,831.60"
42002,1,0,1,85,10,2016,1,0,7165,448,1,"$4,208,839.60"
86539,3,1,1,18,2,1998,1,1,8424,482,1,"$8,660,203.80"
72425,2,0,1,83,7,2002,0,0,49,794,1,"$7,252,778.20"
60817,2,1,0,76,6,2001,0,1,6949,142,0,"$6,086,395.10"
58316,3,0,1,3,7,1992,1,1,619,987,0,"$5,836,642.20"
22777,7,0,1,44,4,1996,1,0,34,417,1,"$2,282,652.60"
28741,2,0,0,17,3,2010,1,1,4434,241,1,"$2,875,379.00"
78627,5,1,1,98,6,2007,0,0,3990,851,0,"$7,877,631.70"
40556,9,1,0,93,4,2004,0,1,6862,209,0,"$4,065,791.40"
48960,3,1,0,10,4,1997,1,0,7233,109,0,"$4,901,955.70"
74651,10,0,1,85,4,1998,1,0,2879,964,1,"$7,474,283.80"
24576,6,0,1,57,4,1998,0,0,8363,131,0,"$2,461,159.80"
29819,4,1,1,61,1,2010,1,0,2642,470,1,"$2,991,129.00"
24664,3,1,1,43,1,2011,0,1,4450,900,0,"$2,471,327.10"
83905,8,0,1,70,8,2011,1,1,552,707,1,"$8,397,030.10"
54748,3,0,1,21,9,2021,0,1,8566,732,1,"$5,478,961.10"
71691,7,1,1,65,10,1990,0,1,7728,800,1,"$7,176,793.00"
63894,9,1,1,25,9,1994,0,1,7980,112,0,"$6,399,046.40"
51797,4,0,0,82,10,2011,0,0,8963,905,1,"$5,181,827.10"
49008,4,0,1,78,5,2020,0,1,3993,705,0,"$4,912,394.00"
33098,8,1,1,42,8,1992,1,0,7639,221,1,"$3,319,481.20"
8028,9,0,0,36,5,1994,0,1,4987,546,0,"$804,141.40"
38190,10,1,1,13,10,2003,1,1,8081,462,0,"$3,825,454.30"
65689,7,0,1,59,5,2000,0,1,1947,528,1,"$6,578,403.00"
59040,6,0,0,14,5,1998,1,1,1642,130,0,"$5,905,531.80"
52369,3,0,1,70,1,2009,1,1,8986,120,0,"$5,249,658.90"
69311,4,0,1,89,10,2016,0,0,5614,954,1,"$6,939,575.60"
84922,9,1,0,20,3,1993,1,1,6768,901,0,"$8,498,552.30"
18044,4,1,1,13,4,2008,0,1,3017,617,1,"$1,814,360.80"
91554,6,0,0,79,10,1999,0,1,9184,210,0,"$9,157,895.90"
45939,4,0,0,5,6,1994,1,1,7483,354,0,"$4,594,654.40"
89687,2,0,1,29,6,2000,1,1,6754,135,1,"$8,974,887.00"
3802,7,0,1,9,6,2010,1,1,1717,289,0,"$385,045.00"
92548,3,0,0,73,5,2006,0,0,4146,727,1,"$9,259,999.60"
35532,4,1,1,49,7,1991,1,1,4087,651,1,"$3,566,862.10"
93363,9,1,0,96,10,2007,0,1,2437,160,0,"$9,345,397.70"
18653,5,1,1,40,4,2020,0,0,4746,319,1,"$1,871,959.00"
74263,7,1,0,81,6,1993,1,0,2046,208,0,"$7,433,776.30"
60650,4,1,1,57,5,2012,0,1,4858,100,1,"$6,074,678.20"
53680,3,1,0,88,7,2010,1,1,4515,515,1,"$5,379,297.00"
47242,8,0,0,55,5,2003,1,0,2157,766,1,"$4,727,165.30"
63040,9,1,1,97,7,2020,1,0,4057,266,1,"$6,318,789.00"
80803,7,0,1,59,6,2018,0,0,5684,895,1,"$8,083,433.80"
52109,5,0,0,51,1,1993,1,1,7211,647,0,"$5,215,011.30"
83054,3,1,0,2,5,1991,0,0,6292,265,0,"$8,309,399.10"
71997,9,1,1,44,10,2014,1,0,4305,662,1,"$7,207,715.40"
5722,3,1,0,92,2,1999,1,0,3551,998,1,"$580,706.90"
10872,10,0,0,5,4,2001,0,1,3405,408,0,"$1,088,055.10"
83710,6,0,1,3,8,2000,1,0,6533,976,1,"$8,374,730.00"
1260,6,1,1,25,6,2016,1,0,952,773,1,"$131,538.60"
48496,9,1,0,61,3,2002,1,0,7310,199,0,"$4,856,815.20"
74458,9,0,1,79,10,2021,1,1,3969,587,1,"$7,452,331.10"
13517,6,1,0,74,9,2005,0,0,4159,814,1,"$1,359,844.50"
66579,2,0,1,55,1,2021,1,0,2076,889,1,"$6,664,850.10"
77247,8,1,0,44,2,2011,0,0,5712,383,1,"$7,731,295.10"
18891,4,0,0,40,2,1992,0,0,9705,999,1,"$1,892,159.20"
93281,5,1,1,20,3,1997,1,1,3327,132,0,"$9,336,444.70"
9677,3,1,1,50,7,2008,1,1,2199,819,1,"$977,638.80"
37473,8,1,0,63,4,2015,0,1,2001,854,0,"$3,755,563.50"
12943,9,0,1,84,4,1995,1,1,8566,854,1,"$1,300,343.50"
87585,3,0,1,66,5,2017,0,0,6955,197,0,"$8,764,820.70"
78612,10,0,0,9,3,1997,1,1,4301,456,1,"$7,862,673.70"
90697,4,1,0,19,10,2021,0,1,9151,293,0,"$9,075,071.10"
35215,9,1,1,33,10,2006,0,1,5144,976,0,"$3,530,988.60"
30991,3,1,0,11,8,2005,1,0,7815,161,0,"$3,104,594.50"
61846,6,1,1,45,2,1990,1,0,8142,517,1,"$6,192,313.00"
51212,3,0,1,55,9,2021,1,1,3782,392,1,"$5,130,660.10"
41971,8,0,0,37,7,2008,0,0,8522,359,0,"$4,198,560.80"
72530,5,1,1,50,2,2017,0,0,5900,167,0,"$7,263,616.70"
54159,10,1,1,41,7,1992,0,0,6417,125,0,"$5,424,708.20"
69034,3,0,1,36,8,2020,1,0,3682,586,0,"$6,907,362.00"
31952,1,1,0,60,5,2005,0,0,1446,587,0,"$3,202,868.50"
75524,1,0,0,56,5,2019,1,1,4755,356,0,"$7,556,587.90"
33023,1,0,1,23,7,1998,1,0,6182,988,1,"$3,308,071.80"
84824,8,0,0,20,6,2012,1,0,6480,816,1,"$8,483,601.20"
87400,5,0,0,34,9,1998,1,1,3473,479,1,"$8,743,395.80"
45857,10,0,0,46,4,1995,0,1,7629,755,0,"$4,588,987.50"
99412,5,1,0,2,8,2021,1,1,2554,136,0,"$9,945,830.10"
44802,9,0,1,4,2,2009,0,1,7002,313,0,"$4,484,085.90"
48660,6,1,0,16,5,1991,1,1,5642,500,0,"$4,869,321.10"
67971,10,1,0,85,2,2018,1,1,2571,615,1,"$6,803,688.80"
86385,3,1,1,57,1,2018,1,0,5966,536,1,"$8,651,550.80"
49327,7,0,1,25,6,1996,1,1,2449,268,0,"$4,935,794.60"
44908,4,1,1,22,4,2008,1,0,8628,512,1,"$4,500,929.80"
5178,2,0,1,100,4,1990,0,0,7260,266,1,"$527,165.00"
87057,6,1,1,95,9,2016,1,0,7005,630,0,"$8,716,422.60"
99218,4,1,0,47,9,1998,1,0,5633,735,1,"$9,925,260.80"
64969,7,1,1,61,10,2001,0,0,1864,409,0,"$6,503,615.10"
44857,2,0,0,95,7,1993,0,0,91,531,0,"$4,493,359.30"
99533,6,1,1,72,10,2018,0,1,1051,942,1,"$9,962,942.80"
97810,5,0,1,93,2,2010,0,1,1665,166,1,"$9,788,542.00"
44731,7,1,1,70,4,2000,0,0,5070,328,0,"$4,483,007.00"
41667,10,0,1,32,8,1996,1,1,1772,520,0,"$4,174,032.60"
91478,5,1,1,75,3,2003,0,0,1740,819,0,"$9,157,875.30"
10604,6,0,1,52,5,2002,0,0,7594,560,1,"$1,068,025.20"
58687,6,0,0,83,3,2012,1,1,7951,942,0,"$5,874,864.20"
28806,8,0,0,16,3,2016,1,1,2918,167,0,"$2,882,439.60"
57480,7,0,1,97,6,2014,1,0,96,481,1,"$5,759,251.40"
4821,4,1,1,49,8,2021,1,1,5865,593,1,"$491,239.10"
88820,5,1,1,6,10,2017,0,0,5134,256,1,"$8,888,431.70"
21229,8,1,0,82,6,2020,0,1,5610,419,1,"$2,132,694.00"
42057,5,0,0,17,2,1996,0,0,386,796,0,"$4,206,914.60"
72390,4,0,1,64,8,2013,1,0,7325,415,0,"$7,247,720.30"
91126,5,0,1,53,4,2007,0,0,56,792,1,"$9,121,369.70"
38745,6,1,0,48,7,2005,1,0,8840,496,1,"$3,883,808.50"
23763,8,1,0,81,10,1993,1,0,6652,317,0,"$2,386,943.30"
17867,3,0,1,48,10,1994,1,0,5614,948,1,"$1,796,244.40"
3503,8,0,0,58,7,2003,1,0,1675,363,0,"$354,696.30"
52250,2,0,0,45,2,2019,1,0,8803,679,1,"$5,228,826.90"
84226,4,0,0,2,1,1996,0,1,6001,876,1,"$8,423,659.60"
57950,9,1,1,71,1,1993,0,1,8422,271,0,"$5,802,717.30"
70503,10,1,1,3,5,2020,1,1,5327,868,0,"$7,058,556.00"
96867,3,1,1,2,8,1993,1,0,8715,377,0,"$9,695,169.30"
86975,3,0,1,73,8,2019,1,0,6257,721,0,"$8,704,752.90"
41302,4,1,1,44,8,1996,0,1,1704,856,1,"$4,140,317.60"
40315,4,1,1,41,5,2004,1,0,7239,684,0,"$4,036,010.40"
36936,1,0,1,75,4,2015,1,0,7842,600,1,"$3,698,154.50"
19756,3,0,1,13,6,2003,1,0,1337,427,0,"$1,979,607.30"
54369,8,1,1,46,7,2018,1,0,9773,651,0,"$5,449,838.80"
13923,1,1,0,26,8,1997,1,1,6929,340,0,"$1,399,256.70"
52339,10,1,0,40,1,2020,0,0,7476,243,0,"$5,240,271.00"
14113,9,0,1,53,9,2014,1,1,1361,634,0,"$1,417,648.40"
1189,8,1,0,12,8,2002,1,0,9607,966,0,"$123,054.20"
64232,10,1,1,91,10,1993,1,1,8664,604,1,"$6,433,095.30"
80041,2,0,0,14,7,2006,0,0,5856,349,0,"$8,005,238.60"
41325,9,1,1,12,5,2012,1,1,4438,997,0,"$4,139,962.20"
53533,1,0,0,95,8,2008,0,0,5795,454,1,"$5,357,890.80"
39201,10,1,1,94,5,2004,1,0,9590,406,1,"$3,933,162.40"
79929,2,0,0,61,3,2001,1,1,1580,847,1,"$7,994,382.10"
59520,2,0,1,40,5,2007,1,0,2588,985,0,"$5,959,253.70"
42117,5,1,1,24,2,2012,1,0,4629,350,1,"$4,218,152.20"
51521,6,0,0,3,2,1999,0,1,818,672,0,"$5,153,018.90"
63048,8,1,0,27,7,2010,1,0,9411,121,0,"$6,308,006.00"
41516,3,0,1,14,6,2014,1,0,6028,603,1,"$4,156,171.40"
86482,4,1,1,99,7,1994,1,0,6662,672,0,"$8,659,872.40"
75898,8,0,1,6,10,1990,1,1,6591,411,0,"$7,592,058.00"
88174,2,0,1,84,1,1994,0,0,7601,380,1,"$8,824,737.40"
20991,1,0,1,85,10,2016,0,0,5855,265,1,"$2,104,487.60"
84895,3,0,1,84,8,2010,1,1,7267,775,1,"$8,498,401.00"
75254,4,0,0,92,7,1995,0,0,6853,647,0,"$7,530,165.50"
94030,8,0,0,26,6,2006,0,0,730,935,0,"$9,404,822.60"
26622,3,1,0,71,6,2011,0,0,7478,374,0,"$2,672,589.10"
73950,9,0,0,70,6,2013,0,1,5282,518,0,"$7,396,821.30"
78463,3,0,0,79,8,1991,0,0,8866,736,0,"$7,849,793.10"
90298,7,1,1,94,1,2009,0,1,9320,474,1,"$9,044,015.90"
44589,8,1,1,57,6,2001,0,1,4247,233,0,"$4,468,398.10"
49842,10,1,0,4,3,2021,1,1,8299,240,1,"$4,986,838.10"
90103,8,1,1,93,5,1990,0,0,2112,478,1,"$9,023,848.00"
88844,6,0,1,25,4,2021,1,1,1565,758,1,"$8,887,864.10"
67521,8,0,0,60,10,2016,1,0,3083,292,1,"$6,757,641.60"
53029,2,0,1,27,3,2010,0,0,8833,180,0,"$5,308,875.00"
55176,3,1,1,18,5,2020,0,1,1285,340,0,"$5,523,019.00"
31525,9,1,1,27,10,2001,1,0,9285,744,0,"$3,163,533.10"
42907,10,0,0,93,4,2013,0,1,1883,415,0,"$4,296,273.30"
68500,2,0,1,70,5,1999,0,1,8080,878,0,"$6,860,582.90"
77913,10,1,1,64,10,2007,0,1,328,609,1,"$7,801,697.70"
2314,1,1,1,90,6,2008,1,0,7391,376,0,"$241,260.80"
70033,10,0,1,31,3,2014,1,1,3645,243,0,"$7,008,333.40"
38529,9,0,1,77,6,1994,1,0,7905,814,1,"$3,861,754.40"
50232,2,0,1,13,9,2011,0,1,1457,651,0,"$5,028,282.10"
9995,3,1,1,68,9,2017,0,0,9257,486,0,"$1,008,786.70"
33971,10,1,1,60,4,2005,0,1,5221,429,0,"$3,403,509.50"
81484,4,1,0,82,10,1993,0,1,5925,536,1,"$8,154,333.30"
83726,9,0,0,46,8,1997,1,0,6460,167,1,"$8,374,005.70"
14700,10,1,0,93,10,2021,1,0,4503,516,1,"$1,473,984.10"
40268,6,1,0,52,4,2008,1,1,5220,433,0,"$4,033,464.80"
19303,6,0,0,23,9,1999,1,1,7175,154,1,"$1,932,867.90"
68035,4,0,1,41,3,1992,0,0,1125,114,1,"$6,809,011.20"
3853,4,1,1,86,9,2019,0,1,7642,933,1,"$398,973.90"
16765,10,1,0,45,3,2018,1,1,9340,869,0,"$1,682,708.80"
44484,8,1,0,19,3,2005,1,0,3830,116,1,"$4,451,848.50"
50967,9,1,0,14,4,2007,1,0,9533,566,0,"$5,101,814.70"
4592,4,1,0,99,7,2013,1,1,9026,275,1,"$469,343.30"
73642,8,1,0,24,2,2002,0,0,5096,294,1,"$7,371,124.20"
66731,7,0,1,83,3,1999,1,0,4079,711,0,"$6,682,700.90"
71350,7,1,0,52,6,2017,0,0,4439,633,1,"$7,140,522.70"
76439,6,0,1,59,6,1997,0,1,505,262,1,"$7,651,662.70"
40509,2,0,0,16,8,1994,1,1,31,611,1,"$4,052,267.40"
41313,3,0,1,96,2,2003,1,1,6342,895,0,"$4,144,107.30"
40849,2,0,0,21,2,2007,0,0,7070,793,0,"$4,086,314.70"
2760,8,0,1,60,3,2015,1,1,4978,632,0,"$282,475.50"
13121,8,1,0,94,1,2000,0,0,2124,108,1,"$1,323,713.00"
88768,3,1,1,24,2,1994,0,1,542,786,0,"$8,882,245.40"
13603,6,1,1,66,6,2014,1,0,2994,767,1,"$1,372,325.40"
15001,6,1,0,15,10,1993,1,0,6663,964,0,"$1,502,336.30"
70990,1,1,1,51,5,2008,0,1,423,688,1,"$7,107,294.80"
71893,7,1,0,100,5,2012,1,0,2997,108,1,"$7,201,486.20"
44240,4,1,1,26,2,2009,0,1,906,392,0,"$4,432,732.90"
51616,1,0,1,20,8,2015,1,0,9285,310,1,"$5,164,531.50"
3372,3,1,0,90,8,1997,1,0,8817,148,1,"$346,109.70"
9833,9,1,0,66,7,2003,1,1,3157,895,0,"$990,437.30"
86887,5,1,1,37,4,2014,0,1,2944,642,1,"$8,696,709.40"
54087,4,1,0,78,9,1999,1,0,4466,656,1,"$5,416,199.90"
41161,3,0,1,7,9,1996,0,1,3694,278,1,"$4,119,394.60"
59240,6,1,0,42,2,2002,0,0,5215,839,1,"$5,928,857.20"
90576,7,0,0,96,9,2009,0,0,4517,298,0,"$9,060,592.90"
61449,5,1,0,19,5,2020,0,1,3462,770,1,"$6,151,098.00"
59730,9,1,1,24,10,1993,1,0,431,760,1,"$5,981,354.30"
86044,10,0,0,89,2,2009,1,0,4381,708,1,"$8,610,913.90"
88759,10,0,1,51,3,2001,1,1,295,778,0,"$8,879,992.10"
82019,7,1,0,81,2,2012,1,1,2986,298,0,"$8,209,073.20"
21129,9,0,0,21,5,2007,1,1,9162,764,1,"$2,114,999.70"
16909,4,0,1,49,5,2016,1,0,8251,715,1,"$1,696,771.60"
87591,2,0,1,99,9,2007,1,1,960,322,1,"$8,769,079.70"
49186,7,0,0,4,4,1991,1,1,6893,545,1,"$4,919,477.10"
88564,5,1,0,37,6,2014,1,1,5308,698,1,"$8,858,892.40"
87146,2,1,0,90,8,2001,0,0,8177,210,1,"$8,725,424.10"
68010,6,1,1,71,1,2010,1,1,612,769,0,"$6,812,854.00"
12480,6,1,0,55,1,2015,1,1,3084,578,0,"$1,251,446.50"
76231,2,1,1,89,4,2009,0,1,9882,335,1,"$7,633,398.90"
46525,7,1,1,66,10,1999,0,1,8748,496,1,"$4,662,730.90"
6807,2,0,1,19,3,2008,1,0,2693,503,0,"$687,517.80"
40077,10,1,0,90,6,2011,1,1,2350,935,0,"$4,020,046.10"
82519,2,0,1,93,5,2002,0,1,7446,815,0,"$8,259,491.20"
21038,4,1,0,90,6,2007,0,0,7527,365,0,"$2,110,409.70"
21751,4,0,0,82,8,1995,1,1,782,583,0,"$2,178,623.50"
52348,9,0,1,79,6,2006,1,1,1173,736,0,"$5,239,471.60"
82321,9,1,0,57,4,2009,0,0,7608,732,1,"$8,240,224.90"
39073,10,0,0,17,3,1992,1,1,6671,962,1,"$3,909,080.20"
36945,8,0,0,31,3,2006,1,1,8900,192,1,"$3,696,745.60"
4105,2,0,1,55,8,2014,0,1,2978,829,0,"$419,095.40"
83776,4,1,1,33,9,2020,0,1,4170,577,0,"$8,381,763.00"
56812,5,0,0,46,4,2013,1,1,2325,190,0,"$5,683,565.30"
72735,9,0,1,96,3,2000,1,0,897,200,1,"$7,280,576.00"
94716,2,1,1,7,1,2009,0,0,1785,680,0,"$9,479,703.90"
63334,2,1,1,18,8,1996,0,1,585,428,1,"$6,343,542.60"
93232,3,1,1,86,2,2005,0,1,3326,379,1,"$9,336,064.50"
11063,10,0,1,13,10,1997,1,1,1039,940,1,"$1,112,469.70"
72772,8,0,1,26,9,2006,0,1,2565,529,0,"$7,280,658.60"
53874,6,1,0,73,2,2009,0,0,9762,540,0,"$5,389,567.90"
18160,10,1,1,49,2,2019,0,0,1495,605,0,"$1,827,114.90"
34571,9,0,1,98,1,1996,1,1,8518,676,1,"$3,464,365.60"
21991,2,0,0,4,9,2011,0,0,1279,272,0,"$2,199,707.10"
91592,1,0,1,96,6,1990,0,1,4141,165,1,"$9,169,563.00"
9494,3,1,0,82,3,2015,0,0,9288,932,1,"$956,275.50"
8747,4,0,0,48,9,1999,1,1,9242,774,0,"$878,147.90"
74458,3,1,0,38,5,1996,0,0,4644,875,1,"$7,453,820.60"
19326,1,1,1,44,7,2021,1,1,6046,676,0,"$1,942,134.10"
21394,1,0,0,16,4,2017,0,1,7591,277,1,"$2,141,175.70"
43239,9,1,1,2,8,1996,1,0,3420,820,1,"$4,330,567.60"
90215,1,0,0,48,2,2002,0,0,4332,499,0,"$9,023,674.20"
93349,5,0,0,94,1,1995,1,1,4663,556,1,"$9,342,473.50"
50226,8,1,0,7,8,2011,0,1,6669,414,0,"$5,025,237.10"
46135,7,1,1,39,2,1990,0,1,623,174,0,"$4,621,995.00"
16842,7,1,0,49,4,2007,1,1,4156,458,1,"$1,690,854.70"
80815,8,1,0,95,4,1991,1,0,4318,306,0,"$8,090,478.10"
88291,9,0,1,16,1,1997,1,1,9289,558,0,"$8,832,821.70"
68481,3,1,0,96,7,2018,1,0,2678,744,0,"$6,854,417.80"
41786,5,1,0,69,9,2003,0,0,2708,407,0,"$4,188,833.30"
16661,10,1,1,61,7,1999,1,0,3422,148,0,"$1,675,849.90"
6415,3,1,0,10,2,2008,0,0,6429,785,0,"$646,205.80"
1440,5,1,0,49,3,2012,1,0,257,507,0,"$150,945.20"
89115,7,0,1,97,6,2001,0,0,6854,360,0,"$8,925,347.10"
55529,2,1,0,8,7,2006,0,1,58,849,1,"$5,555,606.60"
54924,8,0,1,69,8,1995,1,0,5424,534,1,"$5,501,007.50"
99819,9,1,0,21,2,1992,1,0,6344,213,0,"$9,986,201.20"
34608,5,1,0,52,10,1992,1,1,8695,902,0,"$3,468,236.20"
91036,7,0,0,7,3,2018,1,1,6440,114,0,"$9,104,801.80"
62105,4,0,1,33,8,1994,1,0,934,724,0,"$6,216,917.40"
41751,7,1,1,13,2,1998,1,0,6917,343,1,"$4,186,067.80"
54016,8,1,1,19,9,1996,0,1,9129,772,0,"$5,406,725.60"
40809,4,1,1,12,9,1990,1,1,638,133,1,"$4,088,548.00"
20453,3,1,1,4,10,1998,0,0,3657,538,0,"$2,050,744.80"
92974,8,1,0,59,9,2006,0,0,8907,595,0,"$9,301,880.60"
9612,10,0,0,14,6,2005,1,1,1158,603,1,"$963,488.50"
9367,10,0,0,88,5,2002,0,0,1101,933,1,"$941,614.20"
83963,10,1,1,35,2,1994,0,0,7079,702,1,"$8,406,700.40"
54980,5,0,0,15,7,2012,1,1,5595,355,0,"$5,499,011.20"
70226,1,0,1,77,3,2008,1,1,8583,790,0,"$7,032,304.80"
31786,2,1,0,25,1,2009,1,0,7818,567,1,"$3,182,233.90"
28320,6,0,0,3,4,2017,0,1,1721,391,0,"$2,833,009.70"
34893,3,1,1,21,2,1995,0,0,3494,897,0,"$3,495,808.50"
88648,9,1,0,34,9,2001,0,1,7161,996,0,"$8,870,854.10"
25251,9,0,0,27,9,2009,0,0,4886,856,0,"$2,527,587.90"
8922,8,1,0,11,3,2014,1,1,1832,878,0,"$895,070.40"
39535,10,1,0,30,6,1996,0,0,5352,946,1,"$3,958,503.60"
87047,9,1,0,30,4,2005,1,0,287,397,0,"$8,709,056.50"
64851,10,0,1,88,7,1998,1,0,2127,301,0,"$6,492,448.80"
34575,2,1,0,67,8,2001,0,0,5990,190,1,"$3,465,378.10"
81837,4,0,0,12,3,2017,1,1,1009,513,0,"$8,185,059.70"
25508,5,0,1,48,1,1994,1,0,4173,629,0,"$2,560,432.40"
38701,1,0,1,43,4,1994,0,0,1762,662,0,"$3,872,401.40"
4771,6,1,1,8,8,2008,1,1,260,150,0,"$485,217.80"
57841,1,1,0,40,2,2010,1,1,6340,303,1,"$5,788,581.00"
11029,3,1,0,29,6,2010,1,1,8494,1000,1,"$1,107,498.00"
58836,5,1,1,2,7,2017,0,0,8529,906,0,"$5,888,214.70"
7438,7,1,1,20,3,2003,1,1,7412,921,0,"$753,012.30"
81498,6,1,1,28,10,2007,1,1,8658,787,1,"$8,158,900.70"
70077,6,0,0,43,1,1990,1,0,6088,669,1,"$7,012,548.00"
69882,5,0,1,96,10,2021,0,1,8172,517,1,"$7,001,142.10"
16131,9,1,1,67,10,2011,0,1,8820,625,0,"$1,625,583.10"
3524,2,1,1,84,8,1999,0,0,9642,641,1,"$362,218.90"
66843,2,0,1,4,4,1990,1,0,911,760,0,"$6,686,549.00"
89168,7,0,1,68,6,2021,1,0,8588,982,1,"$8,921,146.10"
28977,9,1,0,67,4,2008,0,1,4188,818,1,"$2,905,297.80"
82188,6,0,1,100,3,2010,1,1,516,847,0,"$8,228,878.00"
98704,9,1,1,34,5,1995,1,0,2485,826,1,"$9,879,924.50"
89823,4,1,0,55,7,1990,1,1,5285,751,1,"$8,990,716.00"
37410,3,0,1,8,3,2007,1,1,5129,574,0,"$3,743,925.70"
13501,10,1,1,71,4,1999,1,1,9039,643,1,"$1,356,995.90"
69696,10,0,1,13,1,2002,1,0,9049,112,0,"$6,974,054.20"
43224,7,0,1,74,10,1991,0,0,3921,157,0,"$4,326,846.10"
23547,7,1,1,79,3,2004,0,1,2027,467,1,"$2,368,617.40"
37876,3,1,0,6,5,2001,0,0,7969,949,0,"$3,789,943.10"
34260,10,1,0,1,6,2010,1,0,8429,924,0,"$3,431,013.00"
56422,1,1,1,18,4,1994,1,1,3405,740,0,"$5,650,731.40"
64380,10,0,1,79,2,2006,1,0,1690,433,1,"$6,445,810.60"
75801,1,1,1,99,9,1992,0,0,6654,151,0,"$7,590,022.20"
63147,2,0,1,94,4,1999,0,1,3837,350,0,"$6,318,843.90"
51490,6,1,0,61,10,1998,0,0,3815,779,0,"$5,157,896.80"
57060,4,1,1,54,8,1992,0,1,3248,709,0,"$5,713,895.20"
74335,1,0,1,95,1,2010,1,0,2138,850,0,"$7,440,756.00"
4161,2,1,0,87,5,1990,0,0,5298,961,1,"$423,978.00"
80257,10,1,0,35,8,2000,0,0,7626,355,0,"$8,028,585.00"
85531,2,1,1,97,2,2008,0,0,5042,164,1,"$8,563,383.80"
36311,4,1,1,33,3,2005,0,0,4167,476,1,"$3,638,456.50"
35585,10,0,0,65,10,2008,1,0,8902,625,0,"$3,561,895.80"
41965,7,1,1,16,4,2009,1,0,7008,969,0,"$4,202,078.90"
49632,10,1,1,77,8,2007,1,1,7916,920,1,"$4,975,941.70"
88906,7,1,1,42,9,1999,0,0,4179,674,1,"$8,900,096.90"
43108,10,1,1,48,3,1996,1,1,1750,294,1,"$4,317,950.60"
72350,7,0,1,70,4,2021,0,1,3686,397,1,"$7,240,015.10"
2767,2,1,0,84,6,2016,1,0,5401,380,1,"$282,383.60"
90417,10,0,0,88,2,1996,0,0,301,771,0,"$9,043,733.60"
52963,3,1,0,98,4,1993,1,0,21,873,0,"$5,304,444.30"
40124,4,1,1,8,1,2015,1,1,5020,256,1,"$4,020,581.50"
2834,1,1,1,100,2,1993,1,1,7674,886,1,"$298,607.30"
44810,4,1,1,61,8,1999,1,1,154,756,0,"$4,496,102.90"
16551,6,0,0,65,5,2017,1,0,2960,900,0,"$1,659,456.70"
69940,8,1,1,75,3,2006,1,1,6442,786,0,"$7,005,549.60"
80068,8,1,0,62,10,2008,0,1,2497,936,0,"$8,014,310.80"
41483,7,1,1,92,5,2007,0,0,5213,687,0,"$4,157,252.70"
7966,6,1,1,74,1,1996,1,0,4786,218,0,"$806,178.60"
11660,8,1,1,34,2,1994,1,1,2253,463,1,"$1,175,301.40"
76219,7,0,0,26,10,2002,0,0,873,209,1,"$7,623,030.20"
36700,2,1,0,67,10,2017,1,1,7506,220,1,"$3,680,020.70"
34053,6,0,1,70,4,2018,1,0,8935,709,1,"$3,413,933.80"
48880,5,1,1,45,6,2019,0,1,9333,673,0,"$4,896,006.90"
47725,7,0,1,62,1,2004,1,0,8308,664,1,"$4,778,144.40"
38568,5,0,1,77,5,2017,1,1,1711,560,1,"$3,866,494.70"
24497,9,1,1,23,4,2013,1,1,6184,536,0,"$2,459,173.30"
68449,2,1,0,98,5,2012,1,0,7980,471,1,"$6,852,081.20"
69394,10,1,1,39,9,1992,0,0,2732,397,1,"$6,948,330.20"
98923,9,0,1,70,10,1997,1,1,4024,943,0,"$9,899,512.70"
15927,6,0,0,29,10,1990,1,0,3741,992,1,"$1,595,237.00"
23330,2,1,0,18,4,2006,1,1,2397,277,0,"$2,336,874.60"
88857,2,0,0,45,6,2021,1,0,6224,419,0,"$8,887,817.10"
64087,6,1,1,13,1,1997,1,0,364,715,1,"$6,415,886.70"
47184,1,0,0,5,4,2013,0,1,5234,248,0,"$4,719,026.30"
57652,2,1,1,77,9,1999,1,0,1905,309,0,"$5,775,100.90"
12113,8,1,0,22,2,2010,1,1,6550,502,1,"$1,218,338.00"
10320,5,0,0,5,9,2020,0,1,2433,978,1,"$1,033,047.00"
18244,9,1,0,75,4,1992,0,0,9803,798,0,"$1,830,305.20"
21850,9,0,1,88,3,2003,0,1,6409,898,0,"$2,193,665.30"
38900,10,0,1,68,8,2012,0,0,2476,148,1,"$3,899,539.20"
86836,10,1,0,26,2,1992,1,0,872,396,1,"$8,687,510.20"
76847,7,1,1,12,8,2012,0,0,9378,836,1,"$7,692,386.20"
40131,1,0,1,14,9,2017,0,1,1427,507,1,"$4,015,913.70"
5399,4,0,0,14,8,2002,0,0,6996,155,0,"$541,400.20"
78766,10,1,1,93,7,2004,0,0,6686,983,0,"$7,885,472.40"
44524,3,1,0,47,6,2011,0,0,2638,181,1,"$4,458,898.10"
36016,5,1,1,56,6,1996,1,0,5238,901,0,"$3,609,085.60"
38525,6,0,0,68,2,1998,0,0,2014,982,1,"$3,856,259.80"
83630,6,0,0,34,6,1996,0,0,337,124,0,"$8,365,831.60"
95012,4,1,1,54,7,1993,0,1,9355,812,0,"$9,507,621.30"
56093,4,1,0,25,1,2015,1,0,8845,704,0,"$5,612,610.50"
97125,10,0,0,77,9,1991,1,0,6145,132,0,"$9,717,846.10"
96862,3,1,0,65,4,2010,0,0,7290,386,0,"$9,692,136.00"
76559,6,1,1,71,6,2007,1,0,6140,156,0,"$7,667,379.70"
17118,7,1,0,11,10,1992,0,0,1058,665,1,"$1,715,896.20"
2474,8,1,1,57,4,2000,1,1,124,808,1,"$255,687.00"
89245,9,1,0,34,7,2021,1,0,151,319,1,"$8,929,089.10"
8649,9,1,0,2,2,2003,1,1,7963,198,0,"$866,991.30"
55052,3,0,0,67,8,1992,1,0,5499,683,1,"$5,506,954.20"
20795,1,0,0,60,10,2021,1,0,2716,985,1,"$2,083,472.10"
26851,7,1,0,81,8,2021,0,1,4503,973,0,"$2,696,192.10"
37501,7,0,1,54,4,2005,0,1,2574,323,0,"$3,753,718.50"
55210,3,1,1,74,2,1990,1,0,9641,639,0,"$5,534,621.00"
28881,8,0,0,73,10,2003,0,1,8218,843,1,"$2,890,767.30"
76357,7,0,0,53,10,2014,1,0,9152,302,1,"$7,641,162.40"
4615,5,0,0,89,2,1993,1,1,3684,416,0,"$464,557.30"
55913,1,1,0,58,10,1998,1,0,5350,424,1,"$5,597,100.80"
78379,2,0,1,24,9,2012,1,1,2996,250,0,"$7,845,500.20"
34251,7,1,1,29,8,2011,0,1,1617,628,0,"$3,436,757.10"
86399,4,1,0,14,4,1998,0,1,6583,320,0,"$8,644,081.80"
39383,7,0,0,97,9,1994,0,1,33,864,1,"$3,948,123.40"
56477,6,1,0,88,3,2021,1,1,6692,123,0,"$5,654,683.10"
41039,4,0,1,30,8,2004,1,1,561,291,1,"$4,109,145.40"
40212,4,1,1,51,6,2002,1,1,2037,566,1,"$4,031,505.20"
49667,4,1,1,90,5,1993,0,1,8626,488,1,"$4,981,644.30"
94185,4,1,0,6,10,2015,1,0,2952,738,1,"$9,422,126.50"
8587,3,0,0,76,7,2004,1,0,899,742,0,"$863,836.40"
48209,3,1,0,4,2,2002,1,0,7112,399,1,"$4,824,521.20"
86196,8,0,1,92,8,1998,0,1,3049,278,0,"$8,632,393.80"
85811,4,0,0,87,2,1990,1,1,6431,573,0,"$8,585,142.00"
83781,9,1,0,2,7,2004,0,1,4861,541,1,"$8,380,398.40"
93186,10,0,1,55,7,1999,1,1,9578,324,0,"$9,324,080.90"
40170,4,1,0,65,5,2021,1,0,5171,766,0,"$4,027,462.10"
51550,10,0,1,88,1,1990,1,0,2832,942,1,"$5,162,107.00"
60450,2,1,0,16,3,2018,0,1,406,757,1,"$6,049,182.80"
32032,4,0,1,97,8,1994,1,1,2837,641,1,"$3,211,995.40"
34341,6,0,1,58,1,1990,1,0,7361,773,1,"$3,438,239.00"
76231,4,1,1,51,3,2016,1,0,3950,179,1,"$7,630,312.60"
48293,9,0,0,62,2,2019,1,1,8544,310,0,"$4,834,765.90"
73176,10,0,0,20,6,1997,1,1,6319,712,1,"$7,320,329.70"
79833,3,1,0,84,10,1996,0,0,29,507,1,"$7,996,012.60"
18996,6,1,1,3,9,1996,0,0,5209,645,1,"$1,909,482.60"
27040,10,1,0,2,6,1997,1,1,2429,166,1,"$2,709,165.70"
97020,1,1,1,46,4,2017,1,1,5305,135,0,"$9,709,732.70"
29888,9,1,0,66,4,2004,0,1,844,904,1,"$2,993,396.40"
36794,1,1,0,82,2,2013,1,0,3235,386,0,"$3,684,574.30"
65151,8,1,1,32,9,1995,0,0,9656,304,0,"$6,522,454.50"
24376,8,0,0,56,8,1994,1,1,8066,893,1,"$2,440,665.40"
40337,6,1,0,29,8,2003,0,1,3339,848,1,"$4,038,079.30"
38709,8,1,0,29,4,2015,0,1,1944,485,0,"$3,876,891.50"
20276,6,0,0,75,10,1994,1,1,7180,834,0,"$2,031,824.40"
2242,7,1,0,95,1,2001,1,1,7075,165,0,"$235,096.10"
41665,3,0,1,94,4,2013,0,0,9230,916,1,"$4,177,468.30"
22290,1,0,1,67,4,2010,1,1,5223,186,1,"$2,237,880.00"
7006,3,1,0,79,8,2013,1,1,7534,731,1,"$707,042.30"
69192,2,0,1,14,6,1993,1,1,4078,767,1,"$6,924,996.30"
66119,8,1,0,64,5,1991,0,1,5860,537,1,"$6,617,914.10"
46204,10,0,1,70,10,1997,0,0,8771,101,0,"$4,627,498.70"
18564,6,0,1,27,6,2018,1,0,3316,864,1,"$1,860,039.80"
1885,10,0,0,46,6,1994,1,0,4447,301,1,"$191,971.40"
31328,1,1,1,62,5,1993,0,0,7677,109,0,"$3,143,977.30"
85883,10,0,0,63,4,1991,0,1,4613,793,0,"$8,590,524.10"
35791,5,1,1,12,5,2010,0,1,9357,173,1,"$3,587,493.00"
26540,10,1,0,34,5,2018,0,0,7378,192,0,"$2,659,404.80"
97365,6,0,0,74,10,2007,1,1,9302,491,1,"$9,738,114.70"
34022,7,1,0,1,4,1996,0,1,3603,412,0,"$3,406,116.60"
95455,10,0,1,99,6,2019,0,0,6529,953,1,"$9,558,236.90"
63099,7,1,1,19,9,1998,1,0,4309,274,0,"$6,319,109.80"
64052,8,0,1,10,9,2003,0,0,2837,539,0,"$6,408,854.30"
6253,7,0,0,7,10,2017,1,1,7079,408,0,"$626,613.70"
66657,9,0,0,32,10,1997,0,0,6454,285,1,"$6,668,307.70"
42674,2,0,1,5,3,2014,1,1,4636,177,0,"$4,269,275.40"
34669,2,0,1,39,5,2000,1,1,7936,809,1,"$3,472,884.00"
77643,1,0,0,93,7,2011,1,1,955,955,1,"$7,771,146.10"
61734,2,0,1,82,9,2016,1,0,6757,708,0,"$6,185,807.60"
19718,10,1,1,19,8,2000,1,0,1897,719,0,"$1,980,264.00"
54333,7,0,0,14,3,2002,0,0,9576,779,0,"$5,433,936.20"
63297,3,1,0,34,3,2011,1,0,5359,828,0,"$6,335,162.10"
54172,10,0,0,16,8,1999,1,0,6026,274,1,"$5,417,909.90"
71362,3,1,1,16,6,2007,0,0,2951,173,0,"$7,143,972.70"
98258,2,1,0,80,4,2014,0,0,1528,796,0,"$9,829,479.40"
48524,2,0,0,77,10,2014,1,1,1957,383,0,"$4,858,483.40"
64513,2,0,0,91,3,2003,0,1,7431,861,1,"$6,454,630.30"
93762,10,0,0,87,6,2000,1,0,3878,925,0,"$9,385,104.00"
5110,5,0,1,66,5,2007,0,0,3300,221,0,"$522,829.70"
98822,1,0,1,78,5,2003,0,1,7318,337,1,"$9,885,598.30"
68572,6,1,1,87,10,2011,0,1,7267,959,1,"$6,866,663.10"
770,1,0,0,80,8,2010,0,1,8681,679,0,"$83,521.00"
96930,7,0,0,80,3,1994,0,0,3924,256,0,"$9,701,569.40"
79652,7,0,1,64,1,2008,0,1,4996,261,0,"$7,972,747.80"
30138,1,0,1,44,3,2015,1,0,7658,149,0,"$3,018,674.50"
32471,1,0,1,77,7,1990,0,0,7094,853,0,"$3,255,201.00"
47768,9,0,1,15,10,1996,0,0,9614,203,1,"$4,781,426.60"
17016,1,1,1,89,9,2010,1,0,6166,572,1,"$1,712,726.00"
85187,7,0,1,52,10,1990,0,1,5245,856,0,"$8,521,819.00"
25982,9,1,1,72,6,2019,1,0,1896,280,1,"$2,607,420.90"
18307,2,0,0,11,8,2009,1,1,3188,707,1,"$1,832,205.90"
69180,8,0,0,50,9,1993,1,1,9378,686,0,"$6,920,799.30"
19714,8,0,0,98,1,2003,0,0,5509,318,1,"$1,978,706.30"
9737,9,1,0,51,7,2017,0,0,3023,917,1,"$979,748.70"
25405,1,0,0,46,5,1993,0,1,7113,247,1,"$2,541,947.30"
87685,7,0,1,29,9,2014,1,0,2948,988,1,"$8,772,035.40"
80046,8,1,1,34,7,2003,1,1,5968,944,1,"$8,014,282.30"
45305,5,0,0,52,3,2001,0,1,6427,747,0,"$4,533,446.10"
55814,3,1,0,95,3,1999,1,0,8796,919,0,"$5,591,445.90"
19969,7,1,0,36,4,2011,0,0,2056,799,1,"$2,003,559.10"
29524,1,0,1,89,3,2020,1,1,5614,989,1,"$2,965,157.00"
380,2,1,1,62,5,2002,1,0,1608,201,0,"$45,184.20"
69173,6,1,1,36,5,2007,1,0,2803,968,1,"$6,929,298.70"
62155,2,1,1,61,6,2007,1,1,1697,456,1,"$6,225,416.70"
37006,2,1,0,54,7,1990,0,1,6837,455,0,"$3,709,125.00"
32974,4,1,1,50,8,2018,1,1,952,859,1,"$3,303,547.80"
51933,8,1,1,24,7,2006,1,0,8220,152,1,"$5,202,028.60"
72467,3,1,1,53,9,2004,0,0,7539,213,1,"$7,257,594.40"
25704,9,1,0,33,7,1996,1,1,1012,349,1,"$2,575,019.60"
74052,7,1,0,54,10,1993,1,0,5406,604,0,"$7,413,316.30"
2548,6,1,0,74,8,1991,0,0,1933,473,0,"$261,533.10"
4187,10,1,0,41,3,2004,0,0,3883,393,1,"$421,086.40"
86122,6,0,1,72,4,2020,0,0,677,874,1,"$8,622,607.00"
15561,2,0,1,68,8,2008,1,1,190,423,1,"$1,559,588.80"
54045,8,1,1,60,7,2015,1,0,8776,181,1,"$5,415,620.50"
77429,2,1,1,13,4,1990,0,1,207,334,1,"$7,747,748.00"
24578,9,0,1,4,3,2000,0,0,3695,662,1,"$2,463,051.00"
56540,10,1,1,63,3,1990,0,1,3689,346,0,"$5,665,613.00"
38761,1,0,1,6,9,2018,1,1,6570,512,0,"$3,879,029.80"
52282,8,0,0,96,5,1994,0,1,4054,186,1,"$5,233,745.40"
51497,8,1,0,36,9,1998,1,0,3139,754,1,"$5,154,045.80"
25063,1,0,0,100,9,2019,0,1,7677,486,1,"$2,516,001.90"
39910,5,1,0,87,5,2017,0,1,5458,241,1,"$3,997,816.70"
41439,2,1,0,30,8,2006,0,0,8113,340,1,"$4,150,655.60"
85788,5,1,0,30,9,1992,0,0,8497,623,1,"$8,584,134.20"
7499,8,0,1,11,6,2020,0,0,7887,773,0,"$752,861.00"
67491,3,1,0,76,4,1997,0,1,9439,551,0,"$6,753,697.70"
196,10,0,1,98,6,2014,1,0,2663,403,1,"$23,818.40"
27503,3,0,0,46,8,1995,0,1,6284,291,1,"$2,752,897.50"
875,8,1,1,37,4,2009,1,0,3570,170,0,"$94,145.90"
92151,10,1,0,90,2,2014,0,1,7860,455,1,"$9,228,543.40"
2646,6,1,0,63,8,2021,0,0,1143,443,0,"$271,693.10"
79647,10,1,1,61,5,2001,0,0,4387,775,0,"$7,974,272.10"
18315,2,0,0,77,7,2001,0,1,2273,123,0,"$1,837,517.10"
43224,3,0,1,92,7,2007,1,1,3889,522,0,"$4,327,213.70"
8423,4,1,0,86,5,2009,1,1,7805,168,1,"$848,903.90"
62766,7,1,1,23,5,2013,0,1,4652,724,1,"$6,281,751.30"
28106,6,0,0,37,2,1990,0,0,2819,150,1,"$2,812,207.00"
72178,1,0,0,20,6,1990,1,0,8235,723,0,"$7,219,819.00"
66866,5,1,0,63,4,1993,0,1,8431,122,1,"$6,692,180.30"
1296,6,0,1,42,1,2005,0,1,4394,390,1,"$134,386.50"
27302,7,0,0,42,8,2020,1,0,6334,381,0,"$2,731,742.00"
60166,1,1,0,29,9,1995,0,1,396,142,1,"$6,020,914.50"
52297,4,0,1,41,10,2010,1,0,8046,993,0,"$5,236,809.00"
82968,6,1,0,97,8,1998,1,0,6424,601,0,"$8,308,551.80"
88977,9,0,0,50,6,1998,0,0,126,231,1,"$8,901,399.80"
51182,7,0,0,21,6,2000,1,0,9186,502,1,"$5,120,582.00"
84400,2,0,1,16,2,2000,1,1,426,219,0,"$8,443,276.00"
39699,5,0,1,48,3,2007,0,0,9525,358,0,"$3,979,425.70"
78396,5,1,0,41,5,2016,0,1,3778,968,0,"$7,845,427.60"
30894,1,0,0,12,7,2020,1,1,3323,291,1,"$3,090,970.00"
30164,7,0,0,55,5,2017,1,1,1904,399,0,"$3,021,646.70"
5264,10,1,0,60,7,2000,1,1,1666,377,1,"$535,227.00"
69246,4,1,0,29,3,1995,1,1,4516,154,0,"$6,927,717.50"
13405,5,1,1,68,4,2017,1,0,8113,921,0,"$1,350,019.70"
61869,2,0,0,3,2,2013,0,1,6093,343,0,"$6,187,458.30"
79666,4,0,1,14,8,2007,0,0,2193,399,1,"$7,969,998.70"
16257,6,0,0,11,7,2016,1,1,7940,679,0,"$1,626,865.60"
8515,5,1,1,35,10,2010,0,0,2324,537,1,"$860,887.00"
41832,2,1,1,43,7,2012,1,0,1528,893,0,"$4,192,258.20"
37098,4,1,0,23,4,2014,0,1,3009,862,0,"$3,713,807.40"
24604,7,1,0,86,8,2020,0,1,1129,662,1,"$2,472,003.00"
42098,5,0,0,90,1,2013,0,1,6078,751,0,"$4,217,661.30"
40926,1,0,0,71,10,2009,0,0,5434,335,1,"$4,098,433.90"
6459,10,1,0,61,2,1996,0,1,5048,635,0,"$652,739.60"
86353,8,1,1,4,3,2018,1,1,4619,462,1,"$8,639,234.80"
43954,9,1,1,4,9,2003,1,1,3088,846,0,"$4,401,306.30"
73568,3,0,0,29,7,1998,0,0,6621,464,1,"$7,358,227.80"
36343,8,1,0,39,4,2013,1,1,6632,291,1,"$3,641,586.30"
65797,8,1,0,3,6,2002,0,1,9074,396,1,"$6,584,708.20"
32191,9,1,0,18,5,2009,1,1,3288,707,1,"$3,224,795.90"
13574,4,1,1,27,9,2006,1,1,3768,1000,1,"$1,363,541.60"
20683,6,0,1,96,2,1995,1,1,528,576,1,"$2,076,684.50"
48100,10,1,1,68,1,1998,1,1,6066,790,1,"$4,821,619.80"
14142,9,0,0,13,3,2021,0,1,9113,287,1,"$1,415,823.10"
518,9,1,0,86,2,1995,1,0,6158,808,0,"$58,191.50"
24631,4,0,0,78,1,2010,0,1,4126,481,0,"$2,465,183.00"
41178,8,1,1,52,10,1992,0,0,3529,652,0,"$4,128,828.20"
92787,1,1,1,29,4,1990,1,1,1351,647,1,"$9,287,386.00"
33190,7,1,0,82,9,2016,1,0,6824,687,1,"$3,326,422.60"
85059,7,0,1,71,6,2018,1,0,5470,762,0,"$8,512,407.80"
85569,4,1,1,35,1,2019,1,1,1784,811,0,"$8,562,874.90"
36140,7,0,1,48,1,2011,0,1,7608,748,0,"$3,619,301.10"
38812,1,0,0,6,8,2009,1,1,302,635,1,"$3,882,476.90"
61263,1,0,0,43,5,1994,1,1,9808,236,0,"$6,128,289.40"
39453,4,1,1,43,8,2021,1,0,5382,668,0,"$3,954,111.10"
53063,10,1,0,63,8,2002,1,0,4749,769,1,"$5,315,445.20"
9539,2,0,0,30,1,2014,0,1,3572,155,1,"$955,981.40"
5090,9,1,0,25,7,2000,0,1,1795,512,1,"$514,415.00"
25765,3,1,1,34,7,2015,1,1,6281,882,1,"$2,585,769.50"
4134,10,1,1,73,5,2019,1,1,8859,700,0,"$426,775.90"
35216,1,0,1,67,2,2013,0,0,4620,282,1,"$3,528,669.30"
51383,1,1,1,34,2,2016,1,1,8740,674,0,"$5,146,945.60"
19446,10,1,0,58,10,2018,1,0,1437,391,1,"$1,947,709.80"
26291,9,1,1,40,1,2021,0,1,416,127,1,"$2,641,330.10"
48353,4,0,0,73,6,1991,1,0,1169,153,1,"$4,843,230.10"
59649,2,0,1,9,4,2000,1,0,1066,507,0,"$5,967,491.00"
37557,10,1,0,41,8,1999,1,1,755,984,0,"$3,764,785.90"
21502,8,1,0,60,3,2017,0,1,5288,827,1,"$2,158,299.70"
29444,3,0,0,63,6,2008,1,0,8178,199,1,"$2,947,292.80"
74274,9,0,1,65,6,1991,0,0,8878,757,0,"$7,432,674.10"
49731,10,1,0,3,2,1990,1,1,1446,434,0,"$4,975,166.00"
86718,5,0,0,5,8,2003,0,1,1608,729,1,"$8,672,580.30"
16267,2,0,1,41,7,2015,0,0,5479,345,1,"$1,629,931.50"
15307,3,0,1,66,2,2005,0,1,3608,295,0,"$1,538,791.50"
49466,1,0,1,53,7,2014,0,0,2235,110,0,"$4,953,389.40"
58624,2,0,1,32,8,2019,0,0,9365,398,0,"$5,870,459.90"
67371,3,1,0,84,2,1994,0,1,2161,807,0,"$6,746,013.40"
52956,6,1,0,40,5,2020,0,1,6280,462,0,"$5,303,955.00"
49399,4,1,1,38,8,2001,1,0,8078,242,1,"$4,950,254.10"
35423,9,1,1,15,5,2019,1,1,4448,556,1,"$3,547,246.90"
48032,5,0,1,45,9,2016,0,1,2287,381,1,"$4,810,320.60"
92391,7,0,0,13,3,2009,0,1,2212,456,0,"$9,241,057.90"
39130,8,0,0,61,5,2020,0,1,1792,470,1,"$3,914,756.00"
54337,6,1,1,32,1,2012,1,0,6833,694,0,"$5,441,692.20"
98764,9,0,0,29,10,2006,1,0,7206,455,1,"$9,879,117.60"
42847,4,0,1,27,10,2008,0,1,4344,588,1,"$4,288,330.80"
33764,5,1,1,86,2,2007,0,0,7408,595,1,"$3,389,722.70"
32758,3,1,1,81,10,2021,0,1,7548,678,0,"$3,282,188.10"
64736,7,1,0,24,2,2016,1,0,9847,443,1,"$6,480,225.60"
6118,10,0,0,55,1,2019,1,1,7278,861,1,"$616,891.90"
62616,3,1,1,93,9,2003,1,1,9019,835,0,"$6,270,489.30"
8518,3,0,1,29,1,2012,1,1,2261,104,0,"$858,004.20"
54366,7,0,1,92,3,2005,0,1,5120,393,0,"$5,443,046.50"
52421,1,0,1,82,5,1994,0,1,2290,369,0,"$5,250,391.40"
39862,8,0,0,20,8,1995,1,1,9131,414,1,"$3,988,399.50"
96018,4,0,0,43,5,1996,1,0,5812,963,1,"$9,606,040.60"
94570,6,0,1,99,4,1997,0,1,2875,970,0,"$9,464,877.70"
1175,8,0,1,51,4,2015,1,1,9592,592,0,"$122,471.50"
14641,9,1,1,36,2,2019,1,1,8063,535,0,"$1,473,780.90"
30385,9,1,1,75,4,2013,1,1,1210,761,1,"$3,051,131.30"
23854,10,1,0,23,3,2004,0,1,3882,253,0,"$2,390,350.40"
99354,5,0,0,88,4,2004,0,0,4318,954,0,"$9,942,738.40"
79464,2,0,1,40,10,2003,1,0,2747,723,1,"$7,952,013.30"
80209,6,1,1,40,1,2001,1,1,2483,494,1,"$8,027,741.10"
47084,4,1,0,72,5,1999,1,0,5826,575,0,"$4,717,867.90"
75901,1,0,1,1,7,1998,1,0,9385,281,0,"$7,594,895.80"
69919,1,0,1,49,1,2016,0,1,9331,500,0,"$6,997,870.60"
41594,3,0,0,7,1,2021,1,0,8257,257,0,"$4,160,091.10"
52162,5,0,0,44,3,1997,0,0,8191,239,0,"$5,220,357.70"
60168,8,0,1,19,8,1991,0,1,2369,252,0,"$6,021,842.10"
53146,6,0,0,14,8,2002,0,0,2207,541,0,"$5,316,210.20"
24136,1,0,0,50,6,2015,0,0,9862,487,1,"$2,415,551.50"
50294,5,0,1,32,8,2010,1,1,280,947,1,"$5,034,880.00"
84964,2,1,0,51,8,1998,1,1,1889,891,1,"$8,503,675.80"
18208,4,0,1,62,1,2019,1,0,642,123,0,"$1,828,906.90"
43859,6,0,0,8,9,2021,1,0,35,780,1,"$4,386,678.10"
52684,8,0,1,93,3,1990,0,0,7732,533,0,"$5,278,268.00"
44683,2,0,1,86,3,2009,1,0,4564,901,1,"$4,478,099.90"
6203,6,0,0,91,10,2018,1,1,5438,853,1,"$625,883.80"
82511,1,0,1,23,5,2020,1,1,2628,127,0,"$8,257,231.00"
71999,4,0,0,46,5,1997,1,0,5515,460,0,"$7,203,573.70"
26883,6,1,0,20,2,1994,0,1,3583,620,0,"$2,694,154.40"
12629,7,1,0,40,1,2008,0,0,8921,859,0,"$1,267,009.80"
91709,8,1,0,38,1,2006,0,0,8151,225,1,"$9,179,791.60"
2334,8,0,1,13,8,2020,1,1,6054,161,1,"$237,756.00"
8700,4,0,0,58,2,2018,0,0,4450,600,1,"$874,129.80"
46119,8,0,1,68,1,1998,0,1,9174,742,1,"$4,619,757.80"
71199,10,1,0,26,3,2011,1,0,4509,856,0,"$7,124,887.10"
27226,4,0,0,77,2,2014,0,1,2978,775,1,"$2,726,812.40"
9940,1,1,1,66,4,2014,0,1,5152,205,0,"$1,003,072.40"
98580,1,0,1,26,5,1990,1,1,3988,960,0,"$9,863,261.00"
12604,2,1,0,86,9,2018,0,1,3366,909,0,"$1,267,881.80"
85016,2,1,0,75,3,2010,1,0,2665,881,0,"$8,509,064.00"
67625,6,1,0,84,8,2013,1,1,201,278,1,"$6,771,896.30"
47740,7,0,0,25,4,2017,1,0,2918,552,0,"$4,777,126.70"
74234,9,1,0,20,5,2014,0,1,9576,734,1,"$7,426,071.40"
40006,5,1,1,29,2,2006,0,0,7358,813,1,"$4,007,111.60"
88108,3,1,1,87,3,2003,0,0,274,469,1,"$8,822,236.30"
54421,5,1,1,60,5,1993,0,1,9390,261,0,"$5,453,842.30"
7608,2,0,0,99,7,2014,1,1,937,717,0,"$768,431.40"
94981,3,1,1,68,4,2015,1,1,4133,814,1,"$9,511,938.50"
34053,8,1,0,42,1,1991,0,0,9813,142,1,"$3,410,530.10"
3584,3,0,1,44,8,2019,1,1,6355,562,0,"$362,799.90"
14115,5,1,0,85,5,2007,0,0,4415,949,1,"$1,423,276.70"
5289,1,1,0,41,5,2016,0,1,3804,800,1,"$533,700.60"
68122,10,1,0,28,10,1999,0,1,5384,736,1,"$6,817,832.90"
13905,8,1,0,68,7,2004,0,1,7859,257,1,"$1,397,942.40"
42395,5,0,1,98,5,2018,1,1,3797,644,1,"$4,247,150.80"
75681,8,0,0,35,4,2012,0,0,1,510,1,"$7,570,076.20"
8161,6,1,1,78,3,2010,1,0,2318,410,0,"$827,591.00"
17779,3,0,1,24,10,2007,1,1,5716,360,0,"$1,782,565.70"
48794,5,0,1,28,7,2011,1,1,55,245,1,"$4,883,814.10"
3010,1,0,0,34,1,1993,0,1,3732,575,1,"$303,807.30"
90837,1,1,1,61,8,1999,1,1,6327,667,0,"$9,090,669.90"
20795,9,0,1,74,7,2000,0,0,4179,945,1,"$2,086,273.00"
87239,7,1,1,93,4,2012,0,1,1532,494,0,"$8,734,952.20"
89115,6,1,0,15,9,2004,0,1,9067,398,0,"$8,915,897.40"
15897,5,0,1,76,7,2020,0,0,7266,390,1,"$1,597,325.00"
73666,7,0,0,64,1,2006,0,0,6661,267,0,"$7,369,418.60"
96276,1,1,0,81,3,2006,0,1,1126,218,0,"$9,637,443.60"
36858,3,0,1,54,3,1991,0,0,902,350,1,"$3,691,169.10"
92629,3,0,0,33,3,2005,0,1,1728,435,1,"$9,265,133.50"
85456,8,1,0,49,5,2008,1,0,5306,285,0,"$8,549,600.80"
63345,7,1,0,49,9,2018,1,0,4117,717,0,"$6,341,209.80"
92722,3,1,1,82,10,2014,0,1,7623,835,1,"$9,283,649.40"
93561,1,0,0,10,5,2001,0,1,5801,777,0,"$9,357,480.10"
31536,4,1,0,4,7,1996,0,0,8825,329,0,"$3,156,707.60"
47476,4,0,0,74,6,2016,0,0,3342,701,0,"$4,750,049.60"
60774,10,0,0,93,8,2017,0,0,7979,510,0,"$6,079,496.70"
55301,8,1,1,16,4,1990,0,0,5239,170,0,"$5,538,946.00"
73300,9,0,1,68,3,2019,0,1,3555,991,1,"$7,340,967.90"
82086,1,0,1,87,8,1999,1,0,2350,862,1,"$8,211,981.90"
79768,4,1,0,48,3,1999,1,0,1421,929,0,"$7,984,469.90"
75486,1,0,0,65,2,2021,0,1,4226,733,0,"$7,553,287.10"
35652,9,1,0,37,5,2005,0,1,4910,409,1,"$3,569,933.50"
15321,1,0,1,69,3,2018,1,0,4265,694,0,"$1,540,567.80"
26644,6,0,1,13,9,2020,0,1,2780,900,1,"$2,668,720.00"
56876,9,0,1,23,2,2020,1,0,8951,534,0,"$5,690,879.00"
2885,2,1,1,47,3,2014,1,0,2018,544,0,"$297,053.40"
92738,8,1,0,32,4,2013,0,1,906,350,0,"$9,279,946.30"
24927,8,0,0,87,3,2010,1,1,8981,686,1,"$2,497,368.00"
34038,7,1,1,76,10,2015,0,0,3292,590,0,"$3,415,459.50"
22059,9,0,1,6,4,2001,1,0,2482,645,1,"$2,208,141.10"
16996,1,1,1,55,2,2007,1,1,3070,999,1,"$1,711,593.70"
90849,10,0,0,79,8,2005,0,1,6800,771,1,"$9,089,937.50"
90824,1,1,1,37,5,1992,0,1,8407,537,0,"$9,089,833.20"
43018,8,1,1,41,10,1999,0,1,1684,886,0,"$4,313,756.90"
79959,6,1,1,3,3,1994,1,0,2523,528,1,"$8,000,900.40"
73126,8,1,1,77,7,2019,1,0,4204,636,0,"$7,325,036.90"
77440,2,0,0,25,1,2012,1,0,3420,879,1,"$7,746,876.20"
33862,6,0,0,61,2,1997,1,1,5482,668,0,"$3,389,495.70"
54338,9,1,1,55,9,2008,1,0,8801,325,0,"$5,445,334.80"
21174,6,0,0,70,8,2017,0,0,5542,571,1,"$2,120,771.70"
17381,2,0,0,84,9,1990,0,0,9496,262,1,"$1,740,281.00"
11362,1,1,1,96,5,2012,0,1,9242,914,1,"$1,144,566.20"
82123,3,1,0,84,5,2020,0,0,8400,816,1,"$8,225,077.00"
99365,8,0,1,87,8,2002,0,1,5927,131,0,"$9,947,716.20"
46010,7,0,0,52,3,2013,1,1,5335,362,1,"$4,602,587.30"
81281,5,0,1,20,5,2021,1,1,6482,365,0,"$8,134,490.10"
44429,1,1,0,85,6,1990,0,0,7746,592,1,"$4,452,099.00"
94351,8,1,1,25,5,2016,1,0,7090,932,0,"$9,442,863.60"
31997,4,0,1,19,3,2015,1,1,6292,710,0,"$3,205,379.50"
56557,1,0,1,79,3,2013,1,1,4425,382,0,"$5,660,284.30"
50538,2,0,0,55,6,2005,0,0,9132,994,1,"$5,057,375.50"
76178,8,1,1,16,5,2012,0,1,5067,177,1,"$7,625,167.20"
33665,7,0,0,61,5,2019,0,0,2192,611,0,"$3,370,949.90"
37177,3,1,1,64,3,2006,1,0,5049,854,0,"$3,729,279.60"
965,6,0,1,93,2,2019,1,1,8115,417,1,"$107,936.90"
84744,9,0,1,92,6,2004,1,0,6123,736,0,"$8,480,881.40"
54959,10,1,1,21,7,2017,1,0,7910,593,1,"$5,506,024.70"
81571,6,1,0,18,9,1993,0,1,6969,442,0,"$8,160,905.30"
30347,1,0,1,7,1,2018,1,1,1629,482,1,"$3,040,497.80"
14983,8,0,0,90,9,2014,1,0,1559,460,0,"$1,505,601.40"
2300,3,1,0,24,6,2016,0,0,3401,190,1,"$236,576.60"
37317,8,0,1,13,4,1995,1,0,9077,779,1,"$3,735,933.50"
23462,5,0,0,49,1,1990,0,1,6482,347,0,"$2,347,189.00"
25694,8,1,1,96,3,2003,1,0,4526,257,0,"$2,579,016.30"
88975,1,0,1,37,4,1993,0,1,6805,880,0,"$8,905,181.30"
64953,10,0,1,75,4,2017,1,0,1855,783,1,"$6,505,257.70"
90329,7,0,1,26,2,1999,1,1,5998,612,0,"$9,035,611.90"
20119,10,0,1,89,1,2011,0,0,6036,813,0,"$2,019,977.10"
14667,10,1,1,76,7,2010,0,0,1524,542,1,"$1,476,554.00"
74490,1,1,0,14,3,2002,0,0,197,405,0,"$7,454,646.20"
38829,9,1,1,54,2,2011,0,1,746,132,1,"$3,892,902.10"
59079,5,0,1,93,7,2003,1,1,1669,335,0,"$5,919,483.30"
3635,6,0,0,74,7,2001,1,1,7358,386,1,"$365,064.10"
9008,8,0,1,93,1,2004,0,1,5401,767,1,"$904,516.40"
14588,7,0,0,1,7,2003,1,0,8154,177,1,"$1,459,601.30"
68083,8,0,0,75,9,2005,0,0,8851,936,1,"$6,813,175.50"
92464,2,1,1,52,9,2018,0,1,1328,742,1,"$9,253,926.80"
10118,10,1,1,28,4,2011,1,1,1491,391,0,"$1,020,597.10"
18244,6,1,0,24,5,2014,0,1,3659,923,0,"$1,829,876.40"
55541,8,1,1,57,3,2021,0,0,2339,346,1,"$5,563,234.10"
88677,10,0,0,60,10,2015,0,0,8870,682,1,"$8,870,811.50"
19985,2,1,1,19,9,1999,0,1,4185,765,0,"$2,006,910.90"
13087,9,0,0,12,8,1997,1,0,5984,437,1,"$1,310,455.70"
21597,9,1,0,3,4,2018,0,1,7739,583,0,"$2,165,316.80"
6931,5,1,1,35,3,1990,1,0,999,974,0,"$698,473.00"
73112,8,1,1,60,8,2014,0,0,3662,811,0,"$7,325,772.40"
10037,6,1,1,97,5,1992,1,1,9027,473,1,"$1,019,179.20"
38718,9,0,1,20,9,2019,0,0,9627,135,0,"$3,876,696.90"
95739,2,0,1,14,7,2011,1,0,125,332,0,"$9,578,279.10"
7533,2,1,0,8,7,2002,1,1,9655,840,1,"$755,909.20"
35732,4,0,0,58,10,2007,0,1,9360,430,1,"$3,579,144.70"
81109,5,0,0,58,7,2008,1,0,3207,393,0,"$8,112,966.80"
83550,6,1,1,49,5,1993,0,1,1094,267,1,"$8,360,590.30"
14513,4,1,0,98,1,2005,1,0,4013,246,0,"$1,458,582.50"
59417,5,1,1,5,5,2021,0,1,6043,151,0,"$5,948,856.10"
62926,10,0,1,18,2,2003,1,0,512,358,1,"$6,295,093.30"
85233,8,1,1,33,7,1993,0,0,7579,318,0,"$8,531,216.30"
60067,2,0,0,20,1,2002,1,0,7403,638,0,"$6,008,200.20"
26269,7,1,1,30,9,1991,0,0,5363,742,1,"$2,632,126.10"
17508,1,1,0,55,4,2000,0,0,767,958,1,"$1,757,843.00"
20510,5,1,0,72,9,2007,0,0,8079,930,1,"$2,061,340.70"
86558,1,0,0,30,3,2021,0,1,7133,991,0,"$8,658,462.10"
48673,7,1,1,58,6,2007,1,1,8179,576,0,"$4,877,029.70"
63326,1,1,1,41,7,2021,0,0,1925,554,1,"$6,341,005.10"
22648,1,0,1,22,6,2003,0,0,8000,551,0,"$2,268,871.30"
79557,3,1,1,91,10,2012,0,0,3258,643,1,"$7,963,988.20"
96598,6,0,0,33,4,2007,1,1,2256,341,0,"$9,661,903.70"
9782,6,1,0,38,9,2021,0,1,7059,826,1,"$981,058.10"
72078,6,1,0,59,10,2006,1,1,4632,880,0,"$7,212,517.60"
78164,4,1,1,65,9,1992,1,1,5115,449,0,"$7,823,145.20"
80947,3,1,1,48,5,2006,0,0,1216,187,0,"$8,103,183.60"
94978,6,0,1,11,5,1998,1,1,6898,755,1,"$9,501,576.80"
34074,5,1,0,96,5,1991,0,0,67,707,1,"$3,416,825.10"
26355,8,1,0,7,5,2005,1,1,9721,927,0,"$2,641,204.50"
28435,5,0,0,50,9,1998,0,0,1244,698,1,"$2,845,599.80"
13397,1,1,1,41,9,1998,0,0,793,527,1,"$1,350,379.80"
10751,1,1,1,61,6,1998,0,0,4281,205,1,"$1,085,070.80"
17761,6,0,0,5,8,1994,0,1,2902,941,1,"$1,777,289.40"
91591,4,0,1,71,8,2018,1,0,4299,798,1,"$9,164,769.80"
19608,10,1,1,83,4,2019,0,0,9804,657,0,"$1,972,444.90"
25813,7,1,0,7,4,2018,1,1,5695,202,0,"$2,586,402.80"
39526,7,0,0,55,2,2009,0,1,5454,787,0,"$3,957,780.90"
59316,10,0,0,64,4,2008,1,1,7700,818,0,"$5,933,722.80"
27725,9,0,0,58,5,1993,1,0,6740,484,1,"$2,774,997.30"
86677,2,1,1,64,3,2017,0,0,1073,694,0,"$8,675,635.70"
92508,9,0,0,67,4,2013,0,1,3489,434,0,"$9,257,932.30"
98668,9,0,1,71,10,1999,1,1,5336,422,1,"$9,873,946.90"
18706,8,0,1,58,4,2012,0,1,6232,287,1,"$1,873,699.20"
48950,10,1,0,96,6,1995,0,0,2147,174,1,"$4,898,771.50"
92867,8,0,0,71,7,2011,0,1,2813,325,0,"$9,289,807.10"
6796,6,0,1,21,8,2003,0,0,2700,808,1,"$683,707.30"
27465,10,0,1,39,2,2006,0,1,374,611,1,"$2,751,182.60"
64520,4,0,1,68,8,2017,0,0,565,442,1,"$6,459,251.70"
89455,7,1,1,32,9,2009,0,0,6279,601,0,"$8,954,183.90"
93192,1,0,0,45,3,2014,1,1,7786,248,1,"$9,321,511.40"
3864,6,1,1,80,7,1995,0,0,2453,358,1,"$394,535.50"
69261,7,1,1,18,6,1998,1,0,4517,682,1,"$6,934,022.80"
54774,8,0,1,21,10,2008,1,1,3092,123,0,"$5,484,776.80"
41879,5,1,0,45,10,1994,1,0,1103,657,1,"$4,193,646.40"
23770,3,0,0,52,6,1990,0,0,8886,343,0,"$2,382,033.00"
47217,2,0,0,5,10,2013,0,0,4201,992,1,"$4,722,631.30"
85050,7,1,1,55,2,2013,1,1,1480,630,0,"$8,513,913.30"
5505,7,0,0,94,5,2011,0,0,7525,189,1,"$557,067.10"
2875,6,0,1,25,5,2017,0,0,9590,293,0,"$290,996.70"
27279,1,1,1,57,3,2003,1,1,1731,215,1,"$2,739,499.30"
84031,10,1,1,62,4,1991,1,1,1078,848,0,"$8,413,588.10"
88410,6,1,1,89,5,2014,1,1,3973,468,0,"$8,851,564.40"
55275,6,1,0,10,2,1992,0,1,6676,194,0,"$5,531,336.20"
43890,7,0,0,58,7,2018,0,1,626,562,0,"$4,392,741.80"
54977,1,0,0,10,7,2004,1,0,5615,300,1,"$5,498,970.40"
10168,1,0,0,11,10,2020,0,0,3695,794,1,"$1,018,147.00"
24633,7,1,1,62,5,2016,0,1,3552,458,1,"$2,473,370.60"
47618,7,0,0,56,2,1992,0,0,5133,128,0,"$4,767,731.20"
87761,3,0,1,84,6,1995,0,0,8498,985,0,"$8,780,796.50"
74909,4,0,0,97,1,2004,0,1,551,522,0,"$7,492,808.40"
53765,2,0,1,69,3,2008,1,0,5780,633,1,"$5,383,781.80"
6948,6,0,1,24,5,2008,0,1,2978,942,1,"$700,525.80"
50582,7,0,0,6,3,2012,1,0,3298,955,1,"$5,058,897.20"
2535,9,0,0,17,1,2009,0,0,8057,461,1,"$254,139.90"
91180,3,1,0,36,9,2013,0,1,6233,827,1,"$9,124,383.30"
79420,6,1,1,2,3,1994,1,1,5096,882,0,"$7,950,297.40"
21187,9,1,1,31,6,2019,1,1,5983,633,1,"$2,126,037.90"
38569,5,0,0,13,1,2008,0,0,1677,640,0,"$3,857,629.80"
72180,8,0,0,17,10,2018,1,1,874,256,0,"$7,219,866.80"
43571,7,1,0,71,8,2015,0,0,5582,886,0,"$4,359,454.50"
70891,6,1,0,89,5,2002,0,1,2273,691,0,"$7,095,721.20"
51050,3,1,1,6,3,2009,0,1,5315,442,0,"$5,107,815.90"
5443,10,1,0,72,8,2010,1,0,5871,335,1,"$553,876.00"
57243,8,1,1,10,10,2014,0,1,2782,348,0,"$5,729,138.40"
52378,6,1,0,25,1,2019,1,0,824,724,1,"$5,243,913.90"
93213,3,1,1,44,2,1992,0,0,3442,678,1,"$9,329,273.20"
74624,4,0,1,79,8,2004,1,0,4921,543,1,"$7,472,113.40"
47607,5,0,1,13,6,2009,0,0,4708,183,1,"$4,763,835.90"
75556,6,0,1,38,5,1999,1,0,7875,964,1,"$7,560,024.90"
53250,3,1,1,66,8,1994,1,0,4158,188,0,"$5,333,073.40"
39621,3,1,0,58,3,1997,1,1,9093,351,0,"$3,972,664.70"
49694,9,1,1,100,4,2013,1,1,2594,516,1,"$4,980,264.30"
97884,4,0,0,5,10,1996,1,1,8357,775,1,"$9,789,569.60"
62783,8,0,1,4,9,2018,1,0,1926,602,1,"$6,281,080.80"
26216,6,1,1,41,9,2011,0,0,2876,668,1,"$2,628,209.10"
18488,9,0,1,81,4,1998,0,0,1717,671,0,"$1,857,621.80"
21573,8,1,1,71,9,1991,0,0,6957,429,1,"$2,167,154.10"
77158,10,1,1,12,6,1993,1,0,4271,252,0,"$7,721,334.30"
5872,9,0,1,60,8,2009,0,0,5599,399,1,"$594,047.90"
35894,7,0,1,7,7,1991,1,1,5623,394,1,"$3,593,541.10"
50733,4,1,0,77,2,2003,1,0,4902,910,1,"$5,080,606.30"
34525,2,0,0,70,2,2009,1,1,8773,687,1,"$3,457,650.90"
24775,6,0,0,16,10,2008,1,1,1404,923,0,"$2,478,872.80"
10841,1,1,0,19,6,2019,0,1,4556,743,0,"$1,087,980.90"
10092,7,0,0,89,2,1992,0,1,1367,289,1,"$1,013,476.20"
84004,10,1,1,32,1,2004,0,1,9296,352,0,"$8,409,632.40"
18382,4,1,1,96,5,2019,1,0,3381,421,0,"$1,850,716.90"
65453,4,0,0,24,9,2018,0,1,7931,273,1,"$6,547,199.80"
62615,3,1,1,32,3,2003,1,0,9747,423,1,"$6,271,258.30"
85871,10,0,0,94,4,2017,1,0,5811,218,1,"$8,591,699.70"
93872,10,1,1,54,10,2006,0,1,9364,639,0,"$9,394,164.60"
97766,4,1,0,47,3,2004,1,1,6803,895,1,"$9,782,882.40"
14473,7,1,1,90,6,1996,0,0,3317,307,0,"$1,458,956.60"
95180,4,1,1,90,2,2009,1,0,7513,197,1,"$9,529,323.90"
44230,3,0,0,83,5,1991,1,1,7989,545,1,"$4,425,260.10"
733,1,1,0,89,9,1994,1,0,8578,253,0,"$83,786.40"
42259,7,1,0,22,2,2017,0,0,2212,561,1,"$4,229,424.70"
37317,5,0,1,18,6,2013,0,1,1654,950,0,"$3,737,311.30"
89655,4,0,0,40,10,1993,1,0,1869,281,0,"$8,969,499.30"
34777,1,1,1,48,1,2010,1,0,8890,499,1,"$3,485,215.00"
93375,2,1,1,97,6,2019,0,0,3408,381,0,"$9,349,234.90"
92424,5,1,1,61,9,2014,0,0,3143,638,0,"$9,252,356.40"
84512,8,0,1,31,1,1998,0,0,4506,637,0,"$8,456,557.80"
62571,9,0,1,73,9,2010,0,1,4434,988,0,"$6,267,676.00"
37341,6,1,0,17,5,2007,0,0,9591,680,0,"$3,740,485.70"
15179,7,1,0,75,8,2016,1,1,1577,130,0,"$1,523,292.60"
19093,9,1,0,9,2,1999,1,1,7959,942,0,"$1,914,448.90"
83956,4,0,1,53,10,2004,1,1,6703,390,0,"$8,401,559.40"
76435,5,1,1,16,6,1996,1,0,7590,309,1,"$7,654,285.60"
13395,6,1,1,2,7,1997,0,1,5146,795,0,"$1,347,394.70"
25187,8,0,0,23,9,2001,1,0,3775,441,1,"$2,520,404.10"
39193,3,1,1,31,3,2007,1,1,783,930,1,"$3,928,675.70"
70525,2,1,1,70,5,1993,0,0,6027,718,0,"$7,065,207.30"
54620,5,1,1,89,6,2021,1,1,5408,988,0,"$5,474,758.10"
87557,1,1,1,41,9,2015,0,1,3463,722,0,"$8,764,296.50"
15195,9,0,0,38,9,2013,0,0,3838,678,1,"$1,522,445.30"
46445,4,1,1,22,5,2011,0,0,5873,772,0,"$4,648,828.10"
44223,5,1,1,42,7,1998,0,1,5301,121,1,"$4,431,171.80"
65165,8,0,1,97,6,2016,0,0,3767,926,0,"$6,523,661.60"
63223,6,1,0,66,9,2015,0,1,9008,187,1,"$6,331,257.50"
36636,3,0,1,9,4,2006,1,1,182,324,1,"$3,668,391.60"
29526,6,1,1,67,2,2010,1,1,7919,934,0,"$2,960,766.00"
80475,8,0,0,78,3,1992,0,0,7862,571,0,"$8,051,999.20"
77967,9,1,1,3,7,2019,1,0,2396,581,0,"$7,802,836.90"
8400,10,1,1,75,9,2008,0,0,53,746,0,"$855,584.80"
76844,2,0,0,45,7,2008,1,0,9298,168,1,"$7,687,475.80"
21245,7,0,1,91,9,2018,1,1,2652,963,0,"$2,130,072.80"
149,10,1,1,43,1,1991,0,1,411,110,0,"$23,653.10"
20178,9,1,0,93,1,2007,1,1,8743,616,0,"$2,029,287.70"
80294,1,1,1,29,5,2001,0,1,2047,365,1,"$8,034,726.10"
29570,2,0,0,32,4,1992,1,1,6900,921,0,"$2,959,463.20"
76746,1,1,1,76,4,2007,1,1,4499,342,0,"$7,685,980.70"
66415,1,1,1,10,1,1992,0,0,7216,306,1,"$6,649,811.20"
17553,7,0,0,30,3,1997,1,0,689,698,0,"$1,757,689.70"
55994,10,1,1,33,2,2016,0,1,9205,123,1,"$5,610,385.60"
27399,5,1,0,68,2,1994,0,1,697,417,1,"$2,748,170.40"
65137,10,1,0,1,2,2006,0,1,3489,531,0,"$6,516,431.60"
56625,9,1,0,38,10,2019,0,1,9272,812,0,"$5,665,903.90"
56003,3,1,0,47,1,2020,0,0,2105,123,0,"$5,606,255.00"
74545,9,0,1,60,9,2016,1,0,4402,952,1,"$7,464,550.60"
62644,10,0,0,19,6,2009,1,1,8846,148,0,"$6,266,262.90"
88065,7,0,0,20,2,2003,0,0,450,831,0,"$8,808,060.30"
7925,6,0,0,12,7,1991,0,1,6134,751,0,"$793,551.10"
94409,10,0,1,75,7,2015,1,0,6193,845,0,"$9,450,280.50"
35307,8,0,0,66,8,2000,0,0,1656,332,0,"$3,534,202.00"
85490,5,0,1,63,1,1992,1,1,392,103,1,"$8,554,823.20"
39853,5,0,0,78,2,1997,1,0,699,434,1,"$3,988,957.70"
28056,5,0,1,67,3,2017,0,1,5397,389,1,"$2,811,125.70"
94620,6,0,0,28,1,2021,1,0,3818,668,0,"$9,464,860.10"
57054,9,1,0,26,4,1993,0,1,3472,655,1,"$5,711,549.30"
40095,7,0,1,41,9,2015,0,0,8160,924,0,"$4,016,266.50"
24558,1,0,1,82,2,2007,0,0,9742,274,1,"$2,462,916.70"
98665,5,0,0,80,9,2007,1,0,6385,178,1,"$9,872,450.70"
98616,8,0,0,59,3,2011,1,1,6929,304,1,"$9,863,704.10"
42363,3,1,0,74,8,2011,0,0,6294,316,0,"$4,240,879.10"
65294,3,1,0,94,9,2008,1,1,810,717,0,"$6,542,693.80"
44508,10,0,1,40,6,2008,0,1,9095,655,1,"$4,456,584.80"
24905,9,0,0,49,9,1994,0,1,5852,801,0,"$2,493,994.40"
82779,5,1,1,73,4,2017,0,1,2306,615,1,"$8,286,007.70"
53340,1,0,0,72,10,2021,1,1,1901,586,0,"$5,336,464.10"
97474,6,1,1,60,2,2018,0,1,8016,233,0,"$9,759,389.80"
47747,9,1,1,99,4,2010,0,1,8026,726,1,"$4,782,005.00"
10450,7,1,1,47,8,2009,0,0,5418,307,1,"$1,056,116.90"
43902,8,1,0,96,6,2020,0,1,5355,348,1,"$4,396,635.00"
8308,9,1,1,10,4,2021,1,1,5579,283,0,"$837,632.10"
51587,6,1,1,45,4,2002,0,0,7621,833,1,"$5,166,261.20"
70055,9,1,0,31,2,1992,0,0,9258,543,1,"$7,012,927.20"
22585,4,1,0,29,5,1998,1,0,9716,161,1,"$2,265,600.80"
47257,9,0,1,79,10,2012,1,0,8621,405,1,"$4,733,393.20"
475,10,1,0,18,6,2009,0,0,9593,189,0,"$51,031.90"
14691,2,1,1,48,6,1991,0,1,6160,830,0,"$1,475,251.10"
21818,6,1,1,76,4,2011,0,0,5746,220,1,"$2,195,161.10"
58567,2,1,1,29,3,1991,0,1,9840,376,1,"$5,865,940.10"
58806,8,1,1,74,7,2020,1,0,1230,817,0,"$5,892,769.00"
5518,4,0,0,59,4,2002,0,1,4645,337,1,"$554,002.20"
82728,9,0,0,99,5,1991,0,1,3520,413,0,"$8,277,263.10"
46957,9,0,1,32,10,1991,0,0,3946,664,1,"$4,702,732.10"
12834,6,1,1,74,2,2014,0,1,4960,579,1,"$1,293,966.40"
27632,5,0,1,88,10,1991,1,0,480,279,0,"$2,767,841.10"
32778,2,0,1,76,6,2015,0,1,6818,856,1,"$3,286,996.50"
51679,1,1,1,39,1,1993,0,1,1687,422,1,"$5,176,042.30"
25363,10,0,0,37,1,2000,1,1,1104,480,1,"$2,538,406.00"
24451,9,1,1,86,8,2010,0,0,3311,373,1,"$2,455,578.00"
54000,2,1,1,25,4,1994,1,0,3108,712,1,"$5,407,486.40"
58043,2,1,1,91,6,2006,1,1,825,936,1,"$5,814,487.60"
28780,9,1,0,18,3,2001,0,1,6379,298,1,"$2,880,890.10"
39925,2,0,0,69,9,2009,0,1,6874,616,0,"$3,999,341.90"
64499,4,1,0,67,1,1995,1,0,7264,247,1,"$6,456,934.50"
50663,4,0,1,42,7,2011,0,1,9348,850,1,"$5,072,020.10"
88491,7,0,1,87,6,2018,0,1,5702,712,0,"$8,860,074.80"
82363,1,0,0,48,3,2012,0,1,5783,399,1,"$8,240,927.20"
8639,1,0,1,93,4,1998,0,0,7339,808,1,"$872,181.80"
54627,5,0,1,34,8,2013,0,0,7542,184,0,"$5,468,021.30"
22796,4,0,1,6,2,2016,0,0,5358,643,1,"$2,282,740.60"
89623,8,0,0,71,6,1995,0,0,780,337,0,"$8,966,278.50"
68665,4,1,1,98,10,2007,0,0,1736,570,0,"$6,875,325.70"
17806,8,1,1,48,10,2004,0,1,9635,825,1,"$1,788,958.40"
95747,2,0,1,61,4,2019,0,1,27,293,1,"$9,580,216.90"
68422,9,0,1,54,3,1997,1,1,4105,474,1,"$6,845,781.70"
19801,10,0,1,63,7,2009,1,1,9716,665,1,"$1,986,493.90"
73693,3,1,0,4,4,2014,1,0,2188,147,0,"$7,373,367.40"
39631,1,0,0,16,4,1991,1,1,8386,534,1,"$3,964,309.10"
64250,4,0,0,10,9,2001,1,1,4703,487,0,"$6,425,870.10"
98678,9,1,1,3,6,2003,0,1,6810,556,1,"$9,873,512.30"
62815,5,0,1,78,6,1995,0,0,3481,720,0,"$6,288,969.50"
73719,2,1,1,95,5,1994,1,1,2610,923,1,"$7,383,556.40"
19729,6,0,0,81,3,2003,1,0,1905,591,0,"$1,980,073.30"
97543,5,1,0,8,4,2016,1,1,267,999,0,"$9,757,314.60"
32928,3,0,1,81,5,2019,0,0,2054,178,0,"$3,299,683.90"
30164,6,1,1,61,8,2000,0,1,9196,122,0,"$3,027,330.00"
97854,2,0,1,96,8,2012,0,1,1911,815,0,"$9,794,720.20"
81894,8,0,0,38,9,2004,0,1,513,839,0,"$8,190,534.40"
87637,2,1,0,76,2,2011,1,1,5800,614,0,"$8,769,314.10"
97355,4,1,1,24,1,2019,1,0,5554,646,0,"$9,743,997.90"
62859,5,0,0,99,8,2000,1,1,7664,713,1,"$6,296,801.00"
6032,5,1,0,97,10,1997,0,0,8352,621,1,"$613,823.70"
93180,3,1,1,3,2,2012,1,0,2120,653,1,"$9,323,693.20"
74062,2,0,1,96,3,1993,0,1,2906,566,1,"$7,418,356.30"
40680,9,1,0,50,1,2003,0,1,2445,326,1,"$4,075,291.30"
33724,5,0,0,47,2,2012,1,1,3013,521,1,"$3,377,381.20"
67830,1,1,1,36,10,1991,0,1,8,923,0,"$6,788,996.10"
32824,5,0,0,50,8,2008,0,1,8068,292,1,"$3,283,900.80"
15656,4,0,0,87,6,1998,1,1,7294,420,0,"$1,573,398.80"
41369,4,0,1,71,7,2013,1,0,433,256,0,"$4,141,342.30"
41049,6,1,0,19,6,2020,1,0,389,343,1,"$4,109,822.00"
27339,8,1,0,88,4,1993,0,0,3443,133,1,"$2,746,839.30"
57102,9,0,1,73,5,2018,0,0,1093,789,1,"$5,720,511.80"
99454,9,1,1,24,5,2012,0,1,2635,698,1,"$9,958,152.20"
60930,5,1,1,99,3,2017,0,0,3494,797,0,"$6,101,689.70"
88930,5,1,0,89,7,2005,0,1,9079,482,1,"$8,902,346.50"
40363,10,0,0,77,8,2016,1,0,2048,501,0,"$4,038,464.60"
62468,2,1,0,21,5,2008,0,1,5092,553,0,"$6,252,168.80"
51483,6,1,0,94,4,2002,0,0,8346,240,1,"$5,157,565.20"
34291,8,1,0,51,2,2002,0,1,8823,320,1,"$3,436,795.20"
29019,7,0,0,27,5,2016,0,0,3914,729,0,"$2,903,072.60"
24186,4,1,1,69,9,1993,1,0,2481,908,1,"$2,425,111.30"
81453,10,1,0,83,4,2007,1,0,4244,527,1,"$8,152,737.70"
7001,7,1,0,47,6,1992,1,1,8165,858,1,"$707,137.20"
52059,7,0,1,22,2,2000,0,0,1308,349,1,"$5,210,227.00"
45248,6,1,1,99,9,2008,0,1,5903,408,1,"$4,540,276.80"
25176,9,0,1,80,8,1997,0,0,4908,916,1,"$2,522,970.70"
63065,7,1,0,20,9,1996,0,1,1468,564,0,"$6,311,962.60"
78613,3,0,0,35,5,1996,0,0,8045,801,0,"$7,863,369.60"
77117,10,1,1,69,9,2012,0,1,2503,312,1,"$7,720,395.20"
72381,5,0,1,20,3,2010,0,0,2130,256,0,"$7,242,040.00"
90193,3,1,1,3,10,2000,0,1,5262,675,0,"$9,024,029.00"
82226,5,1,0,29,10,2014,1,0,1354,884,1,"$8,227,563.40"
98768,9,0,1,11,8,1990,0,0,6321,165,0,"$9,879,363.00"
78972,6,1,0,70,2,2004,1,1,7448,849,1,"$7,904,128.40"
40345,5,0,0,22,7,2011,1,1,131,495,0,"$4,037,269.10"
72254,1,0,0,78,9,2011,1,0,3986,531,0,"$7,233,115.10"
57944,9,1,0,78,6,2011,0,1,2693,414,1,"$5,802,614.10"
61632,8,0,0,69,2,2000,0,0,9732,849,1,"$6,168,699.00"
78797,7,0,0,54,8,2014,1,0,4633,138,0,"$7,884,093.40"
20001,4,0,1,54,6,2003,1,1,6976,876,0,"$2,004,766.30"
88591,2,1,1,93,10,1998,1,1,4000,697,1,"$8,873,534.80"
40378,6,1,1,26,1,2019,1,1,3836,319,1,"$4,046,345.90"
67498,4,1,1,21,4,2007,1,0,2571,849,1,"$6,753,907.70"
92002,5,0,0,64,8,2011,1,1,7791,286,0,"$9,201,705.10"
32115,5,1,0,41,10,2000,1,0,1540,694,1,"$3,214,734.00"
7490,4,1,1,98,3,2002,0,0,5403,897,1,"$765,190.20"
64164,10,1,1,49,2,2016,1,0,6643,273,1,"$6,427,021.60"
11685,8,1,0,13,6,1993,0,1,362,299,0,"$1,173,785.30"
91967,8,0,0,44,5,1998,0,1,6259,513,1,"$9,198,819.80"
604,3,1,1,73,10,1995,1,1,1599,920,1,"$71,712.50"
58108,4,0,0,80,4,2013,0,0,5339,219,0,"$5,818,911.30"
41048,8,0,0,31,2,2021,0,0,8533,345,0,"$4,107,100.10"
69513,4,1,0,75,2,2005,0,0,8366,941,0,"$6,958,375.50"
17040,7,1,0,55,1,2019,1,1,5811,397,0,"$1,709,341.90"
59050,7,1,1,74,5,2001,0,1,6208,965,1,"$5,914,478.10"
25870,7,1,1,3,2,2012,1,1,8108,339,1,"$2,590,169.20"
69174,6,0,1,94,4,2008,0,0,923,177,1,"$6,929,833.80"
95273,9,1,1,45,9,1994,0,1,34,350,0,"$9,537,187.40"
42264,2,0,1,66,8,2017,0,0,7961,238,0,"$4,231,907.70"
844,4,1,1,82,3,2020,0,1,9680,164,1,"$98,546.00"
31350,6,0,0,11,6,2013,0,0,6125,259,1,"$3,136,370.30"
61942,6,1,0,18,3,2011,0,0,5968,143,0,"$6,197,760.10"
37164,3,1,0,38,10,2001,1,1,3819,951,0,"$3,721,736.10"
35985,5,1,1,51,10,1997,0,0,3953,430,0,"$3,610,020.70"
81222,10,0,0,100,4,2013,1,1,6390,452,0,"$8,129,951.30"
46068,9,1,0,43,4,2011,0,0,3647,870,1,"$4,614,136.10"
47824,10,0,0,12,7,1993,0,1,9562,793,1,"$4,784,201.30"
65308,6,1,0,75,7,2003,0,1,3714,698,0,"$6,535,120.30"
99885,3,0,0,5,3,2001,0,1,2965,362,0,"$9,989,210.10"
429,5,1,1,29,5,2011,0,1,2561,780,1,"$53,940.10"
25224,6,0,1,48,10,1996,0,0,2106,759,0,"$2,529,744.60"
47563,7,1,0,55,4,1990,1,1,931,374,1,"$4,765,002.00"
78037,7,1,1,65,4,1998,0,1,2500,924,0,"$7,811,853.80"
63026,3,1,1,7,4,2004,1,0,349,872,0,"$6,307,284.40"
79830,3,1,1,20,4,2006,0,1,7666,476,1,"$7,989,770.60"
11826,9,1,0,17,9,1991,0,1,9373,662,0,"$1,186,605.10"
52178,1,1,0,96,7,2018,0,0,4680,332,0,"$5,228,450.80"
50418,3,0,0,81,4,2005,1,1,5888,801,0,"$5,049,859.50"
53434,1,0,0,90,2,2019,0,1,7719,354,1,"$5,346,181.90"
76383,6,1,0,22,9,2011,0,0,7668,211,0,"$7,641,724.10"
67985,3,0,0,92,6,2011,1,0,141,263,0,"$6,802,989.10"
54780,1,0,1,3,6,2017,1,1,2957,704,1,"$5,480,478.70"
50121,6,0,1,74,7,1996,1,0,4289,455,0,"$5,020,674.60"
44064,2,0,1,55,4,2021,0,1,10000,711,1,"$4,413,732.10"
28481,1,1,1,6,5,2013,0,0,3397,778,1,"$2,854,717.30"
47831,5,1,0,6,10,2012,1,0,2538,976,1,"$4,786,864.20"
46211,10,1,0,77,5,2003,1,1,6159,776,0,"$4,629,859.30"
32250,6,0,1,94,3,2001,0,0,5313,676,1,"$3,236,484.10"
58958,3,1,0,42,1,1997,1,1,7832,914,0,"$5,903,746.70"
17786,10,1,1,38,5,2012,1,0,9748,679,0,"$1,784,679.20"
6284,1,1,0,21,4,2016,0,1,1898,768,0,"$631,188.60"
59615,7,1,0,8,7,1990,0,0,6028,746,1,"$5,963,967.00"
48577,9,1,0,20,7,2017,0,0,2025,681,1,"$4,862,984.70"
66859,4,0,0,47,9,1998,0,1,8306,159,0,"$6,688,391.80"
53381,7,0,0,19,10,1991,0,0,3504,204,0,"$5,339,727.10"
45580,3,1,1,100,6,2015,0,1,2481,439,0,"$4,569,449.50"
25440,6,0,1,12,2,1991,0,0,959,345,0,"$2,549,452.10"
31598,6,1,0,39,9,1999,0,0,7048,710,1,"$3,165,856.90"
23073,9,0,1,93,6,2021,0,0,2764,795,1,"$2,310,872.10"
59049,10,0,0,91,5,2008,1,0,7928,746,0,"$5,910,896.80"
93674,6,0,1,75,3,1999,0,1,5736,821,0,"$9,375,903.90"
76446,8,1,1,29,7,2021,0,1,8752,987,0,"$7,651,735.10"
41926,5,1,0,89,9,2015,0,1,2806,102,1,"$4,198,279.50"
80976,1,1,0,55,7,2010,0,0,4642,788,1,"$8,102,795.00"
11470,2,0,0,25,8,1996,0,0,6048,420,0,"$1,148,699.60"
79723,7,0,1,17,7,2021,1,1,6409,940,1,"$7,976,910.10"
34838,8,1,1,95,8,2012,0,1,127,132,1,"$3,490,058.20"
28303,3,0,0,29,9,1996,0,1,4559,377,1,"$2,833,274.60"
93490,2,1,1,15,9,2012,0,0,8138,350,0,"$9,355,490.20"
17950,3,0,1,69,10,1996,1,0,1925,910,0,"$1,802,294.60"
388,5,1,0,51,9,1998,1,0,1071,937,0,"$44,847.80"
2739,6,1,0,57,6,1992,1,1,6996,597,0,"$277,462.20"
7603,7,0,0,56,8,1999,0,0,131,604,0,"$763,363.90"
15555,2,1,1,8,4,2018,1,1,1635,647,0,"$1,564,014.80"
78847,10,1,0,30,8,2005,1,0,4919,424,0,"$7,888,002.50"
30596,5,0,1,69,9,1998,1,0,6656,579,0,"$3,063,030.80"
37395,4,0,0,19,7,2018,0,1,610,912,1,"$3,741,187.80"
27918,6,0,1,71,1,2016,0,1,6322,222,0,"$2,798,713.60"
43789,7,0,1,1,5,2007,0,1,3713,998,1,"$4,383,378.70"
15728,7,1,0,12,8,2017,1,0,3436,253,0,"$1,577,515.70"
74409,7,0,1,56,10,2000,0,1,5850,592,0,"$7,447,750.00"
29114,5,1,1,12,9,1994,0,0,3591,799,1,"$2,919,917.40"
99539,1,0,1,75,9,2021,1,0,5552,919,1,"$9,963,045.10"
73748,3,0,0,72,9,2001,1,1,6305,930,1,"$7,382,612.10"
64273,9,1,0,14,6,2003,1,0,2525,463,1,"$6,433,844.30"
83405,9,0,0,86,2,2000,1,1,5515,550,1,"$8,347,406.00"
48652,7,0,0,5,2,1992,1,0,402,468,0,"$4,866,264.20"
53034,3,1,1,52,8,2012,1,1,5609,295,1,"$5,312,035.20"
67294,2,1,0,83,5,2016,1,0,8838,627,1,"$6,737,871.60"
6940,2,0,0,17,9,2014,0,0,1437,253,0,"$695,809.40"
74857,3,0,1,55,5,2011,1,0,5220,326,1,"$7,495,795.10"
23365,10,1,1,53,1,2016,1,1,8296,697,0,"$2,343,955.60"
53591,6,1,0,66,7,2008,0,1,3909,804,1,"$5,365,278.80"
13612,4,1,0,29,1,2009,0,1,2371,955,1,"$1,367,128.90"
63189,1,0,0,1,1,2004,1,1,3048,791,0,"$6,319,752.40"
43441,2,0,1,45,10,2000,1,1,2301,954,1,"$4,349,056.00"
3995,3,0,1,56,1,1991,0,1,6351,511,1,"$406,628.10"
43133,4,1,0,68,7,2016,1,0,2255,214,0,"$4,321,653.60"
90323,1,0,0,95,6,1999,1,0,1823,964,0,"$9,037,654.90"
50164,8,0,1,17,6,1995,1,0,5797,454,1,"$5,022,955.50"
38713,9,1,0,13,7,2002,1,1,253,463,1,"$3,876,407.20"
5140,2,0,0,83,2,2006,1,1,3465,882,1,"$515,580.60"
64827,5,1,1,54,6,1999,1,1,8197,690,0,"$6,491,283.90"
34956,4,1,1,93,8,2003,1,1,7769,849,0,"$3,508,101.30"
87810,7,1,0,76,4,2015,1,1,805,488,0,"$8,793,955.50"
46349,6,0,0,24,9,2005,1,0,8950,131,1,"$4,636,590.50"
96704,9,0,0,61,9,2009,1,1,6136,824,1,"$9,672,864.90"
57314,8,0,0,60,7,2011,0,1,5477,681,0,"$5,733,991.10"
42421,5,1,0,24,8,2021,0,1,86,521,0,"$4,246,970.10"
36442,9,1,0,78,4,2019,0,1,1040,293,1,"$3,653,630.90"
46301,5,0,0,57,7,1991,1,0,7625,483,0,"$4,631,982.10"
13522,6,0,0,74,10,2021,0,1,2985,161,1,"$1,354,750.10"
83088,7,0,0,64,4,2004,0,1,2405,457,1,"$8,315,132.40"
18019,3,0,0,17,6,2006,0,1,5047,911,1,"$1,803,675.60"
29637,10,1,0,80,9,1998,0,0,9015,303,0,"$2,973,981.80"
88231,4,1,0,31,8,2009,0,1,4448,704,1,"$8,827,270.90"
99478,9,1,0,12,1,2013,1,0,5259,260,0,"$9,953,158.30"
25207,1,0,1,25,6,1997,1,0,4,930,0,"$2,527,273.70"
89622,5,0,0,40,5,2017,0,1,2864,607,1,"$8,965,091.70"
35082,6,1,1,52,6,1990,1,1,6916,148,0,"$3,516,840.00"
91104,3,0,1,25,5,1991,0,0,5289,825,1,"$9,116,835.10"
68046,3,1,0,80,10,1997,1,1,1353,366,1,"$6,818,141.70"
32604,10,1,0,38,5,2009,0,1,2030,135,0,"$3,263,791.90"
65825,3,0,0,45,2,2007,0,0,4711,311,0,"$6,586,250.70"
61543,5,0,1,11,4,2017,1,0,3733,614,0,"$6,158,002.70"
25004,10,0,0,56,1,2019,1,0,8370,888,0,"$2,506,029.90"
41524,5,1,1,97,7,2016,1,1,3636,509,0,"$4,163,553.60"
32602,8,1,0,43,2,1996,0,0,9723,664,0,"$3,267,427.60"
17648,4,0,0,11,1,2012,1,1,7702,540,1,"$1,765,902.20"
7935,7,0,0,93,4,2010,0,1,2492,628,1,"$803,701.00"
11498,2,0,1,41,2,2009,1,0,4035,699,0,"$1,154,978.90"
69482,1,1,0,94,1,2012,1,0,7285,751,0,"$6,957,177.20"
61647,9,1,0,43,10,2019,1,0,1313,803,0,"$6,172,515.90"
87500,5,1,0,1,4,2013,0,0,4042,120,0,"$8,754,886.30"
14878,10,0,1,18,10,2012,1,1,436,650,0,"$1,491,712.20"
43872,3,1,1,95,9,1993,1,0,1295,599,0,"$4,402,358.30"
8413,8,0,1,88,9,2002,0,1,2918,446,0,"$849,213.20"
44120,5,0,1,66,1,1994,0,0,1680,342,1,"$4,420,400.40"
68528,7,1,0,78,1,1997,0,1,8731,418,1,"$6,864,016.70"
4293,10,0,1,87,3,2014,0,0,6852,723,0,"$438,335.40"
64013,5,0,0,59,8,2007,0,1,4357,261,1,"$6,404,986.70"
44911,10,0,0,56,6,2001,1,1,8835,559,1,"$4,495,840.10"
68647,10,0,0,31,2,2010,0,0,8784,730,0,"$6,867,106.00"
76256,10,0,1,32,7,2021,0,1,2887,178,0,"$7,631,297.10"
36417,3,0,1,70,10,2021,0,1,5756,721,0,"$3,650,549.10"
69901,10,1,0,28,5,2009,0,1,3492,833,1,"$6,996,565.90"
6478,1,0,1,33,6,1994,1,1,4780,905,0,"$652,595.40"
69242,1,0,1,83,9,2014,1,1,772,153,0,"$6,936,087.40"
31601,8,0,0,35,1,2018,1,1,6203,678,0,"$3,163,556.80"
50294,10,0,1,64,2,2006,1,0,7052,959,0,"$5,034,657.60"
255,1,1,1,77,2,2015,1,0,2522,776,0,"$34,291.50"
27060,9,0,0,90,7,2007,1,1,6939,570,0,"$2,710,700.70"
43140,6,1,1,53,10,1992,1,1,3056,743,0,"$4,322,399.20"
63717,5,0,0,89,6,2011,1,0,4419,221,0,"$6,379,454.10"
40310,6,1,1,52,8,2006,1,1,1295,654,1,"$4,041,851.60"
8904,8,1,1,37,9,2016,0,0,173,120,0,"$895,624.60"
90633,3,1,1,81,1,2006,0,0,650,206,0,"$9,072,944.60"
6570,7,1,0,81,10,2018,1,0,5696,894,1,"$667,494.80"
3011,4,1,0,42,8,2020,0,1,7963,185,0,"$305,014.00"
16251,2,1,0,71,2,2000,0,1,260,945,1,"$1,629,387.00"
72165,10,0,0,22,3,2004,0,0,9444,975,1,"$7,218,838.40"
2005,7,0,1,67,1,1997,1,1,8149,600,1,"$207,531.70"
18240,6,0,0,98,9,2018,0,1,7451,311,0,"$1,828,031.80"
16006,9,1,0,44,6,2005,1,1,3094,242,1,"$1,606,780.50"
22333,3,1,1,34,4,2002,0,0,3017,868,0,"$2,245,486.20"
89742,2,0,0,29,2,2007,1,1,6349,640,1,"$8,976,777.70"
10966,6,0,1,10,5,1997,0,1,7420,439,1,"$1,101,642.70"
47148,9,0,1,78,6,2013,1,1,2426,662,1,"$4,721,381.30"
93622,6,0,0,13,6,2012,0,1,6525,111,0,"$9,363,558.20"
44854,7,1,0,79,7,1997,1,1,5217,385,0,"$4,489,439.70"
92684,5,1,1,64,5,2013,1,1,5647,419,0,"$9,278,413.30"
38964,9,0,1,56,5,2021,0,1,2594,494,1,"$3,902,450.10"
90703,4,0,1,15,5,2002,1,0,96,192,1,"$9,072,785.20"
81247,2,0,1,14,10,2002,0,1,3176,377,1,"$8,127,330.20"
42655,1,0,0,93,8,1994,0,1,7108,198,1,"$4,272,845.40"
19602,1,1,0,89,4,1995,0,0,7095,509,0,"$1,972,327.50"
54706,7,1,0,18,7,2011,1,0,7260,585,1,"$5,476,681.10"
74133,9,1,0,92,7,1991,1,0,7539,250,0,"$7,424,902.10"
32165,4,0,0,80,9,2018,1,0,9861,592,0,"$3,219,111.80"
15262,10,0,1,72,7,2005,0,1,6000,884,0,"$1,531,236.50"
34819,5,0,1,85,8,1990,0,1,134,773,0,"$3,488,144.00"
93896,3,1,1,80,3,2004,0,1,6885,301,0,"$9,401,076.40"
62414,5,0,0,77,4,1997,1,1,1717,492,1,"$6,250,022.70"
70873,3,0,0,38,5,1997,0,1,5238,560,0,"$7,089,697.70"
371,2,1,0,96,2,2008,1,0,2383,642,1,"$45,524.80"
16326,6,0,1,23,1,2020,0,1,7780,320,1,"$1,638,783.00"
33628,8,0,0,43,9,2014,1,1,9961,166,0,"$3,367,900.40"
41845,8,1,0,61,6,1992,0,0,5440,407,0,"$4,191,538.20"
26814,3,1,1,69,6,2020,1,1,8582,969,1,"$2,689,533.00"
68974,8,0,1,52,8,2005,1,0,9349,765,0,"$6,904,810.50"
16873,10,1,0,61,7,2000,0,0,1738,792,0,"$1,691,487.00"
38513,7,1,0,8,3,2013,0,0,4811,399,0,"$3,853,759.30"
82959,8,0,0,20,1,2011,0,0,7319,348,0,"$8,298,011.10"
14029,1,1,0,12,5,2010,1,0,7523,110,0,"$1,408,596.00"
97985,3,0,1,49,3,2020,0,0,2461,584,1,"$9,804,383.00"
4332,1,1,1,23,7,2018,1,0,9996,965,0,"$440,601.80"
74436,2,1,0,37,1,1992,1,0,9611,249,0,"$7,450,183.20"
79572,9,0,0,7,1,2005,0,0,229,135,0,"$7,958,075.50"
7038,9,1,1,41,1,2019,1,0,2452,877,0,"$708,802.90"
58869,10,1,1,59,10,1994,1,0,7058,850,1,"$5,896,012.40"
15967,4,1,0,89,9,2000,1,1,7274,863,1,"$1,605,306.00"
28792,1,0,1,83,2,2009,0,0,8758,206,1,"$2,885,914.90"
74037,1,1,0,94,3,2010,0,1,4204,916,1,"$7,413,723.00"
49104,7,0,0,39,5,1994,1,0,1091,166,0,"$4,913,428.40"
10250,4,0,0,1,8,2014,0,1,9105,259,1,"$1,025,802.40"
89708,1,1,0,72,10,2013,0,1,2592,456,1,"$8,978,292.30"
74885,8,1,1,48,1,2013,0,0,8924,918,1,"$7,499,296.30"
52887,4,0,1,30,6,1996,0,1,840,668,1,"$5,292,579.60"
17615,8,0,1,88,6,2008,1,0,7569,687,1,"$1,774,991.80"
10588,10,0,1,78,1,2015,1,1,2711,200,1,"$1,063,316.50"
72085,6,1,0,30,6,2001,0,0,7492,984,0,"$7,212,400.10"
48092,2,1,1,54,7,2009,1,1,2646,464,1,"$4,817,550.90"
44815,8,1,1,29,5,1997,0,1,7217,594,1,"$4,490,727.70"
94702,2,1,1,57,5,1999,0,1,1510,787,0,"$9,479,031.90"
19575,10,1,1,67,9,2009,1,1,7143,662,1,"$1,966,077.90"
78934,8,0,0,22,3,1996,0,0,6556,870,0,"$7,895,339.60"
99108,6,0,0,63,1,2001,1,0,9253,786,0,"$9,914,800.10"
38522,2,1,0,63,2,1990,0,0,6735,783,0,"$3,858,534.00"
10271,2,0,0,22,2,2018,0,0,8561,346,0,"$1,027,893.80"
605,7,1,0,35,9,2012,1,1,6370,242,1,"$66,663.20"
83698,6,1,0,13,9,1999,0,0,600,489,0,"$8,376,076.90"
8976,5,0,0,48,4,2007,0,1,1776,241,1,"$898,880.70"
71298,9,0,0,29,5,1998,0,0,2964,457,0,"$7,131,907.80"
76974,3,0,0,48,4,2014,0,0,8753,400,1,"$7,700,879.40"
96395,2,0,1,70,4,2016,0,1,7673,594,1,"$9,648,710.60"
20906,7,0,0,18,6,2004,0,1,2584,505,0,"$2,092,028.40"
42619,7,0,0,7,9,2005,0,1,5800,645,0,"$4,263,005.50"
19782,8,1,0,92,10,2000,1,1,3582,518,1,"$1,988,451.00"
1454,4,0,0,52,3,2006,1,1,3303,977,0,"$148,234.60"
63066,7,1,0,27,2,2003,1,1,587,608,1,"$6,313,110.30"
43912,3,0,0,88,7,1990,1,1,9333,944,0,"$4,396,083.00"
3121,6,1,0,85,1,2017,0,1,546,784,0,"$322,767.70"
22810,3,0,0,77,6,2004,1,0,1289,822,1,"$2,282,270.40"
1666,3,0,1,4,4,2015,1,0,9685,659,1,"$169,944.50"
32490,6,0,0,32,4,2006,0,1,1862,924,1,"$3,250,802.60"
19461,1,1,0,10,1,2021,0,0,9375,204,0,"$1,949,663.10"
38375,4,1,0,21,5,2002,1,0,1686,168,0,"$3,840,731.20"
86008,3,0,0,82,8,2015,0,1,8989,169,1,"$8,609,323.50"
2622,3,0,1,84,9,2018,1,0,5216,829,0,"$272,493.80"
79445,6,0,1,51,8,1990,0,0,414,381,0,"$7,948,637.00"
67370,3,1,0,28,3,2020,1,1,5096,331,0,"$6,742,167.00"
68590,6,0,1,82,1,2012,1,0,3966,538,0,"$6,871,144.20"
58980,6,1,1,82,1,2004,0,0,4627,452,1,"$5,914,784.40"
12389,2,1,1,48,2,2018,1,0,6033,161,1,"$1,247,818.80"
90151,3,1,1,79,3,2012,0,1,1784,682,1,"$9,022,486.20"
37846,5,0,1,54,7,1991,0,1,934,558,1,"$3,790,981.10"
93187,6,1,0,9,4,2016,1,1,7207,840,1,"$9,324,088.60"
66592,7,1,0,92,7,1996,0,0,484,992,1,"$6,666,928.60"
11644,2,1,0,50,8,2008,1,0,2899,625,1,"$1,166,984.80"
42167,5,1,0,80,3,2009,0,1,1456,923,1,"$4,221,684.90"
30458,1,0,1,43,10,1994,0,0,2413,821,0,"$3,051,295.40"
235,1,0,0,68,6,2005,0,0,6355,743,0,"$28,656.50"
23892,6,0,0,14,5,2012,1,0,8271,330,0,"$2,390,553.20"
15621,2,1,0,29,5,2004,1,0,3343,865,1,"$1,566,732.40"
22716,2,0,0,36,3,2013,0,0,2979,998,1,"$2,272,979.30"
82859,10,1,0,12,10,1998,0,1,6484,153,0,"$8,291,287.80"
73838,1,1,1,63,9,2009,1,1,2945,899,1,"$7,396,303.90"
15064,1,1,1,1,4,2001,0,1,7518,738,0,"$1,512,799.10"
2848,10,1,1,70,3,2005,1,0,9307,900,0,"$293,779.50"
94867,10,0,1,53,9,1999,1,1,8112,114,1,"$9,494,401.90"
62037,5,0,1,72,5,1992,1,1,5891,638,1,"$6,213,106.20"
96906,3,0,1,35,10,2020,0,1,7788,612,1,"$9,697,498.00"
92877,6,0,0,94,4,2006,0,0,4652,873,1,"$9,293,132.60"
88652,2,1,0,36,2,2008,1,1,2119,713,0,"$8,873,177.80"
89178,5,0,0,89,8,1997,1,1,4196,530,0,"$8,926,770.70"
30863,10,0,1,34,9,2015,0,0,4411,273,1,"$3,089,420.50"
98755,4,0,1,12,2,2014,0,1,578,273,0,"$9,880,422.40"
34195,2,1,1,79,6,2005,0,0,4813,398,0,"$3,428,702.50"
4537,2,0,0,48,2,2016,0,0,8239,620,0,"$456,361.60"
73177,4,1,0,5,6,2011,1,1,695,819,1,"$7,321,281.10"
13969,6,0,0,23,6,2013,0,0,9527,962,0,"$1,399,049.30"
62460,4,0,0,96,6,2003,1,0,9938,360,0,"$6,253,854.30"
24104,3,1,0,28,1,2008,0,0,560,697,0,"$2,417,754.80"
25892,7,0,0,99,4,2020,0,0,5495,739,1,"$2,593,267.00"
299,7,1,0,37,4,2021,0,1,2024,582,1,"$37,033.10"
15944,2,1,1,32,9,1993,1,0,6678,709,0,"$1,602,339.30"
90045,5,0,0,77,3,2008,1,0,8151,501,0,"$9,009,466.80"
37754,4,1,0,66,7,2016,1,0,5934,942,0,"$3,784,160.60"
46195,4,0,1,99,5,1997,1,1,6354,735,1,"$4,631,767.70"
91114,9,0,1,54,2,1990,0,1,6172,271,0,"$9,116,972.00"
82651,6,1,1,29,3,1990,1,1,6561,707,0,"$8,274,315.00"
47353,2,1,1,15,8,2011,0,0,2268,977,0,"$4,743,129.10"
25018,9,0,1,40,10,2007,1,0,8163,814,1,"$2,511,418.70"
10288,8,0,1,44,9,2016,1,1,5733,264,0,"$1,031,927.60"
57085,9,1,1,26,2,2004,1,0,8033,983,0,"$5,714,000.40"
62281,8,1,1,70,8,2010,1,1,1665,863,1,"$6,239,393.00"
75549,4,0,0,70,7,2005,1,0,6519,859,0,"$7,562,030.50"
11580,1,1,0,75,4,1999,0,1,8762,991,1,"$1,169,617.90"
45229,7,0,1,66,10,2004,0,1,5560,497,0,"$4,531,305.40"
44565,5,1,0,40,8,2005,0,1,8312,685,1,"$4,463,078.50"
1782,9,0,1,33,7,1998,1,1,4996,839,0,"$184,784.80"
97593,2,0,0,24,5,1995,1,1,5893,871,0,"$9,760,509.50"
37567,9,0,1,62,4,2010,0,1,2062,286,1,"$3,764,024.00"
91992,6,0,1,45,7,2015,0,1,2030,209,1,"$9,206,945.50"
92016,6,1,0,72,5,2008,0,0,2885,616,1,"$9,206,998.80"
47027,5,0,0,50,6,2017,0,1,5716,334,1,"$4,704,701.70"
35562,5,0,1,58,6,2001,0,0,6235,800,1,"$3,560,786.10"
68162,3,0,1,98,7,2020,0,1,5490,292,0,"$6,825,255.00"
30830,7,1,1,49,1,2000,1,0,6207,745,0,"$3,090,623.00"
77776,5,0,0,7,6,2010,0,0,5333,186,1,"$7,778,582.00"
53818,2,0,0,44,10,1999,0,0,1743,416,0,"$5,386,139.90"
73917,10,1,0,91,10,1990,1,0,9524,816,1,"$7,405,490.00"
92675,2,1,1,9,2,2017,0,0,9383,664,1,"$9,274,886.70"
70159,3,0,1,74,10,2019,0,0,6333,985,0,"$7,019,489.90"
74810,3,1,0,97,6,2017,1,1,6040,150,1,"$7,492,753.70"
63891,1,1,1,24,2,2020,1,0,7812,171,1,"$6,398,575.00"
10601,4,0,1,7,7,2021,0,0,6574,892,1,"$1,062,664.10"
85375,2,0,0,32,6,2014,1,1,680,634,1,"$8,541,495.40"
2559,7,1,0,51,6,2017,0,0,6182,895,0,"$264,370.70"
18101,10,1,1,97,4,1992,1,1,8163,377,0,"$1,824,739.20"
44429,9,0,0,58,1,2016,0,0,3623,196,1,"$4,447,469.60"
87780,2,1,1,33,1,1999,1,1,1723,217,1,"$8,787,571.90"
42277,1,1,1,57,4,2020,1,0,8953,262,0,"$4,232,611.00"
14447,5,1,0,94,9,1991,1,1,7976,850,0,"$1,458,693.10"
33205,6,1,0,68,6,2000,1,0,9328,338,1,"$3,327,752.00"
52132,10,0,0,65,10,1999,0,0,5211,105,1,"$5,216,554.90"
39549,1,1,0,7,8,1992,0,1,3947,533,1,"$3,959,426.20"
60514,4,0,1,14,9,1992,1,1,5690,114,0,"$6,057,452.20"
93499,4,1,1,41,8,2006,0,0,3038,253,0,"$9,357,814.60"
50241,1,1,0,57,6,2001,0,1,4696,497,0,"$5,029,855.10"
28915,10,1,0,35,9,2014,0,0,4680,336,0,"$2,896,715.40"
46790,1,0,0,18,5,2013,1,0,6605,275,1,"$4,681,489.30"
98780,4,1,1,53,3,1990,0,1,1210,700,1,"$9,886,719.00"
58362,2,1,1,23,9,2015,0,0,2303,486,0,"$5,846,004.50"
11928,3,0,0,61,6,2015,0,1,733,516,1,"$1,198,963.50"
41840,9,0,0,60,6,2011,0,0,7675,882,1,"$4,185,921.10"
27538,7,1,0,82,4,2019,1,0,3849,496,1,"$2,758,284.90"
44438,6,1,0,93,4,2014,1,1,6716,918,0,"$4,450,823.40"
12373,5,1,0,59,1,1994,0,1,3868,823,0,"$1,245,235.40"
3206,6,1,0,72,7,1990,0,0,8185,343,1,"$331,095.00"
14993,3,0,0,80,6,2020,0,1,5003,765,0,"$1,501,072.00"
72945,9,0,1,75,10,2003,1,1,7783,678,0,"$7,305,011.30"
74810,2,0,1,94,3,2013,1,0,417,299,1,"$7,489,966.30"
1300,10,1,0,71,7,2009,0,1,5233,988,0,"$134,967.90"
11303,5,1,1,62,2,2011,1,1,6126,179,1,"$1,140,133.10"
67724,9,1,0,81,6,1995,0,1,921,128,0,"$6,779,991.50"
34195,8,1,1,95,5,1992,0,1,8370,128,0,"$3,435,606.20"
57806,6,1,1,47,1,2001,1,1,1667,431,0,"$5,790,410.10"
57722,8,1,1,69,10,2020,1,1,5689,518,1,"$5,785,132.00"
62094,7,0,0,92,1,2010,0,0,2454,221,0,"$6,218,641.00"
99148,9,1,0,55,6,2021,0,0,2803,137,1,"$9,918,736.10"
89512,3,0,1,87,9,2001,1,1,6147,131,1,"$8,960,225.10"
57210,3,1,0,49,2,2000,0,1,4533,710,1,"$5,728,623.00"
46336,8,1,1,3,6,2009,0,1,2133,799,1,"$4,643,781.90"
56145,9,1,1,37,7,2006,0,0,9251,717,1,"$5,617,752.60"
13494,2,1,0,88,9,1991,0,0,927,879,1,"$1,355,903.10"
79002,5,0,0,11,3,1991,0,0,5981,745,0,"$7,900,697.10"
58208,4,1,1,90,2,2020,1,0,8172,745,1,"$5,831,806.00"
71474,8,1,0,35,8,2018,1,0,4363,442,1,"$7,152,718.80"
98209,5,1,0,67,8,2012,1,1,4714,768,1,"$9,826,484.20"
41226,9,0,0,22,4,1995,1,1,2851,681,1,"$4,125,343.50"
35122,3,0,0,43,4,2001,1,0,2087,112,0,"$3,515,208.10"
52220,6,1,0,19,5,1994,0,1,7794,217,1,"$5,226,840.40"
95063,6,0,1,32,6,1991,1,1,1284,983,1,"$9,511,106.10"
73782,9,0,0,66,7,1996,1,1,5708,516,1,"$7,383,555.60"
16368,10,1,1,85,10,2007,1,1,5726,637,1,"$1,645,556.70"
84286,2,1,0,94,5,2001,0,1,9154,561,1,"$8,437,788.10"
47039,7,0,1,47,3,1990,0,1,8169,662,1,"$4,710,291.00"
77726,10,0,0,1,4,2003,1,0,5497,885,1,"$7,773,518.30"
3912,6,1,0,12,7,2011,1,1,8631,569,0,"$395,955.10"
93746,6,0,0,13,6,2003,1,0,5804,152,1,"$9,376,444.30"
44304,3,0,1,6,10,1992,1,1,5065,218,0,"$4,433,938.20"
27400,9,1,0,31,4,1992,0,1,7569,631,0,"$2,747,740.20"
53056,5,0,0,71,6,2005,0,1,5748,255,1,"$5,310,121.50"
80691,5,0,0,13,5,2005,1,1,2967,794,0,"$8,071,084.50"
57337,7,1,1,97,6,1992,1,0,4797,438,0,"$5,750,227.20"
64732,6,0,1,47,2,1995,1,1,274,947,1,"$6,479,107.50"
13037,5,1,1,66,4,1995,1,1,9563,605,0,"$1,315,003.50"
48520,7,0,1,95,10,2001,0,1,2351,105,0,"$4,862,564.10"
74788,10,1,1,3,10,2009,1,1,4433,773,1,"$7,483,945.90"
85208,7,0,1,75,9,1998,1,0,1560,373,0,"$8,527,688.80"
33643,4,1,1,55,5,1994,1,1,9846,173,0,"$3,374,768.40"
53547,9,0,0,35,4,2002,0,0,7979,323,0,"$5,355,930.20"
85134,2,0,1,70,2,2016,1,1,2533,981,1,"$8,519,159.60"
34485,5,1,1,83,6,1993,1,1,347,547,1,"$3,460,379.30"
76717,5,1,0,30,2,2017,1,1,814,990,0,"$7,679,009.70"
63650,9,0,1,10,10,2007,0,0,6108,721,1,"$6,370,607.70"
42237,3,0,1,52,4,1993,0,1,7236,727,1,"$4,229,047.30"
16718,8,0,1,86,1,2010,1,1,1706,694,1,"$1,678,693.00"
19838,5,1,1,48,10,2004,0,1,3931,155,0,"$1,993,919.40"
66045,6,0,0,83,9,2019,0,0,5031,366,0,"$6,607,358.90"
73235,2,1,0,22,9,1995,1,0,9660,153,0,"$7,327,197.50"
95971,5,0,1,61,7,2012,0,1,2743,674,0,"$9,605,457.20"
26519,3,0,1,59,7,1996,1,0,8414,596,0,"$2,659,980.60"
76074,2,1,0,72,2,1995,0,1,9387,670,0,"$7,614,603.50"
11788,9,1,0,15,2,2020,0,1,1914,982,1,"$1,183,060.00"
66281,10,0,1,46,1,2000,1,1,9616,682,1,"$6,630,781.00"
27691,2,0,1,97,4,2020,1,0,2828,439,0,"$2,774,041.00"
59016,10,0,0,45,3,2011,0,1,6843,127,0,"$5,906,126.10"
6048,8,0,1,43,3,2021,0,0,5072,575,0,"$610,305.10"
29570,2,0,1,45,7,2011,0,0,7912,240,0,"$2,962,411.10"
67642,7,0,0,54,8,2020,1,1,320,777,1,"$6,766,834.00"
4033,4,1,1,55,1,1997,0,0,9450,879,0,"$415,922.70"
74546,8,0,1,1,8,1990,0,0,1636,530,0,"$7,460,101.00"
55678,8,0,0,51,10,2011,1,1,1078,412,1,"$5,573,599.10"
10784,7,1,0,43,6,1990,1,1,8039,976,1,"$1,084,037.00"
42810,3,1,1,14,4,1996,1,0,5683,674,1,"$4,288,800.60"
19020,2,0,0,69,1,2004,0,1,3397,181,0,"$1,905,429.40"
4499,2,1,1,77,6,2002,0,1,6586,412,0,"$455,382.20"
79130,3,1,1,95,5,1995,0,0,6368,797,1,"$7,925,945.50"
34689,5,1,0,85,10,2000,1,1,5166,821,1,"$3,474,451.00"
99075,5,0,1,16,5,2017,1,1,8181,413,0,"$9,911,312.70"
76446,4,0,1,8,4,2004,0,0,3257,403,1,"$7,649,095.40"
50185,1,1,0,30,1,2008,0,1,5699,276,0,"$5,021,097.80"
17085,9,0,0,12,5,1993,0,1,7709,960,1,"$1,709,963.30"
31076,7,1,0,22,5,2018,0,0,8821,954,1,"$3,112,788.80"
81924,10,0,1,62,6,1990,0,0,2817,755,0,"$8,200,485.00"
89829,5,1,1,20,10,2011,0,1,4322,732,0,"$8,992,972.10"
52458,4,0,1,82,10,2013,1,0,7768,809,0,"$5,253,326.30"
65639,6,0,1,72,1,2021,0,0,2607,579,1,"$6,573,646.10"
41332,4,1,1,90,10,1994,1,1,9941,938,1,"$4,146,474.40"
45381,1,1,0,3,4,2006,1,0,4163,711,1,"$4,543,365.60"
1981,2,0,0,6,7,2008,1,0,722,484,0,"$198,774.80"
48178,2,0,0,71,2,2011,0,0,4452,870,0,"$4,824,962.10"
733,2,1,1,83,5,2011,0,0,5749,413,0,"$81,775.10"
16071,2,0,0,66,5,2003,0,1,9680,581,1,"$1,609,170.30"
21122,10,0,0,26,2,2016,0,0,4815,779,1,"$2,113,297.60"
90072,1,0,0,7,10,2007,1,0,6103,375,0,"$9,008,547.70"
3137,9,1,1,26,5,2017,0,1,3238,282,0,"$320,868.70"
27286,3,0,0,3,5,1996,0,0,4494,291,1,"$2,728,938.60"
37611,10,0,1,100,2,2006,0,0,2848,376,1,"$3,766,677.60"
84697,4,1,1,44,8,2004,0,1,3454,511,1,"$8,474,975.40"
21833,6,0,0,26,5,1997,1,1,3826,692,1,"$2,185,327.70"
74139,3,1,1,33,2,1992,1,0,4096,638,1,"$7,421,289.20"
41050,8,0,1,87,1,2015,0,1,4162,756,0,"$4,117,975.50"
16389,5,0,0,94,5,1995,0,0,9963,277,1,"$1,647,095.50"
72265,7,1,1,59,5,2005,0,0,8481,918,1,"$7,236,109.50"
55752,1,1,0,42,7,2019,1,1,829,830,1,"$5,580,831.90"
42003,1,1,0,55,2,2008,0,0,8852,322,0,"$4,202,952.80"
76453,6,0,1,13,3,2000,0,1,8106,241,1,"$7,652,064.00"
95771,10,1,1,92,10,1993,0,0,1091,382,0,"$9,586,445.30"
30042,10,0,0,65,7,1999,0,0,1586,142,0,"$3,008,534.90"
80827,1,0,0,82,9,1996,0,0,3040,155,0,"$8,083,933.60"
58109,3,0,1,43,8,2007,1,1,1093,375,1,"$5,819,714.70"
20006,2,0,1,13,5,2002,0,0,9833,313,0,"$2,006,536.20"
57530,2,0,1,2,6,2001,1,0,3187,399,0,"$5,755,191.10"
90929,7,0,0,93,2,2015,1,0,4684,696,1,"$9,098,666.50"
27488,7,0,1,36,5,2008,0,1,304,941,0,"$2,755,953.80"
36904,1,1,1,68,9,2020,1,0,4683,527,0,"$3,698,721.00"
11202,10,0,0,37,5,2019,0,1,9665,929,1,"$1,122,248.90"
43882,8,0,0,97,2,1996,1,1,3001,933,0,"$4,393,079.60"
62869,8,0,0,12,1,2015,1,1,7713,333,0,"$6,288,349.50"
59437,6,1,1,60,10,2014,1,1,1716,455,1,"$5,952,617.40"
88935,1,1,0,93,2,1990,0,1,8530,913,1,"$8,901,934.00"
83026,7,0,1,44,9,2010,0,0,9272,423,1,"$8,305,842.00"
19900,1,1,0,54,9,2020,0,1,5735,446,0,"$1,996,710.00"
41204,6,0,1,95,7,2010,0,0,5801,184,0,"$4,126,585.00"
94261,4,0,0,31,4,2008,0,1,9427,164,1,"$9,429,690.80"
81511,5,0,1,10,9,2016,1,0,4587,537,1,"$8,154,985.60"
59252,7,1,0,27,10,1994,1,1,3994,315,0,"$5,931,506.40"
80067,7,0,0,73,7,2021,1,0,5432,260,0,"$8,013,211.10"
56902,2,0,0,50,6,2010,0,0,449,521,1,"$5,694,751.00"
10483,1,1,1,19,10,2001,0,0,7733,352,1,"$1,055,996.10"
41987,6,0,0,44,2,2017,0,1,9181,454,0,"$4,201,481.70"
88100,1,0,0,70,6,2020,0,1,3085,775,1,"$8,812,852.00"
70968,1,1,0,16,5,2005,1,1,9015,129,0,"$7,101,845.50"
67078,3,0,1,73,8,1993,1,1,1839,652,0,"$6,717,669.30"
10637,9,1,0,23,10,1997,1,1,9659,677,0,"$1,067,665.70"
71171,6,1,0,43,7,2003,0,0,3187,494,0,"$7,123,522.30"
82952,7,1,0,7,3,2015,1,1,9960,606,0,"$8,299,689.50"
92335,10,0,1,11,2,1999,1,0,8282,283,0,"$9,237,950.90"
60035,10,1,0,77,9,2008,1,1,9398,314,0,"$6,014,540.80"
95492,4,1,1,77,2,1997,1,1,8248,376,0,"$9,563,379.70"
20587,10,1,0,71,5,2004,1,1,8473,638,0,"$2,067,398.40"
13642,5,0,0,96,10,2009,0,1,9863,822,1,"$1,373,966.90"
38700,3,1,1,33,3,1992,0,1,1055,936,0,"$3,874,846.20"
87991,5,0,0,79,2,2006,0,1,3085,351,0,"$8,804,814.60"
48428,8,0,0,9,4,2010,1,0,5459,506,1,"$4,844,049.00"
81171,8,1,1,10,10,2020,1,0,9872,389,1,"$8,123,187.00"
82899,7,0,0,23,10,2009,1,0,7445,948,1,"$8,291,850.90"
47126,10,1,1,37,4,1995,0,1,8674,456,0,"$4,720,029.50"
83064,8,1,0,95,6,1997,0,0,4297,669,1,"$8,314,535.70"
63008,2,1,1,12,10,1995,1,1,6145,746,1,"$6,309,285.50"
23776,2,0,1,4,3,2002,0,1,9338,547,0,"$2,382,847.20"
8597,7,1,1,27,7,2018,0,0,2408,781,1,"$867,204.80"
65896,4,1,1,40,2,1994,0,1,202,792,0,"$6,601,450.40"
47061,2,1,1,67,7,2018,0,0,3054,583,1,"$4,713,648.80"
19341,8,1,1,21,4,2017,0,0,7998,101,0,"$1,944,096.70"
9954,6,0,0,32,2,2011,0,0,2265,787,1,"$999,219.10"
86810,9,1,1,13,7,2010,0,1,5919,660,0,"$8,686,680.00"
28062,2,1,1,57,1,1995,0,1,3522,243,0,"$2,815,267.50"
29967,5,1,1,22,2,2009,1,1,6133,624,1,"$3,006,420.90"
72748,2,0,1,90,5,2006,0,1,8340,884,0,"$7,280,260.60"
10132,6,1,1,87,8,2016,1,1,9397,642,0,"$1,024,313.60"
36932,9,1,0,93,4,1990,0,1,5408,895,1,"$3,706,286.00"
24309,1,0,1,28,1,2013,0,0,2055,173,0,"$2,434,268.30"
19319,3,0,1,56,8,2004,1,1,5348,220,0,"$1,940,995.40"
9078,5,0,0,48,10,1994,0,0,7745,137,0,"$909,459.40"
1407,9,0,1,19,3,1995,1,0,3231,757,0,"$147,495.50"
38009,7,0,0,12,4,2018,0,0,5546,419,0,"$3,801,895.80"
11688,3,1,0,72,8,2013,0,0,8377,460,0,"$1,180,015.30"
74489,1,0,0,86,2,2019,1,0,8704,652,0,"$7,450,211.90"
91596,7,1,1,45,10,2013,1,1,9428,468,1,"$9,172,881.30"
35520,6,0,1,50,6,2011,1,1,9326,748,1,"$3,554,917.10"
3929,6,0,1,69,5,1993,1,0,7470,669,1,"$398,629.30"
26424,6,0,0,7,1,2020,0,1,2246,876,0,"$2,643,550.00"
14074,8,1,1,78,9,2003,1,0,6987,143,1,"$1,421,626.30"
62598,2,1,1,83,3,2008,1,0,4585,405,0,"$6,271,214.80"
51419,5,1,0,12,4,2014,0,0,2145,845,1,"$5,147,263.40"
71012,10,0,0,77,3,2004,1,0,4665,434,0,"$7,108,699.40"
69866,2,1,0,94,3,2004,0,0,7437,270,1,"$6,995,283.40"
75124,2,0,0,20,4,2009,1,0,7236,325,1,"$7,513,990.90"
73117,2,1,0,58,10,2004,1,0,8695,683,1,"$7,317,591.40"
6086,2,0,0,4,3,1992,1,1,8861,348,1,"$609,401.20"
62114,10,0,1,78,1,1994,0,1,8066,972,1,"$6,218,248.40"
85301,8,0,0,50,10,2016,1,1,5153,449,0,"$8,532,351.60"
24046,6,0,0,41,8,2021,0,1,78,681,1,"$2,408,555.10"
49729,8,0,1,74,10,1999,1,0,4841,391,0,"$4,979,777.90"
96177,1,0,0,73,4,1997,1,1,4294,816,1,"$9,620,405.70"
5279,5,1,1,72,6,2001,1,0,9278,591,1,"$536,296.10"
64633,2,0,1,56,4,2002,1,1,5082,691,0,"$6,472,293.20"
26229,6,1,1,100,6,2003,1,1,3372,274,1,"$2,634,608.30"
92438,7,1,0,99,5,2005,1,0,374,160,1,"$9,255,862.50"
52332,7,0,0,33,7,1995,0,0,2097,938,1,"$5,234,888.50"
64088,9,0,1,67,7,2011,1,1,8966,867,0,"$6,417,344.10"
90832,4,0,0,90,5,2011,0,0,8429,185,0,"$9,088,841.10"
4169,3,0,0,30,2,2000,1,0,2774,254,1,"$419,550.00"
18501,3,1,1,13,4,2004,1,1,7911,204,0,"$1,855,087.40"
21413,6,1,1,72,6,2000,0,1,1799,607,0,"$2,154,718.00"
84077,1,1,0,15,5,1997,0,1,7329,323,0,"$8,412,538.70"
71928,2,1,0,94,5,2005,0,0,8349,477,1,"$7,203,983.50"
44321,8,0,0,20,1,2019,1,1,4890,430,1,"$4,434,371.90"
60249,4,1,1,48,1,1994,1,0,8112,175,0,"$6,034,593.40"
70409,9,0,0,52,8,2012,1,0,3809,702,0,"$7,042,999.20"
86393,3,0,1,14,6,2010,1,1,5153,745,1,"$8,643,976.00"
96815,5,1,1,59,3,1994,0,0,8231,769,1,"$9,693,106.40"
47136,3,0,1,39,9,1993,1,1,2531,645,0,"$4,716,725.30"
30893,1,1,1,14,7,1991,0,1,3587,264,0,"$3,098,287.10"
91537,6,1,0,61,7,1993,1,0,8348,544,1,"$9,157,850.30"
93064,6,1,0,54,1,1994,0,0,9751,705,1,"$9,312,597.40"
47790,4,0,1,29,4,1997,1,0,9988,592,0,"$4,786,351.70"
90127,7,0,0,87,4,1995,0,1,4170,146,1,"$9,022,299.50"
8751,2,0,0,2,4,2009,1,1,7193,617,1,"$875,876.90"
90822,5,1,1,62,4,1997,1,1,7713,405,0,"$9,091,107.70"
92194,10,1,1,18,5,1999,1,0,9766,263,0,"$9,228,451.90"
97289,9,0,0,25,6,2004,1,1,1575,421,1,"$9,732,350.40"
73583,3,1,0,33,9,2020,0,0,6540,628,0,"$7,362,718.00"
25495,3,0,1,7,5,2011,1,1,2128,547,1,"$2,553,094.10"
63283,1,0,1,85,9,2000,0,0,8457,656,1,"$6,339,337.00"
69048,9,1,0,58,8,2001,0,0,6900,729,1,"$6,911,450.10"
98468,5,0,0,20,3,2001,1,1,5451,453,0,"$9,849,610.10"
54740,2,1,0,17,8,1998,0,1,1497,796,0,"$5,477,153.80"
36378,10,1,1,24,9,1990,1,0,3924,613,1,"$3,646,213.00"
29576,9,0,1,17,8,2021,0,1,1047,740,1,"$2,963,025.10"
84697,10,1,0,47,6,2015,0,1,6045,116,0,"$8,474,421.50"
94759,2,1,1,36,6,2016,1,0,3386,925,1,"$9,483,975.60"
2346,4,1,1,68,3,2010,0,0,5977,970,1,"$244,992.00"
45553,2,0,0,22,8,2009,1,1,6510,402,0,"$4,557,358.90"
52141,4,1,1,97,2,1992,0,1,428,725,1,"$5,228,398.20"
83600,8,0,0,65,5,2021,0,1,3026,627,1,"$8,364,352.10"
5485,8,1,0,13,1,1992,0,1,5960,637,0,"$552,405.20"
23220,8,1,1,79,9,2013,0,1,3166,695,0,"$2,334,717.30"
5914,10,0,0,46,4,2021,0,0,237,487,1,"$593,538.10"
23107,7,1,0,54,7,1995,1,0,8101,916,1,"$2,316,366.50"
16329,4,0,1,58,2,2001,0,1,6579,183,1,"$1,638,683.10"
82940,6,0,0,12,6,1998,0,1,8542,837,0,"$8,294,731.80"
92230,2,1,1,95,9,2018,0,0,6502,438,0,"$9,237,486.80"
24743,9,1,1,88,1,1996,1,0,8360,664,1,"$2,481,744.60"
25699,10,0,1,26,6,1994,1,1,6671,458,0,"$2,576,151.40"
42192,1,1,0,32,4,2021,1,1,8858,476,0,"$4,222,302.10"
36593,7,0,1,61,3,2004,0,0,7221,506,1,"$3,666,305.40"
52416,9,1,0,50,5,1990,0,0,1221,532,0,"$5,249,182.00"
23228,6,0,1,97,3,2020,1,1,4233,292,0,"$2,331,465.00"
4777,8,1,1,67,10,1991,1,0,3906,857,0,"$487,950.10"
23962,3,1,1,68,5,1995,1,1,225,128,1,"$2,403,326.50"
21018,3,0,1,75,5,1998,0,1,792,225,1,"$2,110,725.80"
16824,1,0,0,84,3,1990,1,1,8583,481,0,"$1,687,837.00"
6036,6,1,0,46,2,2015,0,0,5060,780,0,"$610,661.50"
60937,5,1,0,18,4,1992,0,0,3660,349,1,"$6,099,170.20"
84651,3,0,1,26,10,2007,1,1,7940,816,1,"$8,469,947.70"
94474,5,0,0,98,5,1991,0,0,5345,263,1,"$9,455,097.10"
51243,7,1,1,35,2,2017,0,0,8486,329,0,"$5,134,128.70"
35586,1,0,1,80,9,2019,0,1,185,998,1,"$3,570,719.90"
89519,7,0,1,13,4,2014,0,0,6455,253,0,"$8,957,404.40"
75340,9,1,1,27,5,2018,0,0,4266,387,1,"$7,545,012.80"
68762,10,0,1,81,9,1991,1,0,6350,577,1,"$6,887,470.10"
50539,2,1,1,89,6,1996,1,1,1086,309,1,"$5,063,590.60"
38148,6,1,0,85,10,2000,1,0,5131,903,1,"$3,824,209.00"
43613,1,0,0,27,4,1993,1,1,2902,360,1,"$4,364,937.30"
86257,2,1,1,49,1,2020,1,0,4749,389,0,"$8,638,974.00"
4194,9,0,1,30,1,1999,1,1,8359,819,0,"$423,479.90"
70519,9,1,1,79,4,1994,0,1,5346,423,1,"$7,063,851.40"
55616,5,0,1,62,9,1997,0,1,8613,213,1,"$5,571,452.70"
57041,8,1,0,94,6,2000,0,1,4878,235,0,"$5,710,382.00"
39007,1,1,1,44,2,1999,1,0,2898,783,1,"$3,912,800.90"
20869,9,1,0,84,10,2011,1,0,7836,440,0,"$2,092,339.10"
27036,10,1,1,75,7,2020,1,1,1502,543,1,"$2,708,288.00"
90536,9,0,0,68,6,2002,0,1,1714,195,1,"$9,059,110.20"
97882,4,1,0,47,7,2019,0,0,7161,444,0,"$9,792,988.90"
35287,5,1,1,33,3,2013,0,0,5473,607,0,"$3,535,222.30"
91311,10,1,0,24,8,1991,0,0,5515,985,1,"$9,137,559.10"
60596,8,1,0,39,8,2002,0,1,2301,962,1,"$6,063,866.20"
73365,8,0,1,2,5,2021,0,0,788,274,0,"$7,340,329.10"
55281,9,0,0,26,5,2004,0,1,9330,317,1,"$5,531,300.40"
42265,3,0,1,89,3,2009,0,1,1625,896,1,"$4,234,147.90"
39595,9,1,1,96,6,1993,0,0,9804,762,1,"$3,974,677.30"
83790,5,0,0,75,10,2020,0,0,1272,458,0,"$8,383,752.00"
62977,4,1,1,15,10,2009,0,0,8787,894,1,"$6,305,166.90"
49810,5,1,1,39,1,2020,0,1,9431,156,1,"$4,988,534.00"
44782,6,1,1,77,9,2003,0,0,8539,544,0,"$4,488,135.30"
79066,8,0,0,18,10,2019,0,1,14,925,0,"$7,908,197.90"
45091,10,1,1,78,3,2010,0,1,285,908,0,"$4,523,785.00"
16063,4,0,0,97,8,2016,1,0,7658,716,1,"$1,612,339.60"
28920,2,1,0,72,6,2007,1,0,6155,851,1,"$2,901,901.70"
29431,7,0,0,43,4,1993,1,0,5705,471,1,"$2,945,626.30"
80671,2,0,0,6,10,2021,1,1,2660,393,0,"$8,068,598.10"
98648,4,1,1,62,4,2007,1,1,7991,934,1,"$9,875,795.70"
23336,4,0,1,23,6,2018,1,1,115,556,1,"$2,336,967.80"
65779,3,0,1,80,9,2006,1,1,8673,210,1,"$6,583,911.60"
26508,10,1,1,82,1,1991,1,1,9973,852,0,"$2,663,765.10"
82117,8,0,1,33,8,1994,1,1,5285,814,1,"$8,217,020.40"
27949,8,1,0,77,3,2011,0,0,9984,244,1,"$2,803,182.10"
58847,7,0,0,51,10,2015,1,1,7150,916,0,"$5,886,368.50"
84311,9,0,1,58,4,2011,1,1,9905,399,1,"$8,442,220.10"
9749,3,1,0,65,5,2018,0,0,9426,555,0,"$980,609.80"
1932,6,1,1,36,1,2000,1,0,4334,195,1,"$201,541.00"
83358,2,1,0,68,2,2015,1,0,723,584,1,"$8,341,911.50"
72006,5,0,0,83,7,2000,0,1,6242,435,0,"$7,209,550.00"
80394,8,0,0,59,2,1992,1,1,7370,701,1,"$8,045,936.20"
39132,2,1,1,68,9,2020,0,0,9962,953,0,"$3,924,407.00"
89169,4,1,1,90,6,2011,1,0,1532,513,0,"$8,927,281.10"
86467,1,0,1,22,6,2014,0,0,1035,561,1,"$8,650,673.40"
54648,10,0,1,98,10,1993,0,1,8803,685,0,"$5,478,307.30"
5856,4,1,1,95,9,2012,0,1,8073,310,1,"$598,716.20"
28722,1,1,0,54,5,1991,0,1,6224,973,1,"$2,881,430.10"
54563,9,1,0,56,4,1994,0,1,5281,123,1,"$5,461,061.40"
17847,4,0,1,71,7,2006,0,1,9901,178,0,"$1,791,186.60"
69806,4,0,0,66,7,2020,0,0,4158,898,1,"$6,986,562.00"
70178,9,0,1,41,2,2020,0,0,3800,498,1,"$7,025,331.00"
68311,8,0,0,67,1,1992,0,1,6167,863,1,"$6,836,540.20"
4258,2,1,0,30,5,2003,0,1,7067,685,1,"$430,099.30"
67140,3,0,1,51,9,2010,1,0,1985,341,1,"$6,722,509.00"
14608,2,0,1,88,10,2021,0,1,5507,780,0,"$1,468,435.10"
61185,1,0,0,48,1,1998,1,1,2353,355,0,"$6,121,085.80"
1888,4,1,1,79,2,2018,0,1,3550,408,0,"$199,583.80"
92130,9,1,0,88,10,1994,1,1,592,197,0,"$9,223,934.40"
24516,8,0,1,67,1,2005,0,0,6478,722,1,"$2,458,884.50"
55727,9,1,0,33,4,1995,0,0,7276,175,1,"$5,575,798.50"
55558,6,1,0,100,1,2021,1,1,5416,792,0,"$5,559,731.10"
98924,9,0,1,93,4,1991,1,0,3572,866,0,"$9,901,248.10"
61279,9,1,1,1,9,2003,0,1,1830,742,0,"$6,134,906.30"
19463,4,0,1,98,4,2006,0,1,5385,558,1,"$1,957,103.60"
4449,4,1,0,40,4,2006,1,1,4483,419,1,"$451,954.60"
84634,1,1,0,89,3,2012,1,0,5190,262,0,"$8,473,995.20"
75868,5,1,0,57,6,1997,0,1,8926,752,1,"$7,591,848.70"
81639,4,0,0,15,4,2009,0,1,2068,438,0,"$8,165,695.90"
49116,10,1,1,41,9,2013,1,0,5646,953,0,"$4,923,159.30"
29711,1,1,1,59,4,2019,0,0,4225,201,1,"$2,981,766.90"
77339,8,1,0,33,6,1996,0,1,1266,139,0,"$7,736,919.60"
93471,5,0,1,30,6,2016,1,0,8718,577,1,"$9,355,268.60"
42078,2,1,0,91,8,1998,0,1,9661,789,0,"$4,218,276.80"
83730,4,0,0,7,4,1995,1,0,4229,801,0,"$8,373,982.50"
93650,7,1,1,83,3,2005,0,0,9158,780,1,"$9,375,981.50"
45125,5,1,1,51,2,2019,1,1,8160,154,0,"$4,522,380.90"
36987,2,1,0,30,8,2003,1,1,6044,449,1,"$3,703,916.30"
64425,7,0,0,17,6,2015,0,0,3992,223,0,"$6,443,543.50"
13601,7,0,1,64,10,2007,1,0,9049,978,1,"$1,371,932.70"
71595,5,0,1,4,9,2017,1,1,2507,653,1,"$7,164,867.70"
19440,8,1,0,51,10,2020,1,0,1798,588,1,"$1,951,851.00"
43251,10,0,0,43,10,2001,0,0,2001,791,0,"$4,326,826.10"
90447,9,0,0,53,8,1999,1,0,880,202,1,"$9,048,782.90"
70636,7,1,0,95,8,2011,1,0,3682,480,1,"$7,073,600.10"
51999,4,0,0,85,9,2017,1,1,1815,539,1,"$5,207,606.70"
29498,7,0,1,80,7,2008,0,0,7004,786,0,"$2,961,653.80"
59392,8,0,0,89,10,1994,1,1,2673,452,1,"$5,944,482.40"
26656,3,1,1,81,10,2011,0,0,4095,944,0,"$2,681,384.10"
84221,2,0,1,47,8,2004,0,1,282,956,0,"$8,426,342.40"
83175,4,1,1,91,5,2015,1,0,5857,167,1,"$8,330,590.50"
72843,1,0,0,96,9,1999,1,0,3354,904,1,"$7,288,205.90"
827,7,1,1,21,6,2000,0,0,245,470,0,"$89,927.00"
36690,9,1,0,27,4,2014,1,0,8571,598,0,"$3,674,806.40"
66847,1,0,1,33,7,2011,1,1,7430,246,0,"$6,688,898.10"
22381,5,0,1,86,2,1990,0,1,7584,666,1,"$2,245,020.00"
93244,3,0,0,63,5,2001,1,1,2101,253,0,"$9,328,474.10"
70728,7,1,0,87,9,2020,0,1,8610,139,0,"$7,079,449.00"
8300,8,0,1,72,1,2005,1,0,2740,453,1,"$837,253.50"
16859,7,0,0,70,6,2016,0,0,4911,333,1,"$1,690,521.60"
71373,6,1,0,12,3,2021,1,1,8384,965,1,"$7,141,743.10"
52871,3,0,0,14,8,2008,0,1,8163,316,0,"$5,287,746.80"
4263,10,0,0,39,9,1990,0,0,137,786,1,"$430,459.00"
83742,10,1,1,25,5,2000,0,0,773,909,1,"$8,380,708.00"
17505,1,1,1,37,4,1993,0,0,8333,573,0,"$1,762,789.30"
14050,7,0,1,66,1,2008,1,1,4215,269,1,"$1,413,507.80"
77370,5,0,1,23,4,2011,1,0,6416,631,0,"$7,743,358.10"
6791,10,0,0,33,7,1998,0,0,8687,211,0,"$680,406.80"
77027,9,0,0,25,10,1996,1,1,6206,690,1,"$7,705,249.60"
98843,3,0,0,73,6,2006,0,1,2936,772,1,"$9,888,362.60"
94172,8,1,1,35,5,1997,0,1,6666,822,1,"$9,424,252.70"
66518,2,0,1,96,10,2005,0,1,3116,115,1,"$6,658,518.50"
27442,7,0,1,28,8,1998,1,1,2272,146,0,"$2,748,800.80"
49592,3,1,0,34,9,2016,1,0,3635,356,1,"$4,963,740.60"
89887,1,0,0,91,10,2021,0,1,7003,140,1,"$8,994,730.10"
12865,2,0,1,69,10,2020,1,0,5996,108,1,"$1,294,048.00"
33781,9,1,1,100,3,1993,1,0,4467,603,0,"$3,392,580.30"
40933,5,1,1,84,10,2000,0,0,4791,602,0,"$4,100,223.00"
81301,7,1,1,46,4,2017,0,0,5076,974,1,"$8,137,029.70"
67761,3,1,1,5,10,1997,0,0,9383,569,1,"$6,785,841.70"
20744,6,0,1,97,1,1994,1,0,4212,917,0,"$2,087,930.40"
65934,8,1,1,69,3,2014,0,1,3580,730,0,"$6,602,264.40"
50877,4,1,1,89,10,2002,0,1,9927,831,0,"$5,097,460.20"
33055,3,0,1,12,3,1990,1,0,1856,713,0,"$3,308,068.00"
75572,1,1,1,100,10,1993,0,1,8113,438,1,"$7,572,270.30"
13914,4,1,0,70,1,2020,1,1,1434,298,0,"$1,398,582.00"
80604,6,0,0,51,8,2021,0,1,7479,447,1,"$8,063,954.10"
29613,8,1,0,26,10,2002,0,0,2501,123,1,"$2,964,803.20"
81112,5,0,1,20,2,1995,1,1,5331,668,1,"$8,117,647.50"
45860,4,1,1,26,4,2019,1,1,1307,411,1,"$4,591,104.90"
261,6,0,1,28,3,2016,1,0,5927,811,0,"$29,996.60"
68825,6,1,1,13,9,1995,1,1,7692,950,0,"$6,888,057.50"
26916,8,0,1,58,3,1993,0,0,7167,190,1,"$2,696,491.30"
46421,4,1,0,23,7,2021,1,1,1517,382,0,"$4,646,143.10"
59816,7,0,0,8,8,2019,0,0,5919,154,1,"$5,982,821.90"
11149,5,1,1,58,1,1999,1,0,185,754,1,"$1,124,971.90"
71042,6,0,1,62,4,2006,1,0,5182,114,0,"$7,108,064.60"
11875,10,1,0,38,6,2018,0,0,923,544,0,"$1,191,250.80"
63664,3,1,1,81,7,2003,1,0,2863,621,1,"$6,373,958.30"
57431,3,0,0,91,3,2015,1,1,7969,879,0,"$5,752,664.50"
52078,8,0,1,1,6,1993,1,1,619,424,0,"$5,212,915.30"
70757,8,0,1,1,2,2001,0,1,9549,354,0,"$7,078,138.10"
30556,7,0,0,81,1,2002,1,1,2199,599,0,"$3,062,451.20"
16809,3,0,0,36,10,2018,1,0,9979,334,0,"$1,685,229.80"
5456,1,1,1,97,2,2012,1,1,4099,764,1,"$557,575.20"
12130,10,1,0,60,3,2012,1,0,4492,775,1,"$1,222,904.20"
12551,7,0,0,53,4,1992,0,1,7949,134,0,"$1,257,504.20"
61557,8,1,0,51,2,2011,0,0,5354,528,0,"$6,163,797.10"
12939,9,0,0,48,3,2006,0,0,2785,292,0,"$1,298,332.60"
85576,2,0,0,21,2,1998,1,0,5884,507,1,"$8,558,422.80"
8064,4,1,0,27,1,1992,0,0,2929,468,0,"$811,290.20"
50599,1,1,1,89,8,2016,0,1,3334,719,0,"$5,067,362.60"
53496,2,0,1,22,8,1991,0,0,8619,562,0,"$5,354,040.10"
86405,5,1,0,75,3,2015,0,0,5268,302,1,"$8,643,680.50"
18231,10,0,1,74,3,1993,1,0,3157,471,1,"$1,832,629.30"
76918,6,0,0,27,5,2021,0,1,4821,438,1,"$7,694,890.10"
40214,8,0,1,17,1,2005,1,1,6917,235,1,"$4,028,553.50"
94801,4,1,0,79,1,2011,0,1,8296,495,0,"$9,487,999.10"
20040,10,0,1,94,3,2019,0,1,989,105,1,"$2,015,414.90"
49942,4,1,0,98,2,2008,0,0,6138,405,1,"$5,003,821.80"
52974,9,1,1,24,2,2004,0,0,5420,623,0,"$5,304,662.40"
62710,6,1,0,54,9,2001,0,0,3620,217,1,"$6,279,618.10"
66389,8,1,0,46,8,2003,1,0,3359,114,1,"$6,644,576.30"
40619,3,1,0,27,1,1993,1,1,4313,939,0,"$4,066,846.30"
59738,6,0,0,35,8,2002,1,1,7656,718,1,"$5,975,675.20"
60842,1,1,0,4,9,2018,0,1,5651,423,0,"$6,087,203.80"
95875,2,1,1,14,8,1998,1,0,879,364,0,"$9,597,732.80"
44803,2,0,0,18,9,1990,1,1,9121,383,1,"$4,483,091.00"
40633,4,1,1,1,6,2002,1,0,7966,238,1,"$4,069,305.20"
43359,10,0,1,9,3,1991,0,1,9881,418,1,"$4,340,729.10"
98131,9,0,1,97,2,2012,1,0,8286,819,1,"$9,822,005.20"
7101,2,0,1,6,10,2012,1,1,9168,912,1,"$715,591.20"
54469,10,0,0,88,5,1999,0,1,9629,178,0,"$5,455,583.90"
67580,8,1,0,69,10,2005,1,1,3729,707,0,"$6,765,906.50"
69893,3,0,0,65,3,2017,1,1,4797,281,1,"$6,991,116.70"
31704,6,1,0,40,1,2004,1,0,4848,682,1,"$3,174,667.40"
40557,9,1,0,19,9,2008,1,0,6479,194,0,"$4,061,491.80"
75293,1,0,0,89,3,2021,1,1,2893,166,1,"$7,535,976.10"
87596,4,0,1,94,2,2006,0,1,4344,828,1,"$8,772,432.60"
77252,6,1,0,61,5,1991,0,1,5703,245,1,"$7,730,648.10"
45963,4,0,1,55,8,2019,1,0,1367,974,0,"$4,607,265.90"
36048,5,0,1,100,2,2006,0,0,3145,310,0,"$3,614,178.60"
16058,7,0,1,58,2,2009,1,0,5886,627,1,"$1,612,601.90"
50678,7,0,0,32,1,1992,1,1,6423,569,1,"$5,071,621.20"
34835,10,0,0,64,8,1997,1,1,4989,495,0,"$3,489,669.70"
80249,2,1,0,43,3,2008,1,1,1972,695,0,"$8,034,277.80"
93670,7,1,0,4,10,2000,0,1,9084,898,0,"$9,372,029.00"
73734,4,0,0,13,9,2011,1,1,589,969,0,"$7,374,998.10"
5058,6,1,1,63,7,2010,0,0,1113,987,0,"$514,459.00"
24957,5,1,1,83,7,1995,0,0,2558,609,0,"$2,506,130.50"
7764,7,0,0,11,1,1998,1,1,4666,459,0,"$777,955.80"
93664,8,1,0,39,3,2010,0,0,8170,984,1,"$9,371,580.00"
53104,5,1,0,4,2,2016,1,1,4450,664,0,"$5,314,198.60"
57990,6,1,1,11,7,2012,0,0,2835,333,0,"$5,802,883.20"
84308,6,0,0,52,5,2005,0,0,5519,194,0,"$8,433,276.50"
48559,8,0,0,97,6,2008,0,0,8229,409,0,"$4,864,445.80"
59971,7,0,0,54,5,1998,1,0,6152,783,1,"$6,000,649.80"
29004,3,1,1,53,3,2021,0,1,3301,411,0,"$2,908,364.10"
45524,7,1,0,56,5,2013,0,0,4940,983,0,"$4,562,413.30"
18844,3,0,0,100,7,2006,1,1,4219,355,1,"$1,887,200.60"
61141,10,0,1,83,4,1997,0,0,1208,333,0,"$6,121,399.70"
21261,3,1,1,4,9,1998,1,1,3451,497,1,"$2,131,594.80"
95602,9,0,1,64,4,2008,0,0,4503,928,0,"$9,566,578.80"
8708,10,1,0,79,4,2007,1,1,8277,967,0,"$879,427.70"
91342,1,0,1,49,8,1999,1,0,9644,950,0,"$9,143,600.90"
7789,6,1,0,92,7,1998,0,0,8583,147,0,"$784,603.80"
56726,4,1,1,81,8,2018,0,1,8957,815,1,"$5,683,041.80"
40784,5,0,1,98,3,2018,1,1,6682,664,1,"$4,085,952.80"
9448,3,1,0,49,4,2020,1,1,3506,139,1,"$952,004.00"
6570,3,1,1,52,5,2010,1,1,7057,741,1,"$667,714.00"
23213,7,0,1,42,8,2018,1,1,43,999,0,"$2,327,859.80"
26444,5,1,0,4,10,2017,0,0,1460,664,0,"$2,649,524.70"
23320,7,0,0,88,6,2013,0,0,9034,826,1,"$2,337,805.30"
92782,9,1,1,77,10,1990,1,1,5183,493,0,"$9,287,161.00"
86163,6,0,0,59,9,2020,0,0,342,953,1,"$8,621,912.00"
10128,3,1,1,30,3,1994,1,0,3329,835,0,"$1,021,009.40"
9861,10,0,1,26,6,2020,0,1,3974,837,1,"$990,552.00"
70435,2,0,1,58,10,2013,0,0,5236,348,1,"$7,048,486.30"
67843,3,0,0,45,4,2018,0,1,2665,841,1,"$6,786,741.80"
2871,7,1,1,44,4,2018,0,0,3500,732,0,"$298,537.80"
9008,9,1,0,65,6,2019,1,1,8933,277,0,"$907,736.90"
40037,1,0,1,96,6,1995,1,1,7930,141,1,"$4,012,108.50"
11260,7,0,0,67,9,2008,1,0,9068,976,1,"$1,131,709.80"
41212,2,0,0,98,5,2013,1,0,9750,423,0,"$4,128,709.30"
91743,6,0,1,40,5,2000,1,0,195,697,1,"$9,181,611.00"
45738,4,1,1,69,10,2021,0,0,5941,445,0,"$4,583,032.10"
636,8,0,1,59,3,2001,0,1,4476,899,0,"$73,625.10"
37171,6,1,0,61,2,2004,1,0,3036,329,0,"$3,723,277.40"
11646,9,0,1,66,10,1997,1,0,2915,900,1,"$1,169,371.70"
5620,3,0,0,56,4,1996,0,0,7397,308,1,"$566,525.60"
19373,9,1,1,75,4,1997,0,0,3854,207,1,"$1,949,240.70"
32794,10,0,0,7,3,1996,0,0,506,880,1,"$3,279,960.60"
28373,8,0,0,83,2,1993,0,0,9556,121,0,"$2,842,729.30"
89823,10,1,0,26,7,2002,0,0,5024,948,1,"$8,987,070.20"
64533,7,0,0,5,7,2010,0,0,7748,250,1,"$6,454,096.00"
17515,2,0,0,64,8,1992,0,0,1868,150,1,"$1,754,203.20"
24040,3,0,1,93,8,2015,0,0,6085,665,0,"$2,412,253.50"
48289,5,1,0,19,7,2015,1,0,8842,734,1,"$4,835,241.50"
17513,3,0,0,36,6,2020,1,1,9743,705,1,"$1,754,716.00"
20401,3,1,1,3,8,1994,0,1,8548,313,1,"$2,047,409.40"
6009,10,0,1,56,7,2019,1,1,3216,679,1,"$610,176.90"
85104,1,1,0,37,6,2014,1,1,4537,103,1,"$8,517,206.40"
65886,10,1,0,15,8,2012,0,1,187,626,1,"$6,592,196.20"
79096,3,1,1,15,7,2005,1,0,202,698,1,"$7,917,449.50"
95098,2,0,0,4,9,2002,0,0,9545,501,1,"$9,510,300.20"
54336,10,1,1,13,9,2005,1,1,1340,399,0,"$5,442,172.50"
85300,3,1,0,64,9,2002,1,0,8803,768,0,"$8,536,653.20"
40906,3,0,1,29,9,2008,0,0,9059,201,1,"$4,094,554.80"
82585,1,0,1,82,1,2004,0,0,3254,482,0,"$8,265,084.40"
73021,5,1,0,76,2,2002,0,0,5032,813,0,"$7,311,448.20"
57044,4,0,0,93,6,1992,1,0,2439,527,1,"$5,713,004.20"
78882,4,1,0,63,8,2014,0,1,6371,134,0,"$7,893,540.40"
56013,9,1,1,64,6,2000,1,1,6404,998,1,"$5,611,203.00"
60863,1,0,0,44,5,2005,1,1,3822,692,1,"$6,091,262.50"
83520,4,0,1,37,10,1992,0,1,9349,516,0,"$8,359,050.20"
71848,2,0,0,61,2,2017,1,0,5743,175,1,"$7,189,666.70"
69067,2,1,0,62,7,2020,1,0,8829,563,0,"$6,911,055.00"
79653,10,0,1,19,1,2013,1,1,9783,513,0,"$7,972,109.30"
16977,1,1,1,54,6,2019,0,1,8832,416,0,"$1,706,568.90"
13594,10,0,0,73,1,2019,0,0,8145,968,1,"$1,365,330.90"
4711,3,0,1,80,5,2007,1,1,7325,813,1,"$478,449.70"
89124,1,0,1,62,3,1993,1,0,5314,806,1,"$8,919,357.30"
62599,6,0,1,37,10,2012,0,1,428,909,1,"$6,268,809.20"
74572,5,1,0,48,9,2013,1,1,1473,477,1,"$7,463,538.30"
56197,4,0,1,39,2,2006,0,1,3004,983,1,"$5,625,138.60"
66687,2,1,0,21,10,2000,0,1,3649,926,0,"$6,675,401.00"
47519,7,1,1,95,10,2006,1,0,87,814,1,"$4,759,722.60"
21581,4,0,0,77,6,2007,0,0,9960,811,1,"$2,166,100.70"
16956,4,0,1,69,6,2018,0,0,956,715,1,"$1,705,161.80"
56148,5,0,1,16,4,2017,0,0,6716,893,1,"$5,617,858.70"
85429,6,0,0,28,8,2014,1,1,2582,918,0,"$8,546,147.40"
84058,10,0,0,99,7,2004,1,0,8861,429,0,"$8,415,755.40"
18604,10,0,0,23,10,2003,1,0,96,995,1,"$1,861,172.30"
90179,10,0,0,66,7,2009,1,1,6791,794,1,"$9,023,038.90"
60135,5,1,1,86,1,2001,1,0,7680,255,0,"$6,024,974.10"
45506,5,0,1,60,1,2016,0,1,5264,852,0,"$4,556,396.60"
95730,4,1,1,85,8,2011,0,0,5571,257,0,"$9,583,824.10"
51121,9,1,1,89,8,2017,1,0,1889,230,1,"$5,123,563.70"
63915,1,0,0,49,4,2009,1,0,260,593,1,"$6,395,585.90"
9629,7,1,0,16,3,2004,0,1,4944,257,1,"$968,526.40"
68837,10,1,0,50,6,2003,1,0,171,946,0,"$6,887,892.30"
39239,4,0,1,97,2,2002,1,0,1749,986,0,"$3,933,198.20"
58917,8,1,0,29,1,1996,0,0,9028,298,0,"$5,898,396.60"
46921,8,1,1,44,6,2011,1,1,6850,520,1,"$4,697,734.10"
65555,6,1,0,88,5,2021,0,1,7947,555,0,"$6,565,694.10"
2355,3,0,0,95,9,2010,1,1,9559,947,1,"$246,001.00"
21851,8,0,1,57,3,2014,0,0,1607,168,1,"$2,188,090.40"
19677,9,1,0,79,8,2000,0,1,1119,375,0,"$1,979,423.00"
39661,3,0,0,83,9,2000,0,1,6114,386,0,"$3,974,103.00"
20967,8,1,0,97,9,1995,0,1,2125,210,1,"$2,108,465.50"
9057,5,0,0,50,8,2007,1,0,1790,383,0,"$906,900.70"
46301,6,1,0,48,2,2018,1,1,8001,421,1,"$4,637,166.80"
92238,1,1,1,63,1,1998,0,0,3227,718,1,"$9,237,221.80"
41880,8,0,1,87,5,2014,0,0,9227,211,0,"$4,192,229.40"
44459,4,1,0,62,5,1994,1,0,3300,622,0,"$4,452,340.40"
10821,5,0,1,17,2,1998,0,0,2933,143,0,"$1,086,242.80"
24560,9,0,1,3,8,2019,0,0,861,576,1,"$2,457,903.90"
864,1,1,0,15,2,1999,0,1,2420,427,0,"$89,905.90"
23212,1,1,0,90,2,2015,1,0,5228,796,0,"$2,327,333.50"
31459,8,1,1,27,9,1995,0,0,1588,789,0,"$3,155,046.50"
80206,8,0,1,42,4,2014,0,1,4620,854,1,"$8,027,224.40"
48926,3,1,0,57,3,1990,0,1,5018,358,0,"$4,896,578.00"
9109,10,1,1,83,9,1997,0,1,823,861,1,"$923,884.70"
48403,9,0,0,3,9,1996,1,0,5786,941,0,"$4,841,127.60"
12011,1,1,1,28,10,2018,1,1,8374,905,0,"$1,208,645.80"
6470,10,1,1,48,8,2012,1,0,2423,868,1,"$656,687.20"
55872,9,0,1,4,10,2018,1,1,8581,191,0,"$5,591,474.80"
37213,10,0,1,95,9,1996,1,0,4803,531,1,"$3,734,467.60"
55851,4,1,1,11,3,1994,1,0,1044,646,1,"$5,592,415.40"
48395,5,0,1,38,6,2011,0,0,9736,667,0,"$4,845,798.10"
27946,4,1,0,15,3,2009,1,0,1481,705,1,"$2,797,128.90"
12066,2,0,0,41,7,2012,0,1,3581,730,1,"$1,207,916.20"
59109,1,0,1,21,5,1993,0,0,2002,407,0,"$5,914,617.30"
57801,5,1,0,41,6,2019,0,1,4958,169,0,"$5,787,838.90"
1448,4,0,0,99,7,2020,0,0,671,895,1,"$154,560.00"
40571,8,0,0,18,9,2014,1,0,4006,658,1,"$4,058,935.40"
85030,1,1,0,48,5,2009,0,0,7631,815,0,"$8,509,868.90"
26690,2,1,1,15,6,2016,0,1,5625,203,1,"$2,677,484.60"
97110,1,0,1,21,8,2018,1,1,6780,240,1,"$9,717,346.80"
77591,10,1,0,79,7,2002,1,0,7732,127,0,"$7,767,753.20"
10109,2,0,0,81,7,1990,1,1,8202,716,0,"$1,018,391.00"
3712,9,1,0,62,4,1990,1,0,443,642,0,"$378,944.00"
61485,7,0,0,17,9,2008,1,0,7471,501,0,"$6,150,376.80"
39818,6,1,0,94,5,2009,0,0,6521,148,1,"$3,990,192.90"
24064,10,1,1,59,1,2005,1,1,10,985,1,"$2,414,680.50"
76818,6,0,0,81,9,2016,0,1,9229,612,1,"$7,688,569.60"
96767,3,0,0,66,4,1997,0,0,8252,167,0,"$9,680,781.70"
7184,4,1,0,11,1,2008,0,0,3658,387,0,"$724,159.80"
63062,5,0,0,37,8,2003,0,1,3391,948,0,"$6,307,914.30"
33793,7,1,0,42,4,2000,1,0,9494,784,1,"$3,386,082.00"
26089,3,0,0,60,3,1999,1,1,6541,616,0,"$2,615,439.90"
9223,10,0,0,74,10,2006,1,1,7438,976,1,"$927,886.60"
64717,1,1,0,64,6,2008,0,1,103,300,0,"$6,479,615.80"
1513,8,0,0,43,9,2002,1,1,2504,718,0,"$155,010.20"
89008,10,1,1,72,9,2015,0,1,1106,777,0,"$8,911,947.50"
4803,3,0,0,79,6,2006,0,1,6414,779,0,"$485,590.60"
64128,2,1,0,48,10,2009,1,1,3220,642,1,"$6,418,143.90"
47956,8,0,0,69,10,2016,1,0,3515,959,0,"$4,800,729.60"
96915,1,1,0,23,10,2020,0,0,3272,920,1,"$9,695,754.00"
98025,1,1,0,90,1,2005,0,1,4543,251,0,"$9,813,291.50"
95148,10,0,0,100,10,2008,1,1,8257,339,0,"$9,522,550.80"
93283,7,0,1,25,7,1996,1,0,4915,378,1,"$9,333,627.60"
80837,8,1,0,70,4,1993,1,0,6217,285,1,"$8,089,906.30"
64869,2,1,0,22,8,1996,0,1,70,637,1,"$6,492,457.60"
44750,10,0,0,94,5,2018,0,1,8957,108,1,"$4,479,097.80"
55840,10,0,1,11,6,1995,0,0,9314,912,0,"$5,588,693.50"
40934,8,0,0,41,9,2018,1,1,1270,530,0,"$4,096,884.80"
32951,3,1,0,53,1,1992,0,1,1204,752,0,"$3,300,626.20"
99552,1,1,1,49,1,1993,1,0,1361,525,1,"$9,964,331.30"
62093,7,0,1,94,2,2004,1,0,9421,777,1,"$6,222,279.40"
72445,6,1,0,26,1,2013,1,1,5714,746,0,"$7,249,734.30"
83352,1,1,1,91,6,2010,1,0,1045,841,0,"$8,348,414.00"
65494,8,1,0,91,4,2004,1,1,8641,915,0,"$6,562,471.40"
11084,1,0,1,79,7,1998,1,0,6932,946,0,"$1,113,370.80"
81974,1,1,0,78,2,2013,0,1,2472,535,1,"$8,207,704.30"
81262,4,1,0,41,10,1991,1,0,7324,846,1,"$8,132,826.10"
78453,5,1,1,83,5,1997,1,0,6247,776,0,"$7,859,262.70"
5598,1,0,0,38,6,1994,0,1,5818,825,0,"$562,211.40"
58852,5,1,1,79,6,1992,0,1,7200,956,1,"$5,892,490.20"
32389,10,1,1,86,2,2007,0,0,6047,466,0,"$3,247,575.70"
57798,6,0,1,31,1,2017,0,0,3441,359,0,"$5,783,464.70"
45947,8,0,0,15,7,1999,1,0,91,103,0,"$4,595,814.90"
74390,10,1,0,14,1,2013,0,1,4284,253,0,"$7,441,689.30"
56711,10,0,1,1,10,1994,1,1,9545,143,0,"$5,673,734.40"
10048,5,0,0,34,3,1991,0,0,3960,729,0,"$1,006,643.10"
68783,6,0,0,80,10,1994,0,0,6498,403,1,"$6,885,739.40"
27586,2,0,0,64,5,2011,0,0,7988,266,0,"$2,762,137.10"
74190,8,1,0,67,3,2017,0,1,3328,107,0,"$7,425,893.70"
77724,9,0,0,79,2,1995,0,0,8324,982,1,"$7,779,385.50"
78851,3,0,1,53,9,1998,0,0,5929,331,0,"$7,891,785.80"
88521,4,1,0,97,1,2018,0,1,2986,495,1,"$8,857,964.80"
72527,6,1,1,12,6,1995,1,0,8820,418,0,"$7,256,618.50"
10987,8,1,1,93,8,1997,1,1,2372,633,0,"$1,106,231.70"
81531,9,0,1,2,1,1990,0,0,6192,736,1,"$8,158,198.00"
67870,4,1,1,24,3,2007,1,0,4460,543,1,"$6,793,060.70"
68738,2,0,1,74,4,2010,0,0,8272,852,0,"$6,884,205.00"
48452,7,1,0,53,1,1997,1,1,8321,482,0,"$4,853,030.70"
51040,6,0,0,38,4,2016,1,0,2295,437,1,"$5,107,385.60"
71549,1,1,1,85,9,1996,0,0,1431,671,1,"$7,163,168.60"
60828,8,0,1,84,5,2018,1,0,3052,263,0,"$6,089,951.80"
59348,9,0,1,19,7,2012,0,0,2240,959,1,"$5,938,039.20"
26861,3,0,0,19,9,2013,0,1,7106,989,1,"$2,687,627.30"
43278,4,1,1,99,9,2021,1,1,2231,385,1,"$4,340,381.10"
41494,3,0,1,34,4,2017,1,1,568,563,0,"$4,155,958.70"
27881,1,0,0,92,8,1995,1,1,8449,405,0,"$2,797,847.50"
8114,4,0,1,44,8,2017,1,1,7951,902,1,"$817,743.70"
92373,1,0,1,74,8,2016,0,0,2690,955,0,"$9,247,617.60"
95337,6,1,0,65,7,2007,1,0,602,335,0,"$9,543,247.70"
5246,5,1,0,51,8,1998,1,1,2117,205,0,"$532,545.80"
52337,9,1,0,70,2,1999,0,1,1473,130,0,"$5,243,778.90"
14894,1,0,1,40,6,2018,1,1,6,712,1,"$1,495,322.80"
87840,6,0,0,69,9,2003,1,1,7475,752,1,"$8,785,859.30"
47765,10,0,1,66,5,2007,1,1,5106,431,0,"$4,781,324.70"
99510,2,0,0,5,2,2002,1,0,8701,872,0,"$9,951,800.20"
21364,3,1,1,42,1,1996,1,1,370,157,0,"$2,145,401.60"
58774,10,0,1,84,3,1991,1,0,6622,353,1,"$5,884,531.10"
80922,3,1,1,98,8,2002,0,0,9705,734,1,"$8,105,660.20"
62302,2,0,1,91,2,2010,1,0,2825,198,0,"$6,239,702.00"
98032,10,1,1,41,5,1999,0,0,2870,424,0,"$9,812,466.90"
42363,3,0,1,14,2,2020,0,1,3781,365,1,"$4,238,826.00"
21536,8,1,1,67,10,2016,0,0,3622,530,0,"$2,165,059.60"
86732,9,0,0,99,1,1996,1,1,2333,726,0,"$8,680,037.60"
49305,1,0,1,87,1,2006,1,0,8898,833,0,"$4,939,975.60"
48820,1,1,1,31,4,2007,1,1,7139,976,0,"$4,890,832.70"
23407,10,0,1,53,9,1997,1,1,8824,847,1,"$2,350,099.70"
14611,6,0,1,48,3,2014,1,0,3271,655,1,"$1,468,749.40"
17368,4,1,1,37,8,1991,0,0,4261,642,0,"$1,745,031.10"
77927,2,0,0,39,8,2011,1,0,7644,230,1,"$7,796,739.10"
71436,3,1,1,26,8,1994,0,1,328,905,1,"$7,149,795.40"
82643,1,0,1,77,2,2003,1,0,663,496,1,"$8,274,608.30"
65273,7,0,1,29,9,2019,0,0,4089,937,0,"$6,533,559.90"
58871,10,0,0,60,3,2000,0,1,8474,327,0,"$5,893,000.00"
93506,6,1,0,73,5,2004,0,0,661,850,1,"$9,355,304.40"
81600,1,1,0,16,2,2008,1,0,1841,427,1,"$8,163,638.80"
12716,6,1,0,78,4,2002,1,0,1945,350,1,"$1,278,601.20"
46422,4,1,0,4,9,2016,1,0,2768,233,1,"$4,645,311.60"
18106,7,0,1,9,9,1995,0,0,8002,715,0,"$1,813,621.50"
22390,10,0,0,31,3,2011,1,0,8025,322,0,"$2,242,019.10"
64982,9,1,0,46,6,2002,0,1,7055,168,1,"$6,501,591.20"
6824,10,1,1,21,7,2020,1,0,4254,171,0,"$690,852.00"
69942,5,0,0,62,6,2008,1,1,7253,832,0,"$7,000,444.80"
28247,6,0,1,97,8,2006,0,0,518,995,1,"$2,837,586.60"
83564,4,1,1,60,5,2010,1,1,5420,927,1,"$8,366,616.00"
86720,4,1,0,22,2,2019,1,1,4000,491,1,"$8,676,437.90"
53978,9,0,0,63,4,2021,0,0,5082,151,0,"$5,399,425.10"
78993,2,1,0,72,8,2007,1,1,7677,107,0,"$7,905,911.70"
19537,4,0,1,83,2,2020,0,0,1962,721,0,"$1,960,626.00"
81330,1,0,0,12,1,2006,1,1,208,596,0,"$8,134,552.60"
55115,9,1,1,82,6,2019,0,0,5024,675,0,"$5,522,593.90"
83615,10,1,1,76,6,2011,0,1,3893,740,0,"$8,367,434.10"
24176,4,0,0,68,3,2020,1,1,2313,711,1,"$2,424,926.00"
87186,5,0,1,98,2,2006,1,0,5269,580,0,"$8,725,843.60"
76718,2,1,1,32,7,1993,0,1,8514,889,0,"$7,678,291.30"
34686,3,1,1,45,5,2018,0,1,4689,767,0,"$3,478,751.80"
1372,8,1,0,61,9,1994,0,0,8590,169,1,"$141,991.40"
85391,7,1,1,3,2,2007,1,0,2793,341,0,"$8,547,440.70"
88190,6,1,1,7,1,2000,0,0,2566,817,0,"$8,825,664.00"
29465,4,0,0,31,9,1990,1,0,8262,842,0,"$2,948,873.00"
36475,9,0,1,53,7,2010,0,1,8979,393,0,"$3,653,259.00"
14807,10,1,1,59,7,2016,0,0,7326,501,0,"$1,488,467.60"
13176,1,1,1,54,4,2016,1,0,5874,725,1,"$1,326,833.60"
33747,8,0,0,65,4,2011,0,1,5425,280,1,"$3,379,216.10"
72586,9,0,0,39,9,2017,0,0,2929,971,1,"$7,260,767.70"
6040,5,1,1,23,9,1995,0,0,9301,539,0,"$611,596.50"
17791,2,0,1,63,7,2006,0,0,4717,430,1,"$1,786,416.60"
37542,7,1,1,15,9,2014,0,1,1786,425,0,"$3,760,359.40"
4991,4,1,1,44,7,2010,0,0,9117,134,1,"$510,147.00"
35375,2,1,1,39,9,1991,0,1,2534,550,1,"$3,547,723.10"
68760,5,0,1,90,5,2009,1,0,3855,651,1,"$6,886,258.90"
43667,5,1,0,81,4,1993,0,0,1829,162,1,"$4,376,408.30"
28472,2,0,0,100,2,1998,0,0,9382,858,1,"$2,857,049.80"
45916,1,1,1,60,5,2009,0,1,4561,486,0,"$4,603,170.90"
39110,4,0,1,34,2,2018,0,0,7078,271,1,"$3,915,015.80"
54484,7,1,0,21,8,1996,1,1,8337,237,1,"$5,453,182.60"
88828,4,0,1,77,10,2014,0,1,5454,104,1,"$8,887,849.40"
37875,2,0,1,53,3,2016,0,1,7366,799,0,"$3,791,076.60"
33709,1,1,1,7,5,1997,0,0,3797,461,0,"$3,378,877.70"
4574,5,1,1,77,4,2012,1,0,1264,506,0,"$463,922.20"
38713,4,1,1,91,4,2008,1,1,7187,722,0,"$3,888,712.80"
48796,6,0,1,3,7,1998,1,1,7803,681,1,"$4,884,112.80"
98350,4,1,1,96,5,2002,0,0,8127,178,0,"$9,843,345.20"
5675,3,1,0,43,9,1994,1,0,5183,436,1,"$570,150.40"
13079,3,0,1,11,5,2011,0,1,4724,271,0,"$1,312,452.10"
80282,5,1,0,37,2,2014,0,1,9027,338,0,"$8,034,878.40"
27842,1,1,1,59,9,2001,1,0,5026,941,0,"$2,797,107.10"
94351,4,1,0,62,1,2018,0,1,7032,950,0,"$9,442,916.80"
12903,10,1,0,65,2,2005,0,1,1905,808,1,"$1,297,674.50"
85474,7,1,0,37,7,2018,0,1,204,639,0,"$8,552,671.80"
48033,9,1,0,1,6,1994,0,1,7386,805,0,"$4,807,525.40"
13344,6,0,0,100,1,1991,1,1,9044,512,0,"$1,342,649.10"
86663,8,0,0,79,2,2002,0,0,7018,917,1,"$8,667,440.20"
22387,1,1,0,24,6,1998,0,0,6028,364,1,"$2,243,743.80"
44247,7,0,0,55,2,1992,1,0,5885,609,0,"$4,426,084.20"
35226,9,1,0,94,2,2012,1,0,5959,222,0,"$3,527,233.20"
70293,6,0,1,80,1,2011,1,0,395,829,1,"$7,035,614.10"
94396,9,0,1,10,4,1994,1,0,185,695,1,"$9,443,018.40"
69665,8,1,1,3,6,2009,1,0,4784,329,1,"$6,972,179.90"
14948,3,0,1,92,4,1991,1,1,7167,807,0,"$1,505,852.10"
82610,9,1,0,36,7,2001,1,1,5594,210,1,"$8,265,361.10"
89173,10,0,1,22,5,2009,1,1,512,254,1,"$8,921,642.90"
48805,5,0,0,81,8,1992,1,1,1803,451,1,"$4,888,277.20"
50077,3,0,0,72,10,2016,1,1,914,222,1,"$5,009,343.60"
32616,1,0,1,37,1,2003,1,0,2795,888,1,"$3,266,801.30"
2750,3,1,1,51,1,2018,1,0,7584,158,1,"$287,478.80"
27532,3,1,1,42,10,2016,1,1,484,270,1,"$2,763,972.60"
44924,6,0,0,4,4,2000,1,1,8114,810,0,"$4,493,620.00"
23378,6,1,1,9,2,1996,0,1,6280,904,0,"$2,344,668.60"
64441,1,1,0,1,10,2001,1,0,8118,690,1,"$6,448,195.10"
74760,6,1,1,18,8,2011,1,1,6469,668,0,"$7,486,764.10"
70794,1,0,1,25,10,2004,0,0,6171,694,1,"$7,084,340.40"
44528,4,1,0,11,5,2015,1,0,4489,962,1,"$4,457,099.50"
58628,3,1,0,20,1,2001,1,1,5168,783,0,"$5,868,912.10"
45692,8,0,0,77,10,2021,1,1,145,159,0,"$4,572,466.10"
67417,9,0,0,67,2,1990,1,0,1335,815,1,"$6,743,688.00"
68731,5,1,1,41,3,2015,1,0,7409,590,0,"$6,879,026.50"
81573,7,1,0,74,6,1996,1,0,6858,294,1,"$8,164,179.60"
15859,5,0,0,72,3,1998,0,1,6085,522,0,"$1,591,965.80"
34071,4,1,0,89,1,2005,0,0,3718,771,1,"$3,416,473.50"
82131,2,1,1,73,7,2002,1,1,1908,714,0,"$8,222,305.20"
2695,4,1,0,55,6,2006,0,1,3740,560,1,"$275,276.60"
51891,8,0,0,1,10,2018,0,0,9341,731,1,"$5,189,836.80"
82469,1,1,0,66,6,2009,1,0,7623,186,1,"$8,252,420.90"
31785,8,1,1,4,2,1996,1,0,7364,491,0,"$3,187,741.60"
81147,4,0,1,80,3,2006,1,0,823,928,1,"$8,119,401.60"
13024,1,1,1,37,10,2017,0,0,4288,404,0,"$1,309,075.70"
35160,6,1,1,86,4,2004,1,1,461,953,0,"$3,527,556.40"
56284,1,1,0,5,10,2019,0,0,2349,372,0,"$5,632,964.90"
1095,5,0,0,52,1,2003,1,1,9343,315,1,"$112,264.30"
60250,3,1,0,16,1,2019,1,1,8429,149,1,"$6,031,090.90"
49114,2,1,1,12,5,1995,0,1,8550,272,0,"$4,919,199.50"
66289,10,1,1,14,5,2000,1,0,9744,890,0,"$6,635,346.00"
62940,2,0,0,90,6,2001,1,1,1900,227,1,"$6,299,150.10"
90220,1,0,0,62,10,1994,1,1,3353,207,0,"$9,025,281.40"
13984,10,0,1,54,10,2002,0,0,308,660,0,"$1,402,812.20"
27961,5,0,0,17,6,2009,0,0,7187,712,1,"$2,797,091.90"
90626,8,0,0,10,10,2007,1,1,4768,921,1,"$9,064,610.70"
59735,3,0,1,77,6,2009,0,0,5944,933,0,"$5,984,019.90"
75841,2,0,1,96,10,1996,0,1,9801,850,1,"$7,594,188.60"
15417,4,0,0,95,8,1992,0,0,3223,255,0,"$1,549,279.20"
41381,8,0,1,42,6,2016,0,0,7020,289,0,"$4,142,103.60"
45301,6,1,0,44,5,2001,0,0,7672,525,0,"$4,535,094.10"
8305,1,0,0,55,9,2014,1,0,4961,561,0,"$832,871.40"
39032,8,0,1,28,2,2018,0,1,7764,262,0,"$3,907,832.80"
36223,5,0,1,21,6,1998,1,1,5211,823,1,"$3,627,823.80"
6127,7,1,0,77,2,2013,0,1,8266,217,1,"$620,272.30"
42903,6,0,0,59,5,1991,1,1,4733,765,1,"$4,295,529.10"
18485,9,1,0,93,2,2019,1,0,7715,363,0,"$1,853,308.90"
71296,8,0,0,40,1,2003,1,1,3201,953,0,"$7,132,660.30"
33296,3,1,0,88,7,1998,1,0,8096,150,1,"$3,335,730.80"
63259,2,0,1,25,4,2011,0,0,6792,281,0,"$6,330,378.10"
28584,4,1,1,29,2,1993,0,0,3149,190,1,"$2,865,308.30"
88258,1,1,1,3,2,2005,0,1,559,650,0,"$8,833,655.50"
83639,5,1,1,49,10,2006,0,1,2420,830,0,"$8,374,057.60"
51721,7,0,1,43,4,2002,0,0,1583,883,0,"$5,175,060.20"
90253,1,0,0,14,5,1991,1,0,1105,576,0,"$9,026,845.10"
26659,9,0,0,15,9,2021,0,1,2049,155,1,"$2,668,012.10"
99985,10,0,0,77,5,2003,0,1,3025,354,1,"$10,004,278.30"
61235,5,0,1,36,3,1990,1,0,4099,929,1,"$6,128,731.00"
31451,1,1,0,37,3,1995,1,1,3103,311,0,"$3,153,350.50"
14366,9,1,1,15,9,2009,1,1,5596,230,1,"$1,442,920.90"
96237,10,1,1,32,4,2015,1,0,3692,181,1,"$9,631,795.50"
51391,1,0,1,73,3,2008,0,1,3336,223,0,"$5,145,855.80"
61448,4,0,0,52,4,2011,0,1,4170,888,1,"$6,148,309.10"
16789,8,0,0,42,5,1990,1,0,6329,900,1,"$1,681,437.00"
67527,6,1,0,57,7,2005,0,0,4421,417,1,"$6,758,641.50"
86472,10,0,1,72,9,2007,0,0,9033,518,0,"$8,649,820.70"
45521,5,1,0,12,3,2009,1,1,4128,588,1,"$4,558,227.90"
23782,6,1,1,74,8,1994,1,1,6830,158,1,"$2,385,528.40"
36704,4,1,1,100,1,2007,0,0,1014,933,0,"$3,682,620.70"
59718,9,1,1,91,5,2008,1,0,6400,141,0,"$5,984,334.80"
88548,9,1,1,3,1,1992,0,0,5585,365,0,"$8,861,525.20"
91270,10,1,1,86,2,1999,1,1,7262,299,0,"$9,143,432.90"
71414,8,0,0,57,2,2000,0,1,8835,939,0,"$7,143,211.00"
65653,10,1,0,86,1,2002,0,0,2341,439,1,"$6,571,168.20"
62770,4,0,0,65,7,1998,0,0,6143,161,0,"$6,279,209.80"
88346,10,0,0,66,9,2007,1,1,6444,682,0,"$8,837,282.70"
48817,7,1,1,89,8,2000,1,0,6840,171,1,"$4,888,333.00"
59213,7,1,0,60,9,2001,0,0,100,957,1,"$5,929,279.10"
65160,6,0,1,5,9,2006,0,1,3868,833,0,"$6,519,621.60"
86045,4,0,0,14,7,2021,1,1,4118,554,1,"$8,605,790.10"
6820,10,1,1,86,1,2001,1,1,4589,237,1,"$692,421.10"
33704,2,0,1,47,5,1996,0,1,1402,691,0,"$3,375,891.60"
10460,3,1,0,85,6,2020,0,1,5902,815,1,"$1,049,039.00"
92256,9,0,1,35,1,2014,0,1,8875,582,0,"$9,231,273.40"
85490,3,0,0,70,7,1993,1,0,1837,678,1,"$8,554,109.30"
74012,9,1,0,99,7,1998,0,0,7666,298,0,"$7,410,308.80"
53155,3,1,0,82,2,2007,1,1,8138,902,1,"$5,324,888.70"
41573,4,1,1,36,8,2016,0,0,7331,445,0,"$4,165,283.60"
46413,6,1,1,18,4,2002,1,0,1579,361,0,"$4,652,547.20"
99932,3,0,0,14,8,1994,0,0,8592,388,1,"$9,994,093.40"
47715,5,0,0,93,6,1992,0,0,3291,698,1,"$4,772,829.20"
41565,3,0,1,37,3,2021,1,1,1751,180,1,"$4,164,038.10"
98213,5,1,0,38,4,1995,1,0,1490,760,0,"$9,829,274.50"
79435,1,1,0,42,7,2015,0,0,2238,655,1,"$7,952,569.50"
9517,5,0,0,29,5,2018,1,1,7731,636,0,"$953,039.80"
5329,5,0,0,58,9,1994,0,1,2706,239,0,"$539,067.40"
79988,7,1,0,79,9,2019,0,0,5860,513,0,"$8,007,659.90"
34800,7,1,1,84,7,2003,1,1,5701,323,0,"$3,489,284.30"
40505,7,1,0,51,4,2013,1,0,514,173,1,"$4,056,422.30"
22034,1,0,0,76,3,2004,1,0,5160,739,0,"$2,208,860.40"
15610,1,0,0,26,6,2009,0,1,4716,749,1,"$1,563,268.90"
10175,9,0,0,79,3,2013,0,0,371,881,0,"$1,021,635.30"
51528,1,0,0,11,2,1999,0,0,1149,861,1,"$5,153,572.90"
76014,4,1,0,98,3,1995,0,0,8372,809,1,"$7,606,246.50"
3048,6,1,0,68,3,1996,1,1,4581,208,0,"$313,086.60"
9035,6,1,0,2,8,2006,1,0,3865,508,1,"$907,584.60"
43501,9,1,1,84,9,2000,0,1,6972,350,0,"$4,361,707.00"
14865,10,1,0,9,9,1999,1,1,294,106,0,"$1,492,518.90"
74409,10,1,1,83,5,2014,1,1,8003,976,1,"$7,452,174.40"
97863,8,1,0,38,8,1992,1,1,1887,321,1,"$9,794,827.20"
68115,7,0,0,20,7,2014,0,0,5506,542,1,"$6,812,481.40"
51107,2,1,0,96,8,1996,0,0,3856,331,1,"$5,123,101.60"
55804,9,0,1,100,9,2021,1,0,5922,779,1,"$5,594,137.10"
49431,6,0,0,96,9,2003,1,1,5637,644,1,"$4,950,904.30"
42385,1,0,1,80,6,1996,1,0,7301,312,1,"$4,244,666.60"
36569,7,0,0,25,10,1992,0,1,909,772,0,"$3,658,624.20"
82006,4,1,0,61,6,2015,0,0,732,143,1,"$8,204,443.50"
31241,2,1,1,52,2,1997,1,0,2726,858,0,"$3,131,372.70"
65531,9,1,1,35,10,2014,1,1,4998,603,0,"$6,565,552.40"
87886,2,0,1,82,9,1996,0,1,6081,470,1,"$8,796,722.60"
21792,7,1,0,64,2,1991,1,1,7975,343,0,"$2,182,502.10"
20175,7,1,0,8,10,2021,1,0,3148,765,0,"$2,022,153.10"
72871,9,1,1,85,6,2008,1,0,4451,217,1,"$7,292,041.80"
47582,3,1,1,77,5,2017,0,0,8450,797,0,"$4,771,608.70"
63961,6,1,1,71,10,2002,0,0,2228,951,1,"$6,404,321.20"
40816,7,0,1,86,9,2014,1,1,7170,692,0,"$4,088,073.40"
27899,2,1,1,64,2,1998,1,0,2211,330,1,"$2,799,475.80"
74571,8,1,0,42,7,1998,0,1,3709,918,1,"$7,462,659.80"
71469,5,1,0,28,5,2020,0,0,7204,170,0,"$7,154,294.00"
94313,9,0,0,86,3,2021,1,1,1627,736,0,"$9,433,714.10"
34511,2,0,1,24,8,2006,0,0,7688,822,1,"$3,453,372.60"
56999,8,1,1,65,5,2017,0,1,1551,186,1,"$5,709,030.70"
23450,4,1,0,83,2,2013,1,1,1633,727,1,"$2,351,048.30"
43001,4,1,0,85,3,1997,1,1,3147,723,1,"$4,311,748.70"
48825,9,0,0,25,4,2000,1,0,7897,354,0,"$4,884,350.00"
15728,4,1,1,91,1,1990,0,1,3750,997,0,"$1,582,527.00"
4840,3,0,1,32,3,1993,1,1,5351,650,1,"$490,232.30"
79603,1,0,0,53,1,2011,0,0,6538,299,1,"$7,964,199.10"
26328,7,1,1,8,5,2009,1,0,5098,375,0,"$2,639,712.90"
93656,9,0,1,34,7,1997,1,1,9808,156,0,"$9,372,651.70"
16771,8,1,0,18,7,2014,0,1,995,884,1,"$1,682,658.40"
35285,9,1,0,59,3,2018,0,0,184,209,0,"$3,533,836.80"
50747,5,0,0,36,5,1991,0,0,685,761,1,"$5,078,303.10"
28452,3,0,0,72,8,2007,0,0,4152,719,0,"$2,849,892.70"
97763,5,0,1,98,4,2004,0,1,303,363,1,"$9,781,005.40"
75461,2,1,1,77,3,1991,1,1,9854,508,0,"$7,556,204.10"
50931,10,1,0,79,6,2008,0,0,1622,859,1,"$5,101,339.80"
83028,7,1,1,71,2,2015,0,0,1837,384,0,"$8,314,727.50"
86084,9,0,1,44,6,2012,1,1,9379,958,0,"$8,611,089.20"
99506,1,1,0,62,1,2019,0,1,6320,380,1,"$9,956,712.90"
87669,2,1,0,11,4,2008,0,0,4876,138,0,"$8,770,848.80"
16971,3,0,1,35,3,2014,1,0,1873,744,0,"$1,705,102.40"
16856,8,0,1,92,9,2003,0,1,6482,266,1,"$1,698,227.30"
92853,2,0,1,50,5,2005,0,0,6201,528,1,"$9,292,239.50"
58332,8,1,1,74,9,2006,0,0,102,668,1,"$5,848,290.60"
46219,10,1,0,88,9,2012,1,1,4624,444,0,"$4,631,239.20"
4780,2,1,0,93,9,1993,1,1,4292,528,1,"$485,037.30"
75095,5,1,1,18,5,1999,1,1,7986,103,1,"$7,513,525.90"
19796,5,1,0,30,2,2005,1,0,9160,745,1,"$1,984,461.50"
41867,4,1,1,65,7,2014,0,0,9906,769,1,"$4,199,195.40"
46187,6,0,1,82,7,1998,1,0,3100,271,0,"$4,630,712.80"
7631,7,0,1,33,4,2019,1,1,9516,564,1,"$769,449.90"
50384,3,0,1,23,7,2005,1,0,1349,145,0,"$5,041,905.50"
2041,10,0,1,34,5,2014,0,1,5580,690,0,"$210,233.40"
19606,9,0,0,23,7,2014,1,1,7491,327,1,"$1,961,926.40"
77646,1,0,1,25,7,2016,0,0,7862,606,1,"$7,770,073.60"
79401,7,0,0,73,5,1996,1,0,6739,681,0,"$7,941,702.60"
79380,9,0,1,50,9,2004,0,1,9140,280,1,"$7,943,681.40"
77337,5,0,0,68,4,1991,0,0,6260,287,0,"$7,739,167.10"
30551,5,0,1,68,10,2009,0,0,4792,853,0,"$3,063,018.90"
9758,6,0,0,4,9,1994,1,0,5511,454,1,"$976,405.40"
71370,7,0,1,16,10,2013,1,0,9602,969,0,"$7,139,541.30"
42167,1,0,0,99,6,2020,0,1,5838,398,1,"$4,223,638.00"
68826,7,0,0,21,2,2010,1,1,3126,675,1,"$6,884,918.00"
9529,5,0,1,41,4,2019,0,1,9342,247,1,"$959,254.90"
40869,6,0,1,81,6,2005,0,1,9403,294,1,"$4,094,441.50"
58938,10,1,1,64,4,1996,0,0,5690,738,0,"$5,905,161.60"
58528,8,0,1,50,1,2000,0,0,1886,444,0,"$5,855,444.00"
18491,2,1,1,10,5,1997,0,1,8154,699,0,"$1,854,892.70"
28739,10,0,0,44,10,1990,1,1,4836,620,1,"$2,878,087.00"
8242,5,1,1,76,8,2003,1,1,1941,385,1,"$841,275.30"
72120,3,1,0,14,3,2015,0,1,1204,402,1,"$7,218,350.50"
70274,6,1,1,32,10,1997,1,0,5016,367,0,"$7,032,807.70"
34477,6,1,1,17,8,2001,0,0,6183,771,1,"$3,453,950.10"
78088,10,0,0,6,4,1994,0,0,5869,248,1,"$7,809,475.40"
46899,9,1,1,13,4,1996,0,1,3837,684,1,"$4,698,499.60"
34428,5,1,0,64,5,2002,1,0,402,696,0,"$3,450,922.20"
28168,4,1,0,93,1,2019,1,0,5014,100,1,"$2,831,367.90"
61839,4,1,1,9,9,2009,0,0,1392,555,1,"$6,189,722.90"
31657,3,0,0,2,9,1996,0,0,3710,151,0,"$3,166,331.60"
43717,4,0,0,99,7,2002,0,1,4893,342,1,"$4,381,556.20"
54715,4,0,0,38,4,1997,0,1,5908,776,0,"$5,472,607.70"
23623,1,1,0,21,9,1997,0,1,3751,103,0,"$2,368,635.70"
23759,8,0,0,56,5,1996,0,1,8103,408,0,"$2,380,283.60"
25275,7,1,1,4,4,2021,0,1,8279,271,0,"$2,531,559.10"
13323,5,1,1,32,2,2019,0,0,9918,124,1,"$1,344,350.90"
87763,3,0,0,11,3,2014,0,0,7043,536,1,"$8,777,041.40"
2905,10,1,1,51,5,2018,1,0,5801,897,1,"$301,329.80"
8403,8,0,1,47,3,1994,0,0,1987,365,0,"$847,532.40"
79594,5,0,0,60,2,2007,1,1,7192,129,0,"$7,962,250.70"
19773,1,0,1,39,2,1998,1,0,3725,673,0,"$1,982,544.80"
41110,3,0,0,97,7,2005,0,1,3861,599,0,"$4,116,694.50"
55660,4,1,1,26,5,2021,1,1,5395,335,0,"$5,576,601.10"
6051,3,1,0,44,10,2014,1,1,8621,950,1,"$610,578.40"
22907,10,0,1,1,5,2017,1,0,4614,852,1,"$2,296,157.70"
58679,8,1,0,46,5,2011,1,1,3599,795,0,"$5,874,828.10"
55023,10,1,1,5,9,2010,1,0,9692,610,0,"$5,510,997.00"
51124,4,0,0,26,5,2018,0,0,7199,740,0,"$5,114,003.80"
97422,2,0,0,17,8,1996,1,1,2828,422,0,"$9,744,055.60"
66057,8,0,1,48,3,2013,1,0,7500,125,1,"$6,615,509.30"
81319,9,0,1,39,9,2010,1,0,4826,690,0,"$8,139,384.00"
12492,10,1,1,58,1,1997,1,0,7229,106,1,"$1,264,869.70"
86634,9,0,0,84,8,2019,1,0,3654,370,0,"$8,666,233.90"
23073,3,0,0,43,4,2001,1,0,5481,942,1,"$2,309,877.10"
99171,9,0,0,86,2,2020,1,0,6680,296,1,"$9,924,776.00"
81458,2,1,0,22,6,1992,0,0,5742,984,1,"$8,151,151.20"
92661,4,1,1,50,6,2021,1,0,831,390,1,"$9,276,448.10"
43026,3,0,1,53,7,1992,1,0,5946,204,0,"$4,305,570.20"
20259,4,0,0,66,4,2018,1,1,8026,392,0,"$2,028,945.80"
60589,4,1,0,44,7,2013,0,0,812,818,1,"$6,062,827.30"
27328,2,1,0,98,5,2012,1,1,4292,943,1,"$2,739,562.20"
88399,5,1,0,15,9,2006,1,1,6762,974,1,"$8,845,285.60"
90474,6,0,0,48,5,1996,0,0,3951,864,1,"$9,048,417.60"
11062,3,0,1,95,2,2019,1,0,3872,250,0,"$1,116,815.90"
6639,4,1,1,29,2,2004,0,0,2538,252,0,"$670,298.40"
98731,8,1,1,49,7,1995,0,0,1222,201,1,"$9,883,764.50"
94556,10,1,1,17,7,2010,1,0,7571,782,1,"$9,461,299.00"
25681,5,1,0,15,7,2019,1,0,4757,515,0,"$2,572,151.90"
76347,2,0,1,13,6,2015,0,0,2560,239,0,"$7,639,752.50"
56609,3,1,0,25,9,1992,1,0,7747,308,1,"$5,665,792.20"
28825,4,0,0,35,4,1991,0,1,9767,144,1,"$2,886,304.10"
78018,6,1,0,14,9,1992,1,0,4892,109,1,"$7,806,848.20"
87873,7,0,1,50,7,2017,0,0,1769,381,1,"$8,793,354.70"
69080,10,0,0,28,6,1994,0,1,7755,303,0,"$6,911,181.40"
14945,4,1,1,3,9,2015,0,0,6989,678,0,"$1,501,436.50"
95312,2,0,0,88,8,1995,0,0,9960,812,0,"$9,536,803.50"
15167,6,0,1,83,6,2006,1,0,6764,225,1,"$1,525,393.60"
89775,1,1,1,9,1,1997,1,0,3023,170,0,"$8,983,705.70"
44718,3,0,0,67,2,2008,0,1,2915,113,1,"$4,478,514.80"
68339,3,0,1,86,9,2003,1,0,5303,129,1,"$6,839,127.30"
52532,1,0,1,13,6,2005,1,1,7799,202,1,"$5,256,504.50"
4882,4,0,0,56,1,2017,1,1,2617,803,0,"$491,123.70"
78852,10,1,1,60,3,2009,1,0,5461,986,0,"$7,896,437.90"
48214,7,0,0,30,1,2013,1,0,5443,699,0,"$4,823,541.30"
90764,1,0,1,74,9,2000,0,0,4366,581,1,"$9,082,052.00"
90957,9,0,1,79,10,2003,0,1,4806,920,0,"$9,099,516.30"
15348,10,0,0,42,6,2008,1,1,6784,978,1,"$1,538,968.80"
75112,1,1,0,58,3,2004,0,1,4963,147,1,"$7,516,112.40"
50664,4,1,0,46,7,1996,1,0,2863,465,0,"$5,075,617.60"
93176,7,0,1,50,2,2002,0,0,3184,256,1,"$9,325,657.20"
14194,7,1,1,33,7,2003,0,1,9140,328,1,"$1,429,956.30"
79133,1,1,1,84,9,2013,1,1,9486,691,1,"$7,919,804.30"
25954,7,0,1,91,1,2007,0,1,1700,758,0,"$2,606,155.70"
88639,6,1,0,28,4,1998,0,0,5867,141,0,"$8,869,723.80"
60513,4,0,1,66,7,2004,1,0,8616,479,1,"$6,056,822.40"
66759,5,0,0,93,9,2006,1,1,8275,860,0,"$6,680,456.60"
7392,3,1,0,52,6,1997,0,0,4996,767,0,"$745,873.70"
87718,9,1,1,2,10,1992,0,0,8970,911,0,"$8,779,276.20"
87111,4,1,0,79,5,2004,1,0,9576,368,0,"$8,721,856.40"
37340,4,0,1,7,8,2013,0,1,7746,687,1,"$3,737,836.30"
70062,1,1,1,100,9,2018,1,0,6185,674,0,"$7,019,332.80"
18441,6,1,0,24,2,2003,0,0,8764,875,1,"$1,849,321.30"
51650,5,0,1,97,1,2020,0,0,2207,991,1,"$5,173,330.00"
19686,3,1,0,76,10,2009,1,0,4913,614,1,"$1,975,347.90"
3796,10,0,0,7,1,2019,0,0,3992,563,0,"$380,273.90"
50148,6,0,1,94,2,2019,1,1,2053,431,0,"$5,027,305.90"
24628,1,0,1,74,7,1998,0,1,9241,505,1,"$2,469,754.80"
38936,3,0,0,91,8,1995,0,1,7869,253,1,"$3,898,567.50"
55059,3,0,1,32,6,1998,1,0,9156,458,0,"$5,512,765.80"
99372,2,1,1,94,7,2008,0,0,3152,212,0,"$9,949,480.80"
59728,4,1,1,44,7,1991,1,1,2957,523,0,"$5,982,206.10"
18795,8,1,1,70,6,1998,0,0,111,253,1,"$1,889,475.80"
9641,10,0,1,58,3,2006,0,1,5217,682,1,"$972,497.60"
54050,6,0,1,55,6,2019,0,1,9818,992,1,"$5,411,419.90"
71195,3,1,0,45,6,2017,0,1,4221,962,1,"$7,126,909.70"
38758,6,1,0,13,10,2001,0,0,7089,429,1,"$3,879,708.10"
56577,6,0,0,71,1,1992,1,0,5315,498,1,"$5,663,240.20"
94122,3,0,0,77,4,2009,1,1,6278,154,1,"$9,414,686.90"
65062,4,0,0,46,9,2000,0,0,6233,236,1,"$6,507,002.00"
44317,8,0,1,78,3,2006,1,1,2182,150,0,"$4,440,293.60"
58304,2,0,1,13,6,1996,0,0,2895,158,1,"$5,836,868.60"
52169,7,1,1,47,7,1997,1,1,2308,222,1,"$5,223,905.70"
98856,1,1,1,78,4,2020,1,0,3715,187,1,"$9,898,436.00"
85462,9,0,1,95,1,2006,0,0,4068,704,0,"$8,554,218.60"
51703,4,0,1,83,4,2000,1,0,3197,835,1,"$5,179,465.00"
8021,5,1,1,41,3,2016,0,1,8673,804,0,"$811,991.60"
30415,9,0,1,66,4,1995,1,1,4855,624,0,"$3,047,736.50"
82377,5,0,1,66,8,2004,0,1,7891,931,1,"$8,241,348.40"
5135,8,0,1,26,8,2010,0,0,4010,597,1,"$517,460.00"
57738,8,0,1,7,9,2001,1,0,3799,120,0,"$5,777,659.10"
8108,3,1,0,82,7,1992,0,1,4387,570,1,"$821,804.20"
75489,8,1,1,12,8,1996,1,0,7521,270,1,"$7,556,389.60"
71332,2,1,0,62,2,1995,1,0,644,676,0,"$7,141,075.50"
34827,9,0,0,81,5,2017,0,0,9540,946,0,"$3,489,107.70"
97586,1,0,1,19,10,2015,0,1,2516,213,1,"$9,763,040.50"
81070,9,1,0,93,7,1999,1,0,8146,608,0,"$8,114,602.90"
64963,8,0,1,57,7,1996,0,0,4626,587,1,"$6,502,097.60"
23417,8,1,1,36,4,2000,0,1,9900,523,0,"$2,346,324.00"
16576,6,0,1,94,6,1996,0,1,8562,509,0,"$1,667,807.60"
75520,10,1,1,23,5,2002,0,1,8561,765,0,"$7,559,921.20"
70420,8,1,0,64,1,2009,0,0,9102,181,0,"$7,049,805.90"
78694,2,1,1,99,10,2016,1,1,3695,956,0,"$7,886,042.60"
26681,5,1,0,21,9,1994,0,1,9173,652,0,"$2,675,051.40"
10902,6,1,0,29,5,1996,1,1,817,582,0,"$1,096,338.60"
84952,8,0,0,85,10,2018,0,0,448,241,0,"$8,503,506.80"
67972,5,1,1,21,6,2010,1,0,5459,940,0,"$6,804,439.00"
44002,9,1,0,36,6,2017,0,1,2221,385,1,"$4,406,097.70"
51539,4,0,0,69,1,1996,0,0,3926,800,0,"$5,155,289.60"
41702,4,0,0,6,6,2014,1,1,8785,873,0,"$4,171,457.40"
87159,8,1,0,6,2,1998,0,1,6669,699,1,"$8,721,274.80"
77304,9,1,1,90,3,1999,0,0,928,871,1,"$7,741,198.90"
50168,6,1,0,41,8,2003,1,1,7505,303,0,"$5,022,293.30"
96656,7,0,0,3,2,2021,1,0,5453,905,0,"$9,666,332.10"
85768,1,1,0,68,5,2001,0,0,3534,509,0,"$8,585,566.10"
76707,6,1,1,37,4,2017,1,0,5908,463,1,"$7,680,085.70"
10359,1,1,1,3,5,1990,0,1,9457,969,0,"$1,041,647.00"
3160,1,1,0,92,10,2003,0,0,4243,876,0,"$322,507.30"
83015,9,0,1,56,10,2006,1,1,9423,500,1,"$8,310,321.60"
13659,10,0,1,100,9,2015,1,0,5179,793,0,"$1,373,742.50"
62751,1,0,1,92,4,2015,0,0,6432,959,0,"$6,284,421.50"
63354,5,1,0,26,5,2019,0,0,6477,497,1,"$6,339,390.90"
26486,2,0,1,9,10,2021,0,1,5980,872,1,"$2,654,347.10"
58029,8,0,0,45,4,1997,0,0,9718,1000,0,"$5,806,004.70"
18022,9,1,0,10,1,2012,1,1,361,398,1,"$1,805,173.20"
31005,5,0,0,6,2,2018,1,1,3184,763,1,"$3,101,945.80"
4794,10,1,1,31,8,1998,0,0,4966,170,1,"$484,773.80"
90763,5,0,1,38,9,2014,0,0,502,646,1,"$9,079,021.40"
21272,10,0,0,91,2,2004,0,1,542,303,1,"$2,133,856.40"
53895,6,0,0,21,2,1992,0,1,8207,969,0,"$5,391,102.20"
7113,4,1,1,68,1,2014,1,0,1959,692,0,"$721,332.40"
55490,4,1,0,82,3,2018,1,1,4716,207,0,"$5,562,772.80"
91623,4,1,0,98,3,1993,0,0,384,737,0,"$9,175,404.30"
94081,5,0,1,75,5,2015,0,0,3111,912,0,"$9,411,954.50"
13176,1,1,1,30,2,2017,1,1,5805,326,0,"$1,326,496.70"
30587,4,1,1,33,4,2014,1,0,8852,704,1,"$3,068,624.40"
13019,8,1,0,95,9,2014,0,1,4170,743,1,"$1,305,988.40"
50578,7,1,1,97,8,1991,1,1,2729,614,0,"$5,070,180.10"
40364,10,0,1,63,4,2011,0,0,8580,264,0,"$4,043,483.10"
13851,7,0,0,22,1,2018,1,1,632,736,0,"$1,387,301.80"
96134,1,0,1,57,4,1999,0,0,7978,691,0,"$9,620,433.90"
32974,7,0,0,70,2,1995,0,1,4198,141,0,"$3,300,049.50"
65164,9,1,0,20,6,2015,0,0,9489,427,1,"$6,520,948.50"
44206,3,1,1,53,2,1999,0,1,701,331,1,"$4,430,871.90"
37717,9,1,1,34,3,1998,0,1,1872,620,0,"$3,779,961.80"
79724,3,0,0,88,6,1993,0,1,8522,223,1,"$7,974,507.30"
81055,2,1,1,90,7,1997,0,0,3885,987,0,"$8,117,507.70"
63297,5,0,1,23,10,1991,1,0,1777,525,1,"$6,336,856.10"
84392,7,1,1,41,9,2012,0,0,6183,242,1,"$8,446,849.20"
35894,8,0,1,73,3,1999,1,1,868,627,1,"$3,596,400.90"
48691,7,1,0,27,3,1991,0,0,9037,858,0,"$4,873,423.10"
35272,2,1,1,70,2,1993,0,1,4662,572,0,"$3,537,699.30"
24634,2,0,1,81,9,1991,0,1,4967,850,0,"$2,467,773.10"
63533,10,1,0,11,5,1996,1,0,205,222,1,"$6,356,386.60"
84288,8,0,1,6,5,1994,1,0,7310,489,1,"$8,431,708.40"
77271,10,0,1,39,9,2010,1,0,4050,403,0,"$7,734,866.00"
62556,2,1,1,38,5,2004,1,1,1851,302,0,"$6,265,865.40"
46903,9,0,0,78,1,2018,0,0,97,205,1,"$4,693,749.80"
47553,7,1,1,65,7,2020,1,1,8116,252,0,"$4,766,558.00"
63209,5,1,0,53,6,2017,0,1,1766,560,0,"$6,328,708.70"
7772,6,1,0,70,2,1999,0,0,7627,825,1,"$786,743.90"
22533,10,1,0,26,9,2019,1,0,9988,836,0,"$2,257,079.90"
17238,5,1,0,25,4,2017,1,1,7963,869,1,"$1,727,943.70"
8872,9,0,0,79,8,2020,1,1,2116,775,0,"$893,632.00"
49770,4,1,0,88,9,2000,1,0,5884,561,0,"$4,987,248.00"
28703,1,0,0,26,10,1999,1,1,7744,415,0,"$2,871,699.90"
45234,6,0,1,21,10,1997,1,1,3683,770,0,"$4,530,621.70"
95296,6,1,1,19,8,2006,1,1,4504,578,0,"$9,535,271.60"
83220,7,0,0,34,1,2001,0,1,3856,605,1,"$8,325,254.10"
2442,2,0,0,78,4,2019,0,0,464,510,0,"$248,869.90"
61905,5,1,1,76,4,2015,0,0,9730,712,1,"$6,200,309.50"
3951,4,1,1,66,5,2002,0,0,3990,287,1,"$407,002.20"
77963,9,0,0,77,2,2004,1,1,8924,582,0,"$7,801,793.40"
27947,9,0,1,26,5,2003,0,0,836,532,0,"$2,800,892.30"
22585,7,0,1,12,4,1991,1,1,1370,441,1,"$2,260,762.10"
64468,4,0,1,43,10,1998,1,0,6157,444,1,"$6,452,783.80"
54272,6,0,1,39,2,2012,1,1,9203,798,1,"$5,431,596.20"
1677,8,0,0,52,10,2001,1,0,8237,900,0,"$172,086.10"
88629,5,0,1,33,4,1997,1,1,4058,522,1,"$8,868,226.70"
62942,2,0,1,88,2,2015,1,1,5179,745,0,"$6,299,991.50"
96145,3,0,0,43,3,2007,0,1,5110,102,1,"$9,618,797.70"
54859,5,0,0,2,10,2013,0,1,6844,270,0,"$5,486,707.30"
32985,6,0,0,35,5,1995,1,0,9566,660,1,"$3,299,999.50"
99362,9,1,0,81,7,2018,0,0,7420,307,0,"$9,945,650.80"
25486,4,1,0,26,2,1998,1,1,9328,667,0,"$2,555,004.80"
28220,2,1,1,97,4,2011,1,0,8595,643,1,"$2,832,735.10"
63119,4,1,0,84,5,2020,0,1,3879,446,1,"$6,324,403.00"
7628,2,1,1,100,7,2011,0,1,4194,755,1,"$771,290.10"
7936,9,0,1,76,10,2004,1,1,7958,745,0,"$802,470.40"
23198,2,1,0,73,3,1999,0,0,871,473,1,"$2,326,468.90"
10683,9,0,0,50,6,2005,0,0,8178,195,0,"$1,071,100.50"
43402,8,1,0,7,4,1999,0,0,1073,436,0,"$4,344,251.90"
10683,9,1,0,3,5,2004,0,0,5487,934,0,"$1,072,185.40"
68577,9,1,0,22,7,2014,1,0,991,234,1,"$6,862,389.40"
14984,6,1,1,71,7,2007,0,1,5275,222,0,"$1,507,691.70"
27803,3,1,1,13,3,2015,0,0,1307,754,0,"$2,788,829.50"
92899,4,1,1,60,2,2004,0,0,1204,977,0,"$9,297,472.40"
64078,3,1,0,66,1,2006,1,0,8719,928,0,"$6,411,825.60"
25388,2,0,1,78,6,2010,0,0,7886,782,1,"$2,547,048.00"
97199,9,0,1,42,9,1997,1,0,4072,456,0,"$9,725,164.70"
53351,7,0,0,67,2,1996,1,0,5269,588,1,"$5,339,199.60"
74954,2,0,0,8,5,1991,1,1,2313,809,1,"$7,496,261.10"
90531,9,0,0,67,6,2001,0,0,4345,569,0,"$9,057,018.10"
40469,6,1,0,8,4,1997,0,0,1344,769,1,"$4,052,522.70"
65132,9,1,0,98,3,1992,0,0,8298,797,1,"$6,519,815.20"
93634,2,1,0,45,3,2005,0,0,8083,455,1,"$9,370,714.50"
56917,8,0,0,30,8,1997,1,1,655,173,1,"$5,694,889.70"
89869,2,1,0,36,7,2019,0,0,2675,719,1,"$8,994,067.90"
28748,6,0,1,35,2,2010,0,0,1623,283,1,"$2,880,426.00"
59643,4,1,1,83,9,1995,0,0,4636,450,1,"$5,976,883.50"
3951,5,1,1,28,9,2016,1,1,3539,909,1,"$404,207.60"
11813,5,0,1,74,5,2001,0,1,9983,453,0,"$1,189,156.10"
9773,10,1,0,34,5,2006,1,0,1284,857,0,"$981,494.60"
81875,10,1,1,18,3,1992,0,0,3437,202,0,"$8,192,107.20"
76669,9,0,1,3,1,2001,1,0,7113,294,1,"$7,670,105.10"
35962,9,0,1,41,10,1996,1,0,6537,933,0,"$3,601,900.60"
63382,6,1,1,55,1,2000,0,1,2872,565,0,"$6,351,347.00"
82984,10,0,0,2,10,1996,0,0,3488,948,0,"$8,298,997.60"
56004,8,0,0,46,7,2016,1,0,809,408,1,"$5,605,555.60"
29835,4,0,1,97,5,1995,1,1,9892,431,1,"$2,995,285.50"
2033,7,1,0,57,5,2002,0,0,7044,992,0,"$207,490.20"
50306,8,1,1,95,7,2012,0,0,6762,388,1,"$5,042,108.20"
9698,4,0,1,23,7,2020,1,1,2257,383,0,"$972,465.00"
33795,6,1,1,78,2,2004,0,0,978,895,0,"$3,390,988.40"
23841,2,0,0,55,5,1994,1,0,1416,620,0,"$2,385,994.40"
91701,8,1,0,52,3,2004,1,0,657,362,1,"$9,174,276.40"
1658,8,0,1,21,2,1990,1,0,28,691,0,"$168,970.00"
13868,10,1,1,2,8,1998,1,0,8544,529,0,"$1,390,606.80"
61403,6,0,0,56,3,1994,0,1,9378,737,0,"$6,146,343.40"
79563,4,1,1,5,2,2010,1,0,9728,802,1,"$7,964,408.00"
18874,4,1,1,54,9,2009,1,1,4160,229,1,"$1,893,891.90"
83945,9,0,0,86,2,1994,1,1,6350,266,0,"$8,400,215.40"
18183,5,0,1,24,4,2000,1,0,8089,347,0,"$1,823,516.00"
19645,9,0,0,99,4,2019,0,0,9086,653,1,"$1,971,089.90"
51744,9,1,1,20,2,1997,1,1,3892,861,1,"$5,181,732.70"
24859,10,1,0,60,4,2013,0,0,4836,311,1,"$2,492,272.30"
10478,1,1,1,2,5,2011,0,1,6112,765,0,"$1,055,816.10"
75788,6,1,0,21,6,1995,1,0,5336,634,0,"$7,585,467.50"
61361,3,0,0,39,2,1992,0,1,5144,703,0,"$6,138,782.20"
77283,1,0,1,3,10,2016,1,1,5945,854,1,"$7,732,214.60"
88673,7,0,0,40,2,1990,0,1,669,607,1,"$8,871,019.00"
32510,6,0,0,54,8,2001,0,1,5674,216,1,"$3,256,418.10"
27333,8,0,0,72,6,2019,1,1,3682,980,0,"$2,735,397.90"
5853,2,0,1,95,5,1996,0,1,2243,269,0,"$592,333.60"
53842,2,0,0,9,4,2013,1,1,4689,935,0,"$5,385,104.30"
15662,4,1,0,28,9,2008,1,1,6439,791,1,"$1,573,827.80"
67103,10,1,1,64,8,1990,1,1,5682,225,1,"$6,716,138.00"
93906,2,0,1,91,9,2016,1,1,3561,864,0,"$9,400,748.60"
91857,1,0,0,32,1,2015,0,1,4522,243,1,"$9,188,779.50"
79132,3,0,1,3,3,2007,1,0,8871,765,1,"$7,918,754.70"
64213,4,0,0,32,4,1996,0,1,1217,167,1,"$6,422,841.60"
6486,8,1,0,89,1,2020,1,0,4674,952,0,"$656,911.00"
70768,5,1,0,11,2,2006,1,1,1470,897,0,"$7,081,550.60"
53869,4,1,1,58,7,1992,1,1,5770,500,1,"$5,395,151.20"
82557,6,1,1,85,8,2013,0,1,2948,697,0,"$8,262,789.30"
48107,1,1,0,31,3,2000,1,0,1223,883,1,"$4,815,768.00"
36934,3,1,0,75,9,2017,0,0,6069,832,0,"$3,700,225.70"
460,5,0,0,14,5,2016,1,1,3594,346,1,"$47,967.60"
38321,3,1,1,10,7,1998,1,0,8905,218,0,"$3,842,187.80"
84311,5,1,0,38,9,2004,0,1,4762,779,1,"$8,438,142.40"
17466,1,0,1,43,6,2021,0,0,3727,948,1,"$1,753,239.10"
24478,7,0,0,87,9,2004,0,1,5059,255,0,"$2,449,805.40"
34455,4,1,0,67,9,1993,1,1,6714,948,1,"$3,453,476.30"
18464,2,1,0,53,2,1996,1,0,1313,544,1,"$1,854,224.60"
38798,10,1,0,89,1,2012,1,0,5538,920,1,"$3,888,211.20"
55485,7,1,0,14,4,2013,1,0,8482,906,0,"$5,555,218.30"
5767,1,0,1,74,10,1996,0,1,3529,548,1,"$583,642.60"
36683,9,0,0,87,5,1996,0,1,772,439,1,"$3,676,170.60"
55850,8,0,0,11,10,2000,1,1,2498,770,1,"$5,586,343.00"
14871,10,0,0,97,10,2006,0,0,9782,937,1,"$1,491,001.60"
60861,9,1,0,65,5,2017,0,1,1595,715,0,"$6,095,914.70"
19219,8,0,1,11,10,1994,0,1,2900,383,0,"$1,926,624.40"
41700,4,1,0,7,6,1991,0,0,8181,728,1,"$4,175,901.10"
13296,2,1,1,5,5,1993,0,0,3129,968,1,"$1,336,777.30"
21479,8,1,1,75,5,1998,1,1,1373,409,0,"$2,157,779.80"
76699,5,1,0,89,1,1992,1,0,1791,229,0,"$7,678,118.20"
29755,2,1,1,62,3,2013,1,1,6779,286,0,"$2,981,844.30"
2121,7,1,0,61,10,2016,0,0,2378,863,1,"$218,834.60"
1956,9,0,0,27,7,2010,1,1,2790,655,0,"$196,856.00"
38470,7,1,1,42,8,2018,0,1,3625,995,0,"$3,857,901.80"
25963,10,1,1,14,9,2008,1,0,6824,790,0,"$2,606,507.80"
1314,10,0,1,4,5,2018,1,0,7658,113,0,"$133,536.80"
86046,1,1,1,12,9,2005,0,1,5664,653,1,"$8,610,597.50"
50550,6,0,1,49,8,1996,1,1,5305,533,0,"$5,060,805.60"
25594,5,0,1,41,4,1997,0,0,5269,652,0,"$2,564,288.70"
95011,8,0,0,44,4,2015,1,0,9565,477,1,"$9,504,611.50"
20470,3,0,0,10,7,2008,1,1,1395,818,1,"$2,048,310.80"
66041,1,1,0,16,5,2020,0,0,4459,147,0,"$6,607,179.00"
6192,1,1,1,38,7,2007,0,0,5557,221,0,"$626,148.70"
45524,6,1,0,34,6,1993,0,1,3579,199,0,"$4,557,896.30"
13767,9,0,0,49,7,2019,0,0,8936,472,0,"$1,380,386.90"
32769,9,0,1,34,5,2011,0,0,9745,866,0,"$3,283,212.10"
47831,7,1,0,29,1,2011,1,1,909,283,1,"$4,786,919.10"
58752,1,0,0,98,9,1997,0,1,9961,831,0,"$5,881,679.70"
92075,8,1,1,39,6,2005,1,0,3320,211,1,"$9,216,323.50"
91711,4,1,0,48,4,2020,1,0,1166,623,0,"$9,178,971.00"
56421,7,1,0,29,10,2008,0,0,3326,333,1,"$5,647,730.80"
23449,5,1,0,65,2,2017,1,1,7606,314,0,"$2,351,391.70"
78124,9,0,0,54,8,1998,0,0,5301,156,0,"$7,817,265.80"
70753,1,0,1,38,6,1991,1,1,5308,204,0,"$7,083,236.10"
50380,6,1,0,89,4,2013,0,0,3042,733,1,"$5,047,474.30"
86387,3,1,0,34,3,1998,0,0,2851,352,0,"$8,643,504.80"
18161,6,1,1,11,8,2015,0,1,3646,496,0,"$1,823,328.50"
41992,1,1,1,50,7,1996,0,1,8068,381,1,"$4,205,820.60"
56420,4,1,0,51,3,2001,0,1,6436,324,0,"$5,646,520.10"
78620,6,0,0,90,3,2019,1,0,4997,423,1,"$7,865,911.90"
10919,3,1,1,93,8,1994,0,0,1920,572,0,"$1,100,481.40"
64101,9,1,1,27,6,2013,1,0,782,552,1,"$6,415,461.30"
54200,1,0,1,11,6,1994,1,0,6003,305,0,"$5,422,645.40"
77260,9,1,1,50,2,1997,1,0,5726,663,0,"$7,733,589.70"
55015,7,0,1,1,9,2016,0,0,9244,509,1,"$5,502,830.60"
10212,1,1,1,40,8,2008,1,1,3333,914,1,"$1,032,298.80"
69055,7,1,0,52,3,1998,0,0,3397,212,1,"$6,913,685.80"
54369,7,1,1,66,4,2004,1,0,2331,561,0,"$5,444,916.40"
89338,6,0,0,27,4,2014,1,1,4154,739,1,"$8,936,753.40"
75363,6,0,1,40,2,2017,1,1,5623,489,1,"$7,542,240.70"
1565,2,0,1,1,4,2005,1,0,2062,946,1,"$160,603.50"
52568,10,1,1,82,2,2007,1,0,4409,621,0,"$5,267,684.70"
21833,3,0,0,80,4,2001,1,1,8801,953,0,"$2,185,600.10"
77654,2,1,1,41,6,2007,1,0,7929,455,1,"$7,773,631.70"
5537,3,0,1,77,6,2003,1,1,7331,748,1,"$563,383.30"
70596,8,1,0,75,4,2009,0,0,3847,516,1,"$7,065,331.90"
9947,4,0,0,86,2,2014,0,0,4152,624,0,"$997,753.40"
47757,6,0,0,81,1,1993,0,0,4370,455,1,"$4,777,071.30"
57044,8,0,1,22,5,2011,0,0,6910,536,1,"$5,710,088.10"
74139,1,1,0,18,3,1992,0,0,1076,257,1,"$7,417,297.20"
54043,8,1,0,46,8,1996,0,0,1611,101,1,"$5,408,152.60"
95549,10,1,1,3,1,2000,1,1,9714,987,1,"$9,560,988.00"
57662,2,1,0,30,1,1993,1,0,2683,742,1,"$5,773,073.30"
2671,6,1,0,42,10,2019,0,1,5868,288,1,"$272,272.90"
36417,2,1,1,85,8,2017,1,0,2209,688,1,"$3,652,839.70"
65583,6,0,0,59,8,2001,1,0,4577,665,0,"$6,562,118.10"
82927,4,0,1,54,1,1994,0,1,2275,784,1,"$8,299,669.40"
4733,9,0,0,24,2,2010,1,1,4343,749,1,"$474,915.00"
96943,4,0,1,68,9,2012,0,0,8094,600,1,"$9,705,501.20"
3814,9,1,0,20,4,2007,0,1,4221,149,1,"$386,744.70"
72959,5,0,0,59,10,2018,1,1,9490,319,1,"$7,297,849.80"
96594,2,0,0,72,10,2018,0,0,6970,544,0,"$9,660,809.80"
61073,1,1,0,77,3,1991,1,1,3484,319,1,"$6,110,676.10"
73888,10,1,1,60,9,2019,1,0,4631,660,0,"$7,403,575.90"
24150,6,1,1,57,3,2005,1,1,7994,216,1,"$2,427,187.50"
64949,4,1,1,50,2,2009,0,0,9415,642,0,"$6,502,211.90"
12179,6,0,1,65,9,1992,1,1,4646,796,0,"$1,224,992.20"
91725,1,0,0,100,9,1996,1,1,7284,265,1,"$9,175,749.60"
15415,5,0,1,84,10,2007,0,1,1439,410,1,"$1,547,708.70"
58576,7,1,1,91,5,2018,1,0,4552,876,1,"$5,866,480.80"
49140,1,1,0,97,4,2006,1,1,2904,955,1,"$4,924,574.60"
30397,5,1,1,99,5,2012,0,0,9688,565,1,"$3,055,190.20"
76846,2,0,0,19,9,2016,1,1,151,123,1,"$7,686,437.60"
72829,5,1,0,100,7,2008,0,0,7145,859,0,"$7,290,006.80"
62008,10,0,1,21,5,2015,1,0,8840,930,0,"$6,206,633.50"
153,2,0,1,88,1,2002,0,1,7704,468,1,"$22,499.20"
97952,6,1,1,20,5,2012,0,1,4471,684,0,"$9,802,960.20"
27729,2,0,1,38,5,1990,1,1,114,968,1,"$2,778,832.00"
17874,1,1,0,44,5,2018,0,0,6113,536,1,"$1,793,943.80"
21459,1,0,1,10,8,1999,0,0,8525,776,1,"$2,149,347.90"
73097,4,1,0,53,7,1991,1,1,5899,556,1,"$7,319,620.10"
83038,3,0,0,66,2,2011,0,0,7086,592,1,"$8,309,431.10"
49388,5,1,1,54,5,2009,0,1,9135,621,1,"$4,949,238.90"
40086,6,0,1,68,7,2000,0,1,7910,910,0,"$4,014,081.00"
75102,7,0,0,32,9,2012,0,0,2027,865,0,"$7,512,707.20"
21973,10,0,0,31,10,2015,0,0,9733,431,1,"$2,198,209.50"
4221,6,0,0,4,1,2019,1,1,261,909,0,"$423,295.90"
35661,7,0,1,12,7,1999,1,0,1197,298,1,"$3,569,832.90"
66612,5,0,1,9,8,2002,1,1,8084,847,1,"$6,664,920.20"
29402,8,0,0,67,3,2003,0,1,866,177,0,"$2,941,520.30"
64937,10,1,0,66,3,2006,1,0,8652,716,0,"$6,498,696.60"
9632,6,1,1,14,4,2015,1,0,8873,812,1,"$975,297.50"
56513,3,1,1,15,3,1995,1,1,3926,941,0,"$5,658,870.50"
76324,1,0,0,22,2,1999,1,1,657,856,0,"$7,634,053.90"
27445,10,0,1,21,4,2016,0,1,4087,625,0,"$2,751,364.60"
86383,9,1,1,23,7,2020,1,1,4136,604,0,"$8,648,031.00"
53822,10,1,0,93,6,2001,0,1,9326,548,0,"$5,394,409.10"
28655,3,1,1,67,9,1994,1,0,4166,134,1,"$2,876,205.40"
86990,10,0,0,37,1,2011,1,0,9084,518,1,"$8,702,130.10"
73553,1,1,0,37,6,2009,0,1,7905,367,0,"$7,362,215.90"
79875,3,0,1,15,10,1996,0,0,4247,458,0,"$7,993,442.60"
70124,1,1,1,31,5,2004,1,0,7515,377,0,"$7,017,698.40"
55992,8,1,1,57,1,1990,0,1,3415,773,1,"$5,608,196.00"
4962,4,0,1,70,2,1998,1,0,1049,301,1,"$503,297.80"
62859,2,1,0,58,3,2015,0,1,3086,514,1,"$6,292,755.50"
63990,3,1,0,46,2,2013,0,0,3981,721,0,"$6,407,670.30"
70041,4,1,1,50,10,2019,0,1,2371,994,1,"$7,009,466.90"
5702,3,0,0,55,4,1995,0,0,8269,643,0,"$576,089.50"
85306,6,0,1,21,4,1996,1,1,209,405,0,"$8,534,440.60"
5378,7,1,1,15,6,1990,0,1,4346,105,1,"$545,933.00"
89549,2,1,1,95,4,2006,1,0,5919,543,1,"$8,967,748.60"
98554,10,1,1,18,10,2007,1,1,744,399,0,"$9,866,707.70"
34946,6,0,1,44,10,1994,0,1,759,789,0,"$3,500,553.40"
97419,2,0,1,87,1,2011,1,1,9372,982,0,"$9,746,318.10"
51796,3,1,1,35,8,1998,0,1,5339,684,0,"$5,189,796.80"
23560,1,1,1,35,3,2000,0,1,3175,274,1,"$2,364,937.00"
27681,7,1,0,78,4,1996,0,1,4611,727,1,"$2,779,327.60"
77385,2,1,1,18,4,2006,0,1,3676,471,0,"$7,743,828.60"
54563,6,0,0,95,4,2002,1,0,1697,150,0,"$5,458,840.20"
73975,3,0,0,50,3,2016,1,1,9415,687,1,"$7,401,901.60"
26268,8,0,1,19,4,2012,1,0,6357,919,0,"$2,631,701.20"
41602,9,0,0,14,3,1999,1,1,4849,219,0,"$4,161,555.90"
66331,8,0,0,24,6,2007,0,0,5073,693,1,"$6,634,006.70"
24386,4,1,1,69,2,2004,0,0,2576,262,0,"$2,443,941.40"
13904,2,1,0,45,1,2010,1,0,1522,677,1,"$1,398,346.00"
2206,2,1,0,46,5,1990,1,0,679,995,1,"$223,821.00"
26017,1,0,0,65,6,1999,0,0,709,950,1,"$2,603,509.90"
40691,9,0,0,73,6,2000,0,0,6388,605,0,"$4,074,610.00"
32413,1,1,0,97,6,2014,1,1,9140,494,1,"$3,252,165.40"
86139,8,0,0,35,6,2001,1,1,913,618,0,"$8,615,540.10"
93351,6,0,0,51,9,1994,1,0,9250,152,0,"$9,338,401.40"
54183,6,0,1,7,3,2000,0,1,6615,209,1,"$5,421,212.00"
3605,2,1,0,22,7,2007,1,0,4145,517,1,"$362,853.70"
39881,9,0,1,40,5,2018,1,0,8863,189,1,"$3,994,434.80"
68399,3,1,1,46,4,2011,0,0,7646,881,0,"$6,851,767.10"
75387,10,1,1,89,3,2008,0,1,850,890,1,"$7,547,628.80"
86986,2,0,0,49,1,2006,0,0,6496,628,0,"$8,701,153.60"
14982,1,1,1,13,5,2002,1,0,1073,720,1,"$1,504,671.20"
5902,5,1,0,100,5,2004,0,0,4156,258,0,"$601,531.40"
16268,8,0,0,32,7,1997,0,0,2484,541,0,"$1,627,917.70"
40506,9,0,0,8,5,2016,0,0,5215,962,0,"$4,051,267.60"
74701,10,0,1,3,3,2001,1,0,3086,839,0,"$7,474,987.10"
19778,9,0,0,96,3,2012,1,1,9320,652,1,"$1,980,095.20"
77226,10,1,0,88,6,2006,1,0,8482,506,1,"$7,730,743.60"
82333,5,0,0,78,7,2007,1,1,7022,566,1,"$8,236,936.70"
37986,1,0,1,40,2,2021,1,1,8355,366,0,"$3,805,643.10"
41330,5,0,1,37,2,1992,0,1,6976,828,0,"$4,139,270.20"
87627,9,1,0,95,9,2015,1,0,2522,735,0,"$8,766,795.50"
31856,3,0,1,13,10,2008,0,0,8440,995,1,"$3,191,751.80"
76480,10,0,1,37,6,2014,0,0,9737,255,1,"$7,651,622.40"
26907,4,1,1,43,3,2003,1,0,1276,248,0,"$2,701,055.30"
45452,8,0,0,15,3,1992,1,1,2811,929,0,"$4,546,984.20"
2475,3,1,1,37,2,2012,1,1,3061,328,0,"$254,501.20"
90996,1,1,1,80,9,1990,0,1,8633,689,0,"$9,112,369.00"
5537,10,0,1,24,6,2012,0,1,3974,762,0,"$560,359.20"
96173,8,1,0,36,7,2015,1,1,837,564,0,"$9,623,811.50"
33545,9,0,1,79,2,2006,1,0,3480,946,1,"$3,361,070.60"
341,1,0,0,8,4,1993,1,1,2366,229,1,"$35,371.30"
21514,4,0,1,11,1,1999,0,0,2584,787,0,"$2,153,602.90"
1726,8,0,1,5,6,2009,0,1,9311,218,0,"$176,425.90"
44403,9,1,1,12,4,1990,0,1,9061,230,0,"$4,448,474.00"
83841,1,0,0,69,10,2005,1,1,8304,345,1,"$8,390,030.50"
59036,4,0,0,96,3,2010,0,1,2590,339,1,"$5,905,107.00"
1440,6,0,0,49,10,1994,1,0,8485,278,1,"$146,708.40"
